run,tag,step,elapsed_s,value
native,perf/effective_batch_size,0,0.0,8.0
native,perf/gpu0_util_pct,0,0.030304908752441406,0.0
native,perf/gpu0_util_pct,0,1.7591781616210938,0.0
native,perf/gpu0_util_pct,0,3.2781219482421875,0.0
native,perf/gpu0_util_pct,0,4.78030252456665,0.0
native,perf/gpu0_util_pct,0,6.282408714294434,0.0
native,perf/gpu0_util_pct,0,7.784358263015747,1.0
native,perf/gpu0_util_pct,1,9.286335468292236,70.0
native,perf/gpu0_util_pct,4,10.78803038597107,100.0
native,perf/gpu0_util_pct,7,12.289966821670532,89.0
native,perf/gpu0_util_pct,10,13.79241132736206,85.0
native,perf/gpu0_util_pct,13,15.294639825820923,97.0
native,perf/gpu0_util_pct,16,16.796872854232788,71.0
native,perf/gpu0_util_pct,19,18.29883646965027,100.0
native,perf/gpu0_util_pct,22,19.800859689712524,87.0
native,perf/gpu0_util_pct,25,21.30275845527649,100.0
native,perf/gpu0_util_pct,28,22.80497670173645,100.0
native,perf/gpu0_util_pct,31,24.30744194984436,100.0
native,perf/gpu0_util_pct,34,25.80939817428589,100.0
native,perf/gpu0_util_pct,37,27.311376571655273,100.0
native,perf/gpu0_util_pct,41,28.812968015670776,100.0
native,perf/gpu0_util_pct,44,30.314476251602173,100.0
native,perf/gpu0_util_pct,47,31.816187143325806,100.0
native,perf/gpu0_util_pct,50,33.3181676864624,81.0
native,perf/gpu0_util_pct,53,34.8199987411499,100.0
native,perf/gpu0_util_pct,56,36.32194423675537,100.0
native,perf/gpu0_util_pct,59,37.824241399765015,76.0
native,perf/gpu0_util_pct,62,39.32632803916931,100.0
native,perf/gpu0_util_pct,65,40.828266859054565,92.0
native,perf/gpu0_util_pct,68,42.330140113830566,100.0
native,perf/gpu0_util_pct,71,43.832255363464355,100.0
native,perf/gpu0_util_pct,74,45.33430504798889,100.0
native,perf/gpu0_util_pct,77,46.836453437805176,100.0
native,perf/gpu0_util_pct,81,48.338151693344116,100.0
native,perf/gpu0_util_pct,84,49.84029221534729,100.0
native,perf/gpu0_util_pct,87,51.34241700172424,100.0
native,perf/gpu0_util_pct,90,52.844773292541504,100.0
native,perf/gpu0_util_pct,93,54.347586154937744,79.0
native,perf/gpu0_util_pct,96,55.849650382995605,100.0
native,perf/gpu0_util_pct,99,57.35144639015198,95.0
native,perf/gpu0_util_pct,102,58.8535270690918,100.0
native,perf/gpu0_util_pct,105,60.35520529747009,100.0
native,perf/gpu0_util_pct,108,61.857123136520386,100.0
native,perf/gpu0_util_pct,111,63.35914397239685,84.0
native,perf/gpu0_util_pct,114,64.8610315322876,100.0
native,perf/gpu0_util_pct,117,66.36330318450928,77.0
native,perf/gpu0_util_pct,120,67.86521744728088,83.0
native,perf/gpu0_util_pct,123,69.36715841293335,100.0
native,perf/gpu0_util_pct,126,70.86909914016724,79.0
native,perf/gpu0_util_pct,129,72.37157583236694,100.0
native,perf/gpu0_util_pct,132,73.87343621253967,100.0
native,perf/gpu0_util_pct,135,75.37534379959106,100.0
native,perf/gpu0_util_pct,139,76.87737011909485,100.0
native,perf/gpu0_util_pct,142,78.3794436454773,100.0
native,perf/gpu0_util_pct,145,79.88106417655945,100.0
native,perf/gpu0_util_pct,148,81.38272762298584,100.0
native,perf/gpu0_util_pct,151,82.88494539260864,100.0
native,perf/gpu0_util_pct,154,84.38709115982056,90.0
native,perf/gpu0_util_pct,157,85.88909029960632,82.0
native,perf/gpu0_util_pct,160,87.39093852043152,100.0
native,perf/gpu0_util_pct,163,88.8927812576294,74.0
native,perf/gpu0_util_pct,166,90.39472103118896,100.0
native,perf/gpu0_util_pct,169,91.89651346206665,96.0
native,perf/gpu0_util_pct,172,93.39848494529724,100.0
native,perf/gpu0_util_pct,175,94.90043020248413,100.0
native,perf/gpu0_util_pct,178,96.40254926681519,100.0
native,perf/gpu0_util_pct,181,97.90440082550049,100.0
native,perf/gpu0_util_pct,184,99.4064781665802,100.0
native,perf/gpu0_util_pct,187,100.9085373878479,100.0
native,perf/gpu0_util_pct,191,102.41091656684875,100.0
native,perf/gpu0_util_pct,194,103.91257619857788,100.0
native,perf/gpu0_util_pct,197,105.4141902923584,100.0
native,perf/gpu0_util_pct,200,106.9174702167511,100.0
native,perf/gpu0_util_pct,202,108.42047667503357,100.0
native,perf/gpu0_util_pct,205,109.92308735847473,100.0
native,perf/gpu0_util_pct,209,111.42534685134888,100.0
native,perf/gpu0_util_pct,212,112.92709469795227,100.0
native,perf/gpu0_util_pct,215,114.4286413192749,100.0
native,perf/gpu0_util_pct,218,115.9307210445404,100.0
native,perf/gpu0_util_pct,221,117.4329195022583,100.0
native,perf/gpu0_util_pct,224,118.9353449344635,100.0
native,perf/gpu0_util_pct,227,120.43733096122742,83.0
native,perf/gpu0_util_pct,230,121.93927478790283,100.0
native,perf/gpu0_util_pct,233,123.44140577316284,66.0
native,perf/gpu0_util_pct,236,124.94344401359558,83.0
native,perf/gpu0_util_pct,239,126.44529390335083,95.0
native,perf/gpu0_util_pct,242,127.94743037223816,77.0
native,perf/gpu0_util_pct,245,129.44940519332886,100.0
native,perf/gpu0_util_pct,248,130.9515368938446,94.0
native,perf/gpu0_util_pct,251,132.45349860191345,100.0
native,perf/gpu0_util_pct,254,133.95552802085876,100.0
native,perf/gpu0_util_pct,257,135.45763087272644,100.0
native,perf/gpu0_util_pct,260,136.95966744422913,100.0
native,perf/gpu0_util_pct,264,138.46159720420837,100.0
native,perf/gpu0_util_pct,267,139.96351885795593,100.0
native,perf/gpu0_util_pct,270,141.46531105041504,100.0
native,perf/gpu0_util_pct,273,142.96944427490234,100.0
native,perf/gpu0_util_pct,276,144.47249937057495,100.0
native,perf/gpu0_util_pct,279,145.9747064113617,100.0
native,perf/gpu0_util_pct,282,147.47682070732117,82.0
native,perf/gpu0_util_pct,285,148.97897267341614,100.0
native,perf/gpu0_util_pct,288,150.48112773895264,67.0
native,perf/gpu0_util_pct,291,151.9833586215973,96.0
native,perf/gpu0_util_pct,294,153.4855010509491,89.0
native,perf/gpu0_util_pct,297,154.9875829219818,79.0
native,perf/gpu0_util_pct,300,156.48959064483643,93.0
native,perf/gpu0_util_pct,303,157.99171113967896,77.0
native,perf/gpu0_util_pct,306,159.4939067363739,100.0
native,perf/gpu0_util_pct,309,160.99621653556824,100.0
native,perf/gpu0_util_pct,312,162.49842286109924,100.0
native,perf/gpu0_util_pct,315,164.00060439109802,100.0
native,perf/gpu0_util_pct,318,165.50275111198425,100.0
native,perf/gpu0_util_pct,321,167.00502943992615,100.0
native,perf/gpu0_util_pct,324,168.50808143615723,100.0
native,perf/gpu0_util_pct,328,170.0124146938324,100.0
native,perf/gpu0_util_pct,331,171.5144510269165,100.0
native,perf/gpu0_util_pct,334,173.0163176059723,100.0
native,perf/gpu0_util_pct,337,174.51836609840393,100.0
native,perf/gpu0_util_pct,340,176.02013325691223,100.0
native,perf/gpu0_util_pct,343,177.52218317985535,81.0
native,perf/gpu0_util_pct,346,179.023992061615,100.0
native,perf/gpu0_util_pct,349,180.52671456336975,84.0
native,perf/gpu0_util_pct,352,182.02861642837524,100.0
native,perf/gpu0_util_pct,355,183.53096437454224,47.0
native,perf/gpu0_util_pct,358,185.0331425666809,100.0
native,perf/gpu0_util_pct,361,186.53483366966248,79.0
native,perf/gpu0_util_pct,364,188.0368263721466,83.0
native,perf/gpu0_util_pct,367,189.53889632225037,100.0
native,perf/gpu0_util_pct,370,191.0410032272339,80.0
native,perf/gpu0_util_pct,373,192.5432047843933,100.0
native,perf/gpu0_util_pct,376,194.04583191871643,91.0
native,perf/gpu0_util_pct,379,195.54813170433044,100.0
native,perf/gpu0_util_pct,382,197.0501480102539,100.0
native,perf/gpu0_util_pct,385,198.55218815803528,100.0
native,perf/gpu0_util_pct,388,200.05444502830505,100.0
native,perf/gpu0_util_pct,391,201.55755758285522,100.0
native,perf/gpu0_util_pct,395,203.06104397773743,100.0
native,perf/gpu0_util_pct,398,204.56277537345886,100.0
native,perf/gpu0_util_pct,400,206.06482195854187,95.0
native,perf/gpu0_util_pct,403,207.5669047832489,100.0
native,perf/gpu0_util_pct,406,209.06936836242676,100.0
native,perf/gpu0_util_pct,410,210.5719349384308,100.0
native,perf/gpu0_util_pct,413,212.07383704185486,100.0
native,perf/gpu0_util_pct,416,213.5755205154419,100.0
native,perf/gpu0_util_pct,419,215.0773594379425,100.0
native,perf/gpu0_util_pct,422,216.58075857162476,100.0
native,perf/gpu0_util_pct,425,218.08282494544983,100.0
native,perf/gpu0_util_pct,428,219.58499765396118,70.0
native,perf/gpu0_util_pct,431,221.08714389801025,100.0
native,perf/gpu0_util_pct,434,222.58938217163086,100.0
native,perf/gpu0_util_pct,437,224.09160089492798,90.0
native,perf/gpu0_util_pct,440,225.59400582313538,100.0
native,perf/gpu0_util_pct,443,227.09613370895386,96.0
native,perf/gpu0_util_pct,446,228.59867000579834,100.0
native,perf/gpu0_util_pct,449,230.10089445114136,100.0
native,perf/gpu0_util_pct,452,231.60312485694885,100.0
native,perf/gpu0_util_pct,455,233.1057093143463,100.0
native,perf/gpu0_util_pct,458,234.6078646183014,100.0
native,perf/gpu0_util_pct,461,236.11008739471436,100.0
native,perf/gpu0_util_pct,465,237.61212372779846,100.0
native,perf/gpu0_util_pct,468,239.1141312122345,100.0
native,perf/gpu0_util_pct,471,240.61614274978638,100.0
native,perf/gpu0_util_pct,474,242.11926436424255,100.0
native,perf/gpu0_util_pct,477,243.62376475334167,86.0
native,perf/gpu0_util_pct,480,245.12593054771423,100.0
native,perf/gpu0_util_pct,483,246.6280369758606,81.0
native,perf/gpu0_util_pct,486,248.13025617599487,91.0
native,perf/gpu0_util_pct,489,249.63243627548218,100.0
native,perf/gpu0_util_pct,492,251.1345853805542,79.0
native,perf/gpu0_util_pct,495,252.6368808746338,100.0
native,perf/gpu0_util_pct,498,254.13906073570251,100.0
native,perf/gpu0_util_pct,501,255.64126300811768,92.0
native,perf/gpu0_util_pct,504,257.1436016559601,79.0
native,perf/gpu0_util_pct,507,258.64603972435,100.0
native,perf/gpu0_util_pct,510,260.1481318473816,100.0
native,perf/gpu0_util_pct,513,261.65085792541504,100.0
native,perf/gpu0_util_pct,516,263.1530475616455,100.0
native,perf/gpu0_util_pct,519,264.6555037498474,100.0
native,perf/gpu0_util_pct,523,266.1600031852722,100.0
native,perf/gpu0_util_pct,526,267.66229486465454,100.0
native,perf/gpu0_util_pct,529,269.16440653800964,100.0
native,perf/gpu0_util_pct,532,270.6663398742676,88.0
native,perf/gpu0_util_pct,535,272.1682975292206,100.0
native,perf/gpu0_util_pct,538,273.670462846756,77.0
native,perf/gpu0_util_pct,541,275.1723463535309,100.0
native,perf/gpu0_util_pct,544,276.6742970943451,69.0
native,perf/gpu0_util_pct,547,278.17651200294495,100.0
native,perf/gpu0_util_pct,550,279.67848777770996,78.0
native,perf/gpu0_util_pct,553,281.18048620224,80.0
native,perf/gpu0_util_pct,556,282.6824040412903,98.0
native,perf/gpu0_util_pct,559,284.1846213340759,79.0
native,perf/gpu0_util_pct,562,285.68663215637207,100.0
native,perf/gpu0_util_pct,565,287.1886205673218,95.0
native,perf/gpu0_util_pct,568,288.6908133029938,100.0
native,perf/gpu0_util_pct,571,290.19300985336304,100.0
native,perf/gpu0_util_pct,574,291.695353269577,100.0
native,perf/gpu0_util_pct,577,293.19749999046326,100.0
native,perf/gpu0_util_pct,580,294.699609041214,100.0
native,perf/gpu0_util_pct,583,296.2016661167145,100.0
native,perf/gpu0_util_pct,586,297.7038378715515,100.0
native,perf/gpu0_util_pct,590,299.2059853076935,100.0
native,perf/gpu0_util_pct,593,300.709591627121,100.0
native,perf/gpu0_util_pct,596,302.2113254070282,100.0
native,perf/gpu0_util_pct,599,303.71310901641846,100.0
native,perf/gpu0_util_pct,601,305.2152099609375,100.0
native,perf/gpu0_util_pct,604,306.71743178367615,100.0
native,perf/gpu0_util_pct,607,308.2194449901581,100.0
native,perf/gpu0_util_pct,610,309.7234740257263,100.0
native,perf/gpu0_util_pct,613,311.2255394458771,100.0
native,perf/gpu0_util_pct,617,312.730019569397,100.0
native,perf/gpu0_util_pct,620,314.23170590400696,100.0
native,perf/gpu0_util_pct,623,315.7335271835327,100.0
native,perf/gpu0_util_pct,626,317.23538088798523,100.0
native,perf/gpu0_util_pct,629,318.73714661598206,84.0
native,perf/gpu0_util_pct,632,320.23905777931213,100.0
native,perf/gpu0_util_pct,635,321.74102663993835,72.0
native,perf/gpu0_util_pct,638,323.24288296699524,100.0
native,perf/gpu0_util_pct,641,324.7448365688324,68.0
native,perf/gpu0_util_pct,644,326.24690198898315,74.0
native,perf/gpu0_util_pct,647,327.748815536499,100.0
native,perf/gpu0_util_pct,650,329.25096130371094,94.0
native,perf/gpu0_util_pct,653,330.7533950805664,100.0
native,perf/gpu0_util_pct,656,332.2553539276123,100.0
native,perf/gpu0_util_pct,659,333.7573826313019,100.0
native,perf/gpu0_util_pct,662,335.25937843322754,100.0
native,perf/gpu0_util_pct,665,336.76156282424927,100.0
native,perf/gpu0_util_pct,668,338.263631105423,100.0
native,perf/gpu0_util_pct,671,339.766095161438,100.0
native,perf/gpu0_util_pct,674,341.26819705963135,100.0
native,perf/gpu0_util_pct,677,342.77039098739624,100.0
native,perf/gpu0_util_pct,680,344.2726306915283,100.0
native,perf/gpu0_util_pct,683,345.7759635448456,100.0
native,perf/gpu0_util_pct,687,347.2777545452118,100.0
native,perf/gpu0_util_pct,690,348.77935004234314,100.0
native,perf/gpu0_util_pct,693,350.28109431266785,100.0
native,perf/gpu0_util_pct,696,351.78329730033875,83.0
native,perf/gpu0_util_pct,699,353.2854540348053,100.0
native,perf/gpu0_util_pct,701,354.78761887550354,100.0
native,perf/gpu0_util_pct,704,356.2899820804596,100.0
native,perf/gpu0_util_pct,708,357.7923696041107,100.0
native,perf/gpu0_util_pct,711,359.29403948783875,100.0
native,perf/gpu0_util_pct,714,360.79583621025085,100.0
native,perf/gpu0_util_pct,717,362.29761838912964,100.0
native,perf/gpu0_util_pct,720,363.79989361763,100.0
native,perf/gpu0_util_pct,723,365.30159521102905,100.0
native,perf/gpu0_util_pct,726,366.8034315109253,100.0
native,perf/gpu0_util_pct,729,368.3054304122925,100.0
native,perf/gpu0_util_pct,732,369.80727314949036,100.0
native,perf/gpu0_util_pct,735,371.30959916114807,83.0
native,perf/gpu0_util_pct,738,372.8119099140167,100.0
native,perf/gpu0_util_pct,741,374.314204454422,100.0
native,perf/gpu0_util_pct,744,375.81637048721313,94.0
native,perf/gpu0_util_pct,747,377.31859588623047,100.0
native,perf/gpu0_util_pct,750,378.8207869529724,100.0
native,perf/gpu0_util_pct,753,380.32305335998535,100.0
native,perf/gpu0_util_pct,756,381.82530212402344,100.0
native,perf/gpu0_util_pct,759,383.32756638526917,100.0
native,perf/gpu0_util_pct,762,384.82997393608093,100.0
native,perf/gpu0_util_pct,766,386.3321762084961,100.0
native,perf/gpu0_util_pct,769,387.83403515815735,100.0
native,perf/gpu0_util_pct,772,389.3365170955658,100.0
native,perf/gpu0_util_pct,775,390.83898425102234,100.0
native,perf/gpu0_util_pct,778,392.341206073761,78.0
native,perf/gpu0_util_pct,781,393.84630155563354,100.0
native,perf/gpu0_util_pct,784,395.34847688674927,89.0
native,perf/gpu0_util_pct,787,396.8508653640747,84.0
native,perf/gpu0_util_pct,790,398.3532438278198,100.0
native,perf/gpu0_util_pct,793,399.8555483818054,79.0
native,perf/gpu0_util_pct,796,401.3579652309418,100.0
native,perf/gpu0_util_pct,799,402.8605487346649,100.0
native,perf/gpu0_util_pct,802,404.363210439682,90.0
native,perf/gpu0_util_pct,805,405.865371465683,84.0
native,perf/gpu0_util_pct,808,407.3677182197571,100.0
native,perf/gpu0_util_pct,811,408.8700020313263,80.0
native,perf/gpu0_util_pct,814,410.37232756614685,100.0
native,perf/gpu0_util_pct,817,411.87459087371826,100.0
native,perf/gpu0_util_pct,820,413.3769676685333,100.0
native,perf/gpu0_util_pct,823,414.87929677963257,100.0
native,perf/gpu0_util_pct,827,416.38124895095825,100.0
native,perf/gpu0_util_pct,830,417.8829700946808,100.0
native,perf/gpu0_util_pct,833,419.3847448825836,100.0
native,perf/gpu0_util_pct,836,420.8879945278168,100.0
native,perf/gpu0_util_pct,839,422.3925247192383,100.0
native,perf/gpu0_util_pct,842,423.89445543289185,100.0
native,perf/gpu0_util_pct,845,425.39650678634644,87.0
native,perf/gpu0_util_pct,848,426.8985550403595,100.0
native,perf/gpu0_util_pct,851,428.4006254673004,80.0
native,perf/gpu0_util_pct,854,429.90280389785767,77.0
native,perf/gpu0_util_pct,857,431.40486097335815,100.0
native,perf/gpu0_util_pct,860,432.90691685676575,90.0
native,perf/gpu0_util_pct,863,434.4096236228943,100.0
native,perf/gpu0_util_pct,866,435.9118700027466,100.0
native,perf/gpu0_util_pct,869,437.4138789176941,100.0
native,perf/gpu0_util_pct,872,438.91602969169617,100.0
native,perf/gpu0_util_pct,875,440.42419171333313,100.0
native,perf/gpu0_util_pct,878,441.92654609680176,100.0
native,perf/gpu0_util_pct,881,443.4288122653961,100.0
native,perf/gpu0_util_pct,884,444.93093085289,100.0
native,perf/gpu0_util_pct,887,446.43303751945496,100.0
native,perf/gpu0_util_pct,890,447.93595027923584,100.0
native,perf/gpu0_util_pct,894,449.4380552768707,100.0
native,perf/gpu0_util_pct,897,450.9401116371155,100.0
native,perf/gpu0_util_pct,900,452.44264793395996,100.0
native,perf/gpu0_util_pct,902,453.9448239803314,82.0
native,perf/gpu0_util_pct,905,455.4470238685608,100.0
native,perf/gpu0_util_pct,908,456.9492483139038,100.0
native,perf/gpu0_util_pct,911,458.4517869949341,100.0
native,perf/gpu0_util_pct,914,459.9539432525635,100.0
native,perf/gpu0_util_pct,917,461.4565079212189,100.0
native,perf/gpu0_util_pct,921,462.9585528373718,100.0
native,perf/gpu0_util_pct,924,464.46050667762756,100.0
native,perf/gpu0_util_pct,927,465.96248984336853,100.0
native,perf/gpu0_util_pct,930,467.46461939811707,100.0
native,perf/gpu0_util_pct,933,468.96663761138916,100.0
native,perf/gpu0_util_pct,936,470.46875166893005,85.0
native,perf/gpu0_util_pct,939,471.970956325531,100.0
native,perf/gpu0_util_pct,942,473.4731388092041,83.0
native,perf/gpu0_util_pct,945,474.9753029346466,85.0
native,perf/gpu0_util_pct,948,476.4774148464203,100.0
native,perf/gpu0_util_pct,951,477.9795632362366,74.0
native,perf/gpu0_util_pct,954,479.48158836364746,100.0
native,perf/gpu0_util_pct,957,480.98382234573364,94.0
native,perf/gpu0_util_pct,960,482.4868938922882,100.0
native,perf/gpu0_util_pct,963,483.98933029174805,100.0
native,perf/gpu0_util_pct,967,485.49633049964905,100.0
native,perf/gpu0_util_pct,970,486.998153924942,100.0
native,perf/gpu0_util_pct,973,488.500066280365,100.0
native,perf/gpu0_util_pct,976,490.00221967697144,83.0
native,perf/gpu0_util_pct,979,491.5042493343353,100.0
native,perf/gpu0_util_pct,982,493.0064034461975,72.0
native,perf/gpu0_util_pct,985,494.5084459781647,79.0
native,perf/gpu0_util_pct,988,496.0106110572815,94.0
native,perf/gpu0_util_pct,991,497.5127773284912,84.0
native,perf/gpu0_util_pct,994,499.0149154663086,98.0
native,perf/gpu0_util_pct,997,500.5168869495392,77.0
native,perf/gpu0_util_pct,999,502.0268278121948,3.0
native,perf/gpu0_util_pct,999,503.53128480911255,5.0
native,perf/gpu0_util_pct,999,505.040568113327,5.0
native,perf/gpu0_util_pct,999,506.5467002391815,4.0
native,perf/gpu0_util_pct,999,508.0568161010742,3.0
native,perf/gpu0_util_pct,999,509.56123089790344,4.0
native,perf/gpu0_util_pct,999,511.06640696525574,5.0
native,perf/gpu0_util_pct,999,512.573084115982,3.0
native,perf/gpu0_util_pct,999,514.0771465301514,5.0
native,perf/gpu0_util_pct,999,515.581152677536,4.0
native,perf/gpu0_util_pct,999,517.0857281684875,4.0
native,perf/gpu0_util_pct,999,518.5956416130066,4.0
native,perf/gpu0_util_pct,999,520.1081187725067,4.0
native,perf/gpu0_util_pct,999,521.6133704185486,4.0
native,perf/gpu0_util_pct,999,523.1382427215576,5.0
native,perf/gpu0_util_pct,999,524.6429166793823,5.0
native,perf/gpu0_util_pct,999,526.149341583252,4.0
native,perf/gpu0_util_pct,999,527.656035900116,4.0
native,perf/gpu0_util_pct,999,529.1640014648438,5.0
native,perf/data_wait_s,0,8.666869401931763,0.014218885451555252
native,perf/data_wait_s,100,57.80995965003967,0.011757206171751022
native,perf/data_wait_s,200,106.98649573326111,0.01181933656334877
native,perf/data_wait_s,300,156.29072332382202,0.012176107615232468
native,perf/data_wait_s,400,205.68380546569824,0.012277700938284397
native,perf/data_wait_s,500,254.89774370193481,0.011777665466070175
native,perf/data_wait_s,600,304.33747386932373,0.012773842550814152
native,perf/data_wait_s,700,353.8225269317627,0.013159843161702156
native,perf/data_wait_s,800,403.1368725299835,0.012717497535049915
native,perf/data_wait_s,900,452.6327443122864,0.012154205702245235
native,perf/compute_s,0,8.666876554489136,8.63082218170166
native,perf/compute_s,100,57.809967279434204,0.47719332575798035
native,perf/compute_s,200,106.9865026473999,0.4779769480228424
native,perf/compute_s,300,156.29073071479797,0.47901996970176697
native,perf/compute_s,400,205.68381309509277,0.47966888546943665
native,perf/compute_s,500,254.89775133132935,0.4784621000289917
native,perf/compute_s,600,304.3374807834625,0.47919031977653503
native,perf/compute_s,700,353.8225338459015,0.4795750379562378
native,perf/compute_s,800,403.1368820667267,0.4783625304698944
native,perf/compute_s,900,452.6327519416809,0.4802738428115845
native,perf/samples_per_sec,0,8.666889190673828,0.9233109354972839
native,perf/samples_per_sec,100,57.80998086929321,16.279035568237305
native,perf/samples_per_sec,200,106.98651480674744,16.267993927001953
native,perf/samples_per_sec,300,156.2907440662384,16.226022720336914
native,perf/samples_per_sec,400,205.68382692337036,16.196720123291016
native,perf/samples_per_sec,500,254.8977656364441,16.255725860595703
native,perf/samples_per_sec,600,304.3374922275543,16.181522369384766
native,perf/samples_per_sec,700,353.82254552841187,16.167593002319336
native,perf/samples_per_sec,800,403.1369004249573,16.22245216369629
native,perf/samples_per_sec,900,452.6327648162842,16.163131713867188
native,perf/checkpoint_save_s,999,529.4683690071106,28.222991943359375
ray,perf/effective_batch_size,0,0.0,16.0
ray,perf/gpu_util_pct,0,0.014689207077026367,0.0
ray,perf/gpu_util_pct,0,1.5185012817382812,0.0
ray,perf/gpu_util_pct,0,3.0222835540771484,0.0
ray,perf/gpu_util_pct,0,4.526272773742676,0.0
ray,perf/gpu_util_pct,0,6.0306806564331055,0.0
ray,perf/gpu_util_pct,0,7.534682750701904,0.0
ray,perf/gpu_util_pct,0,9.038541316986084,0.0
ray,perf/gpu_util_pct,0,10.542665958404541,0.0
ray,perf/gpu_util_pct,0,12.049947500228882,0.0
ray,perf/gpu_util_pct,0,13.557043313980103,0.0
ray,perf/gpu_util_pct,0,15.063825845718384,0.0
ray,perf/gpu_util_pct,0,16.568753480911255,0.0
ray,perf/gpu_util_pct,0,18.107033252716064,1.0
ray,perf/gpu_util_pct,0,19.614399671554565,17.0
ray,perf/gpu_util_pct,0,21.120683908462524,6.0
ray,perf/gpu_util_pct,1,22.634347200393677,1.0
ray,perf/gpu_util_pct,1,24.138320207595825,97.0
ray,perf/gpu_util_pct,2,25.645554542541504,91.0
ray,perf/gpu_util_pct,3,27.15777015686035,95.0
ray,perf/gpu_util_pct,4,28.674472332000732,100.0
ray,perf/gpu_util_pct,5,30.179210662841797,62.0
ray,perf/gpu_util_pct,6,31.68368911743164,100.0
ray,perf/gpu_util_pct,7,33.21647763252258,87.0
ray,perf/gpu_util_pct,8,34.79211187362671,100.0
ray,perf/gpu_util_pct,9,36.384263038635254,100.0
ray,perf/gpu_util_pct,10,37.890822887420654,100.0
ray,perf/gpu_util_pct,11,39.39819407463074,100.0
ray,perf/gpu_util_pct,12,41.03505992889404,100.0
ray,perf/gpu_util_pct,14,42.55886793136597,100.0
ray,perf/gpu_util_pct,15,44.06222319602966,82.0
ray,perf/gpu_util_pct,16,45.66311049461365,100.0
ray,perf/gpu_util_pct,17,47.319369316101074,100.0
ray,perf/gpu_util_pct,19,48.82296586036682,100.0
ray,perf/gpu_util_pct,20,50.4071729183197,27.0
ray,perf/gpu_util_pct,21,51.91136169433594,82.0
ray,perf/gpu_util_pct,22,53.567232608795166,90.0
ray,perf/gpu_util_pct,23,55.13820195198059,100.0
ray,perf/gpu_util_pct,25,56.66151475906372,100.0
ray,perf/gpu_util_pct,26,58.16499614715576,100.0
ray,perf/gpu_util_pct,27,59.668071031570435,97.0
ray,perf/gpu_util_pct,28,61.19972848892212,86.0
ray,perf/gpu_util_pct,29,62.78927183151245,100.0
ray,perf/gpu_util_pct,30,64.29297733306885,100.0
ray,perf/gpu_util_pct,31,65.84646821022034,100.0
ray,perf/gpu_util_pct,33,67.35069465637207,100.0
ray,perf/gpu_util_pct,34,68.85411524772644,93.0
ray,perf/gpu_util_pct,35,70.4740469455719,100.0
ray,perf/gpu_util_pct,36,71.97833561897278,64.0
ray,perf/gpu_util_pct,37,73.52675294876099,100.0
ray,perf/gpu_util_pct,38,75.22214460372925,100.0
ray,perf/gpu_util_pct,40,76.72563767433167,93.0
ray,perf/gpu_util_pct,41,78.35981941223145,89.0
ray,perf/gpu_util_pct,42,79.97714829444885,100.0
ray,perf/gpu_util_pct,44,81.48140358924866,100.0
ray,perf/gpu_util_pct,45,83.07336592674255,64.0
ray,perf/gpu_util_pct,46,84.57808637619019,90.0
ray,perf/gpu_util_pct,47,86.098384141922,100.0
ray,perf/gpu_util_pct,48,87.64810347557068,100.0
ray,perf/gpu_util_pct,49,89.22392916679382,100.0
ray,perf/gpu_util_pct,51,90.72718691825867,100.0
ray,perf/gpu_util_pct,52,92.23041939735413,100.0
ray,perf/gpu_util_pct,53,93.7339174747467,43.0
ray,perf/gpu_util_pct,54,95.35125803947449,100.0
ray,perf/gpu_util_pct,55,96.9491171836853,100.0
ray,perf/gpu_util_pct,56,98.45266962051392,100.0
ray,perf/gpu_util_pct,57,99.95984101295471,100.0
ray,perf/gpu_util_pct,59,101.46344876289368,95.0
ray,perf/gpu_util_pct,60,102.96683692932129,100.0
ray,perf/gpu_util_pct,61,104.53201246261597,100.0
ray,perf/gpu_util_pct,62,106.13338351249695,100.0
ray,perf/gpu_util_pct,63,107.63693165779114,100.0
ray,perf/gpu_util_pct,64,109.2834153175354,100.0
ray,perf/gpu_util_pct,66,110.78636169433594,100.0
ray,perf/gpu_util_pct,67,112.30258512496948,100.0
ray,perf/gpu_util_pct,68,113.80616164207458,100.0
ray,perf/gpu_util_pct,69,115.35527849197388,100.0
ray,perf/gpu_util_pct,70,116.93175935745239,100.0
ray,perf/gpu_util_pct,72,118.43552923202515,100.0
ray,perf/gpu_util_pct,73,119.93884181976318,90.0
ray,perf/gpu_util_pct,74,121.44308114051819,100.0
ray,perf/gpu_util_pct,75,122.94651460647583,97.0
ray,perf/gpu_util_pct,76,124.51840376853943,100.0
ray,perf/gpu_util_pct,77,126.10798716545105,100.0
ray,perf/gpu_util_pct,79,127.611483335495,100.0
ray,perf/gpu_util_pct,80,129.11497163772583,99.0
ray,perf/gpu_util_pct,81,130.61862587928772,86.0
ray,perf/gpu_util_pct,82,132.27796745300293,100.0
ray,perf/gpu_util_pct,83,133.8830108642578,100.0
ray,perf/gpu_util_pct,84,135.38620328903198,100.0
ray,perf/gpu_util_pct,86,136.89316654205322,100.0
ray,perf/gpu_util_pct,87,138.39654302597046,89.0
ray,perf/gpu_util_pct,88,139.89994978904724,97.0
ray,perf/gpu_util_pct,89,141.4364628791809,100.0
ray,perf/gpu_util_pct,90,143.02273154258728,100.0
ray,perf/gpu_util_pct,91,144.75102353096008,100.0
ray,perf/gpu_util_pct,93,146.25511860847473,90.0
ray,perf/gpu_util_pct,94,147.8470389842987,87.0
ray,perf/gpu_util_pct,95,149.54323625564575,100.0
ray,perf/gpu_util_pct,96,151.17396569252014,100.0
ray,perf/gpu_util_pct,98,152.68183612823486,100.0
ray,perf/gpu_util_pct,99,154.18826127052307,87.0
ray,perf/gpu_util_pct,100,155.69682621955872,0.0
ray,perf/gpu_util_pct,100,157.20839881896973,0.0
ray,perf/gpu_util_pct,100,158.71606922149658,100.0
ray,perf/gpu_util_pct,100,160.222993850708,86.0
ray,perf/gpu_util_pct,100,161.7308783531189,97.0
ray,perf/gpu_util_pct,100,163.23479080200195,100.0
ray,perf/gpu_util_pct,100,164.74394035339355,97.0
ray,perf/gpu_util_pct,100,166.24788546562195,100.0
ray,perf/gpu_util_pct,100,167.75350069999695,91.0
ray,perf/gpu_util_pct,100,169.25773000717163,97.0
ray,perf/gpu_util_pct,100,170.78156518936157,92.0
ray,perf/gpu_util_pct,100,172.28916454315186,97.0
ray,perf/gpu_util_pct,100,173.79481387138367,3.0
ray,perf/gpu_util_pct,100,175.30698704719543,2.0
ray,perf/gpu_util_pct,100,176.82282996177673,2.0
ray,perf/gpu_util_pct,100,178.32656073570251,2.0
ray,perf/gpu_util_pct,100,179.8367919921875,2.0
ray,perf/gpu_util_pct,100,181.34162282943726,4.0
ray,perf/gpu_util_pct,100,182.84496450424194,2.0
ray,perf/gpu_util_pct,100,184.35233998298645,2.0
ray,perf/gpu_util_pct,100,185.8641595840454,4.0
ray,perf/gpu_util_pct,100,187.36833834648132,2.0
ray,perf/gpu_util_pct,100,188.87203073501587,1.0
ray,perf/gpu_util_pct,100,190.37615156173706,2.0
ray,perf/gpu_util_pct,100,191.88035249710083,1.0
ray,perf/gpu_util_pct,100,193.38801097869873,2.0
ray,perf/gpu_util_pct,100,194.89724802970886,1.0
ray,perf/gpu_util_pct,100,196.40350723266602,2.0
ray,perf/gpu_util_pct,100,197.908451795578,2.0
ray,perf/gpu_util_pct,100,199.948086977005,0.0
ray,perf/gpu_util_pct,100,201.4871015548706,100.0
ray,perf/gpu_util_pct,101,202.99785232543945,36.0
ray,perf/gpu_util_pct,102,204.53781652450562,78.0
ray,perf/gpu_util_pct,103,206.0418884754181,41.0
ray,perf/gpu_util_pct,104,207.54677939414978,0.0
ray,perf/gpu_util_pct,104,209.0675916671753,100.0
ray,perf/gpu_util_pct,105,210.5771143436432,100.0
ray,perf/gpu_util_pct,106,212.0808665752411,100.0
ray,perf/gpu_util_pct,107,214.13431477546692,0.0
ray,perf/gpu_util_pct,108,215.66996121406555,82.0
ray,perf/gpu_util_pct,109,217.3155882358551,91.0
ray,perf/gpu_util_pct,110,218.8242483139038,88.0
ray,perf/gpu_util_pct,111,220.33503675460815,91.0
ray,perf/gpu_util_pct,112,221.96403646469116,0.0
ray,perf/gpu_util_pct,113,223.4684293270111,67.0
ray,perf/gpu_util_pct,114,225.62086844444275,0.0
ray,perf/gpu_util_pct,114,227.22669529914856,100.0
ray,perf/gpu_util_pct,115,228.73022150993347,100.0
ray,perf/gpu_util_pct,117,230.23761749267578,100.0
ray,perf/gpu_util_pct,118,231.74647855758667,100.0
ray,perf/gpu_util_pct,119,233.25007271766663,91.0
ray,perf/gpu_util_pct,120,234.9045889377594,100.0
ray,perf/gpu_util_pct,121,236.40852308273315,100.0
ray,perf/gpu_util_pct,122,237.98290133476257,100.0
ray,perf/gpu_util_pct,123,239.4867067337036,100.0
ray,perf/gpu_util_pct,125,241.09094214439392,89.0
ray,perf/gpu_util_pct,126,242.6739695072174,90.0
ray,perf/gpu_util_pct,127,244.20806980133057,89.0
ray,perf/gpu_util_pct,128,245.71201515197754,100.0
ray,perf/gpu_util_pct,129,247.2159879207611,100.0
ray,perf/gpu_util_pct,130,248.83053016662598,100.0
ray,perf/gpu_util_pct,132,250.3340449333191,100.0
ray,perf/gpu_util_pct,133,251.83762645721436,100.0
ray,perf/gpu_util_pct,134,253.45606112480164,100.0
ray,perf/gpu_util_pct,135,255.1753613948822,100.0
ray,perf/gpu_util_pct,137,256.67852687835693,100.0
ray,perf/gpu_util_pct,138,258.1817090511322,100.0
ray,perf/gpu_util_pct,139,259.68554520606995,40.0
ray,perf/gpu_util_pct,140,261.2101447582245,100.0
ray,perf/gpu_util_pct,141,262.78166365623474,100.0
ray,perf/gpu_util_pct,143,264.2848250865936,100.0
ray,perf/gpu_util_pct,144,265.7916600704193,100.0
ray,perf/gpu_util_pct,145,267.29553413391113,99.0
ray,perf/gpu_util_pct,146,268.8413155078888,95.0
ray,perf/gpu_util_pct,147,270.43521213531494,100.0
ray,perf/gpu_util_pct,148,272.096337556839,100.0
ray,perf/gpu_util_pct,150,273.606684923172,100.0
ray,perf/gpu_util_pct,151,275.11061549186707,84.0
ray,perf/gpu_util_pct,152,276.7544322013855,89.0
ray,perf/gpu_util_pct,153,278.33006048202515,100.0
ray,perf/gpu_util_pct,154,279.9037148952484,100.0
ray,perf/gpu_util_pct,156,281.40732407569885,100.0
ray,perf/gpu_util_pct,157,282.9717798233032,85.0
ray,perf/gpu_util_pct,158,284.4768064022064,100.0
ray,perf/gpu_util_pct,159,286.00054121017456,100.0
ray,perf/gpu_util_pct,160,287.5869736671448,100.0
ray,perf/gpu_util_pct,161,289.10399770736694,100.0
ray,perf/gpu_util_pct,163,290.60770654678345,100.0
ray,perf/gpu_util_pct,164,292.1115081310272,95.0
ray,perf/gpu_util_pct,165,293.61821722984314,39.0
ray,perf/gpu_util_pct,166,295.1622874736786,87.0
ray,perf/gpu_util_pct,167,296.8030755519867,100.0
ray,perf/gpu_util_pct,169,298.30713748931885,100.0
ray,perf/gpu_util_pct,170,299.81337881088257,100.0
ray,perf/gpu_util_pct,171,301.3168840408325,93.0
ray,perf/gpu_util_pct,172,302.95015001296997,90.0
ray,perf/gpu_util_pct,173,304.4543752670288,100.0
ray,perf/gpu_util_pct,174,306.0178008079529,100.0
ray,perf/gpu_util_pct,176,307.52118492126465,100.0
ray,perf/gpu_util_pct,177,309.02453899383545,100.0
ray,perf/gpu_util_pct,178,310.67134737968445,100.0
ray,perf/gpu_util_pct,179,312.2559027671814,100.0
ray,perf/gpu_util_pct,181,313.76381373405457,100.0
ray,perf/gpu_util_pct,182,315.37474179267883,91.0
ray,perf/gpu_util_pct,183,316.9724233150482,96.0
ray,perf/gpu_util_pct,184,318.54962134361267,100.0
ray,perf/gpu_util_pct,185,320.06593585014343,100.0
ray,perf/gpu_util_pct,187,321.7607283592224,100.0
ray,perf/gpu_util_pct,188,323.26410722732544,92.0
ray,perf/gpu_util_pct,189,324.79449820518494,100.0
ray,perf/gpu_util_pct,190,326.4330871105194,100.0
ray,perf/gpu_util_pct,191,328.04393339157104,100.0
ray,perf/gpu_util_pct,193,329.5522310733795,100.0
ray,perf/gpu_util_pct,194,331.0560908317566,82.0
ray,perf/gpu_util_pct,195,332.6310076713562,100.0
ray,perf/gpu_util_pct,196,334.23045110702515,100.0
ray,perf/gpu_util_pct,197,335.80584359169006,100.0
ray,perf/gpu_util_pct,199,337.3096354007721,100.0
ray,perf/gpu_util_pct,200,338.8133325576782,100.0
ray,perf/gpu_util_pct,200,340.3200409412384,0.0
ray,perf/gpu_util_pct,200,341.82516622543335,91.0
ray,perf/gpu_util_pct,200,343.3302791118622,97.0
ray,perf/gpu_util_pct,200,344.83396005630493,89.0
ray,perf/gpu_util_pct,200,346.3424482345581,95.0
ray,perf/gpu_util_pct,200,347.8473415374756,100.0
ray,perf/gpu_util_pct,200,349.3524146080017,90.0
ray,perf/gpu_util_pct,200,350.8707549571991,100.0
ray,perf/gpu_util_pct,200,352.3750898838043,91.0
ray,perf/gpu_util_pct,200,353.9034035205841,98.0
ray,perf/gpu_util_pct,200,355.4087538719177,100.0
ray,perf/gpu_util_pct,200,356.9142427444458,7.0
ray,perf/gpu_util_pct,200,358.42439818382263,0.0
ray,perf/gpu_util_pct,200,359.9274182319641,3.0
ray,perf/gpu_util_pct,200,361.43177914619446,3.0
ray,perf/gpu_util_pct,200,362.9437577724457,3.0
ray,perf/gpu_util_pct,200,364.4469931125641,4.0
ray,perf/gpu_util_pct,200,365.9515404701233,4.0
ray,perf/gpu_util_pct,200,367.45632553100586,4.0
ray,perf/gpu_util_pct,200,368.99865651130676,0.0
ray,perf/gpu_util_pct,200,370.508172750473,3.0
ray,perf/gpu_util_pct,200,372.019323348999,3.0
ray,perf/gpu_util_pct,200,373.5223066806793,3.0
ray,perf/gpu_util_pct,200,375.0257179737091,3.0
ray,perf/gpu_util_pct,200,376.53659200668335,3.0
ray,perf/gpu_util_pct,200,378.0443139076233,3.0
ray,perf/gpu_util_pct,200,379.5545222759247,1.0
ray,perf/gpu_util_pct,200,381.06247210502625,4.0
ray,perf/gpu_util_pct,200,383.06974625587463,0.0
ray,perf/gpu_util_pct,200,384.7847056388855,0.0
ray,perf/gpu_util_pct,200,386.3234329223633,0.0
ray,perf/gpu_util_pct,200,387.83035945892334,0.0
ray,perf/gpu_util_pct,200,389.33853554725647,0.0
ray,perf/gpu_util_pct,200,391.06565380096436,0.0
ray,perf/gpu_util_pct,200,392.60746932029724,0.0
ray,perf/gpu_util_pct,200,394.12742853164673,0.0
ray,perf/gpu_util_pct,200,395.6481409072876,0.0
ray,perf/gpu_util_pct,200,397.1588623523712,57.0
ray,perf/gpu_util_pct,200,399.5211355686188,0.0
ray,perf/gpu_util_pct,201,401.09125328063965,100.0
ray,perf/gpu_util_pct,202,402.6941080093384,100.0
ray,perf/gpu_util_pct,204,404.19766545295715,100.0
ray,perf/gpu_util_pct,205,405.7018368244171,100.0
ray,perf/gpu_util_pct,206,407.20603370666504,89.0
ray,perf/gpu_util_pct,207,408.71035599708557,91.0
ray,perf/gpu_util_pct,208,410.2141489982605,85.0
ray,perf/gpu_util_pct,209,411.8478207588196,51.0
ray,perf/gpu_util_pct,210,413.4810655117035,100.0
ray,perf/gpu_util_pct,212,414.9851965904236,100.0
ray,perf/gpu_util_pct,212,416.52757811546326,100.0
ray,perf/gpu_util_pct,214,418.0307457447052,100.0
ray,perf/gpu_util_pct,215,419.568195104599,0.0
ray,perf/gpu_util_pct,216,421.1277723312378,87.0
ray,perf/gpu_util_pct,217,422.69016003608704,100.0
ray,perf/gpu_util_pct,218,424.19484066963196,100.0
ray,perf/gpu_util_pct,220,425.69795083999634,100.0
ray,perf/gpu_util_pct,221,427.20164728164673,100.0
ray,perf/gpu_util_pct,222,428.70809864997864,96.0
ray,perf/gpu_util_pct,223,430.252459526062,0.0
ray,perf/gpu_util_pct,224,431.8858525753021,88.0
ray,perf/gpu_util_pct,225,433.5168135166168,100.0
ray,perf/gpu_util_pct,227,435.02063488960266,100.0
ray,perf/gpu_util_pct,228,436.5248513221741,91.0
ray,perf/gpu_util_pct,229,438.18813586235046,100.0
ray,perf/gpu_util_pct,230,439.7582347393036,100.0
ray,perf/gpu_util_pct,231,441.3362398147583,100.0
ray,perf/gpu_util_pct,232,442.940083026886,100.0
ray,perf/gpu_util_pct,234,444.4490604400635,100.0
ray,perf/gpu_util_pct,235,445.9549686908722,100.0
ray,perf/gpu_util_pct,236,447.6158285140991,100.0
ray,perf/gpu_util_pct,237,449.2110376358032,100.0
ray,perf/gpu_util_pct,238,450.9693465232849,100.0
ray,perf/gpu_util_pct,240,452.47358679771423,88.0
ray,perf/gpu_util_pct,241,453.9770932197571,89.0
ray,perf/gpu_util_pct,242,455.48063230514526,90.0
ray,perf/gpu_util_pct,243,457.1048560142517,100.0
ray,perf/gpu_util_pct,244,458.6801631450653,100.0
ray,perf/gpu_util_pct,246,460.1847939491272,99.0
ray,perf/gpu_util_pct,247,461.6924407482147,100.0
ray,perf/gpu_util_pct,248,463.19758439064026,99.0
ray,perf/gpu_util_pct,249,464.7048304080963,88.0
ray,perf/gpu_util_pct,250,466.33215713500977,84.0
ray,perf/gpu_util_pct,251,467.9618377685547,100.0
ray,perf/gpu_util_pct,253,469.47048139572144,100.0
ray,perf/gpu_util_pct,254,470.97678446769714,96.0
ray,perf/gpu_util_pct,255,472.58987188339233,100.0
ray,perf/gpu_util_pct,256,474.1847343444824,100.0
ray,perf/gpu_util_pct,257,475.7975730895996,100.0
ray,perf/gpu_util_pct,258,477.30212020874023,100.0
ray,perf/gpu_util_pct,260,478.8073604106903,90.0
ray,perf/gpu_util_pct,261,480.3136463165283,100.0
ray,perf/gpu_util_pct,262,481.85918164253235,100.0
ray,perf/gpu_util_pct,263,483.4406940937042,100.0
ray,perf/gpu_util_pct,264,485.066663980484,100.0
ray,perf/gpu_util_pct,266,486.5825037956238,100.0
ray,perf/gpu_util_pct,267,488.08676266670227,100.0
ray,perf/gpu_util_pct,268,489.59312677383423,97.0
ray,perf/gpu_util_pct,269,491.1662895679474,100.0
ray,perf/gpu_util_pct,270,492.74586033821106,100.0
ray,perf/gpu_util_pct,272,494.2516026496887,100.0
ray,perf/gpu_util_pct,273,495.7547867298126,100.0
ray,perf/gpu_util_pct,274,498.19272446632385,86.0
ray,perf/gpu_util_pct,275,499.6962516307831,88.0
ray,perf/gpu_util_pct,276,501.24780011177063,87.0
ray,perf/gpu_util_pct,277,502.875333070755,100.0
ray,perf/gpu_util_pct,278,504.37933921813965,100.0
ray,perf/gpu_util_pct,280,505.88243865966797,91.0
ray,perf/gpu_util_pct,281,507.3965003490448,90.0
ray,perf/gpu_util_pct,282,508.9241509437561,94.0
ray,perf/gpu_util_pct,283,510.42784786224365,96.0
ray,perf/gpu_util_pct,284,512.048369884491,100.0
ray,perf/gpu_util_pct,285,513.6385123729706,100.0
ray,perf/gpu_util_pct,287,515.1426513195038,100.0
ray,perf/gpu_util_pct,288,516.6462206840515,100.0
ray,perf/gpu_util_pct,289,518.2936203479767,100.0
ray,perf/gpu_util_pct,290,519.81125831604,100.0
ray,perf/gpu_util_pct,291,521.4571652412415,100.0
ray,perf/gpu_util_pct,292,523.094509601593,100.0
ray,perf/gpu_util_pct,293,524.6866807937622,100.0
ray,perf/gpu_util_pct,295,526.1907119750977,96.0
ray,perf/gpu_util_pct,296,527.737402677536,97.0
ray,perf/gpu_util_pct,297,529.4517424106598,100.0
ray,perf/gpu_util_pct,298,531.1372394561768,100.0
ray,perf/gpu_util_pct,300,532.6406469345093,92.0
ray,perf/gpu_util_pct,300,534.146993637085,0.0
ray,perf/gpu_util_pct,300,535.6550319194794,100.0
ray,perf/gpu_util_pct,300,537.1665761470795,91.0
ray,perf/gpu_util_pct,300,538.6758561134338,96.0
ray,perf/gpu_util_pct,300,540.1862781047821,91.0
ray,perf/gpu_util_pct,300,541.694596529007,96.0
ray,perf/gpu_util_pct,300,543.2025578022003,100.0
ray,perf/gpu_util_pct,300,544.7063081264496,97.0
ray,perf/gpu_util_pct,300,546.214643239975,100.0
ray,perf/gpu_util_pct,300,547.7182397842407,97.0
ray,perf/gpu_util_pct,300,549.2227852344513,100.0
ray,perf/gpu_util_pct,300,550.726363658905,1.0
ray,perf/gpu_util_pct,300,552.2366187572479,2.0
ray,perf/gpu_util_pct,300,553.740421295166,2.0
ray,perf/gpu_util_pct,300,555.2450385093689,2.0
ray,perf/gpu_util_pct,300,556.7626736164093,2.0
ray,perf/gpu_util_pct,300,558.2739682197571,2.0
ray,perf/gpu_util_pct,300,559.7779383659363,2.0
ray,perf/gpu_util_pct,300,561.2822058200836,2.0
ray,perf/gpu_util_pct,300,562.7873229980469,2.0
ray,perf/gpu_util_pct,300,564.3253681659698,3.0
ray,perf/gpu_util_pct,300,565.828565120697,2.0
ray,perf/gpu_util_pct,300,567.3464682102203,2.0
ray,perf/gpu_util_pct,300,568.8500390052795,2.0
ray,perf/gpu_util_pct,300,570.3712813854218,1.0
ray,perf/gpu_util_pct,300,571.9211349487305,2.0
ray,perf/gpu_util_pct,300,573.4346408843994,3.0
ray,perf/gpu_util_pct,300,574.9487926959991,3.0
ray,perf/gpu_util_pct,300,576.4530534744263,3.0
ray,perf/gpu_util_pct,300,577.9845817089081,3.0
ray,perf/gpu_util_pct,300,579.4981365203857,0.0
ray,perf/gpu_util_pct,300,581.2048437595367,0.0
ray,perf/gpu_util_pct,300,582.7538979053497,0.0
ray,perf/gpu_util_pct,300,584.2888281345367,0.0
ray,perf/gpu_util_pct,300,586.0493893623352,0.0
ray,perf/gpu_util_pct,300,587.6313989162445,0.0
ray,perf/gpu_util_pct,300,589.1532073020935,0.0
ray,perf/gpu_util_pct,300,591.2598595619202,0.0
ray,perf/gpu_util_pct,300,592.7664368152618,0.0
ray,perf/gpu_util_pct,300,594.2826461791992,0.0
ray,perf/gpu_util_pct,300,595.7965557575226,0.0
ray,perf/gpu_util_pct,300,597.3024921417236,0.0
ray,perf/gpu_util_pct,300,598.807291507721,0.0
ray,perf/gpu_util_pct,300,600.3212497234344,64.0
ray,perf/gpu_util_pct,300,601.8678557872772,46.0
ray,perf/gpu_util_pct,301,603.3843214511871,49.0
ray,perf/gpu_util_pct,301,604.9062554836273,41.0
ray,perf/gpu_util_pct,301,606.6885690689087,0.0
ray,perf/gpu_util_pct,302,608.2422168254852,100.0
ray,perf/gpu_util_pct,303,609.8399052619934,100.0
ray,perf/gpu_util_pct,305,611.3435251712799,100.0
ray,perf/gpu_util_pct,306,612.8474349975586,93.0
ray,perf/gpu_util_pct,307,614.3515784740448,100.0
ray,perf/gpu_util_pct,307,615.8565096855164,100.0
ray,perf/gpu_util_pct,309,617.3609764575958,91.0
ray,perf/gpu_util_pct,310,618.8652622699738,74.0
ray,perf/gpu_util_pct,311,620.4511916637421,77.0
ray,perf/gpu_util_pct,311,622.1180834770203,100.0
ray,perf/gpu_util_pct,312,623.6577363014221,100.0
ray,perf/gpu_util_pct,312,625.2941408157349,57.0
ray,perf/gpu_util_pct,313,626.8135933876038,85.0
ray,perf/gpu_util_pct,314,628.3611242771149,100.0
ray,perf/gpu_util_pct,315,629.9559652805328,100.0
ray,perf/gpu_util_pct,316,631.4651381969452,10.0
ray,perf/gpu_util_pct,317,632.969934463501,89.0
ray,perf/gpu_util_pct,318,634.4762127399445,100.0
ray,perf/gpu_util_pct,319,636.035623550415,100.0
ray,perf/gpu_util_pct,320,637.5444693565369,100.0
ray,perf/gpu_util_pct,321,639.0512993335724,100.0
ray,perf/gpu_util_pct,322,640.6449625492096,84.0
ray,perf/gpu_util_pct,323,642.2260866165161,100.0
ray,perf/gpu_util_pct,324,643.7948272228241,85.0
ray,perf/gpu_util_pct,325,645.415281534195,100.0
ray,perf/gpu_util_pct,326,647.0311281681061,100.0
ray,perf/gpu_util_pct,327,648.5351331233978,100.0
ray,perf/gpu_util_pct,329,650.0396656990051,100.0
ray,perf/gpu_util_pct,330,651.5444996356964,95.0
ray,perf/gpu_util_pct,331,653.1507167816162,100.0
ray,perf/gpu_util_pct,332,655.5184597969055,100.0
ray,perf/gpu_util_pct,332,657.0810029506683,27.0
ray,perf/gpu_util_pct,333,658.7810916900635,100.0
ray,perf/gpu_util_pct,334,660.5358581542969,0.0
ray,perf/gpu_util_pct,335,662.0406391620636,91.0
ray,perf/gpu_util_pct,336,663.548727273941,93.0
ray,perf/gpu_util_pct,337,665.0547420978546,88.0
ray,perf/gpu_util_pct,338,666.6358830928802,90.0
ray,perf/gpu_util_pct,339,668.1475250720978,87.0
ray,perf/gpu_util_pct,340,669.7239990234375,100.0
ray,perf/gpu_util_pct,341,671.2543714046478,97.0
ray,perf/gpu_util_pct,342,672.7593929767609,0.0
ray,perf/gpu_util_pct,343,674.3490588665009,100.0
ray,perf/gpu_util_pct,344,676.0215308666229,100.0
ray,perf/gpu_util_pct,345,677.5263447761536,100.0
ray,perf/gpu_util_pct,347,679.0347955226898,100.0
ray,perf/gpu_util_pct,348,680.5384821891785,100.0
ray,perf/gpu_util_pct,349,682.0437707901001,90.0
ray,perf/gpu_util_pct,350,683.8442738056183,0.0
ray,perf/gpu_util_pct,350,685.3822901248932,85.0
ray,perf/gpu_util_pct,351,686.9173846244812,100.0
ray,perf/gpu_util_pct,352,688.4219238758087,96.0
ray,perf/gpu_util_pct,353,689.9265692234039,42.0
ray,perf/gpu_util_pct,354,691.4331476688385,95.0
ray,perf/gpu_util_pct,355,693.118191242218,100.0
ray,perf/gpu_util_pct,355,694.6779792308807,65.0
ray,perf/gpu_util_pct,356,696.1961245536804,0.0
ray,perf/gpu_util_pct,357,697.9646902084351,8.0
ray,perf/gpu_util_pct,358,699.4700622558594,86.0
ray,perf/gpu_util_pct,359,701.0934393405914,0.0
ray,perf/gpu_util_pct,360,702.5972509384155,100.0
ray,perf/gpu_util_pct,361,704.105345249176,88.0
ray,perf/gpu_util_pct,362,705.6721777915955,83.0
ray,perf/gpu_util_pct,363,707.2329864501953,100.0
ray,perf/gpu_util_pct,364,708.7623207569122,100.0
ray,perf/gpu_util_pct,366,710.2662298679352,100.0
ray,perf/gpu_util_pct,367,711.7910475730896,100.0
ray,perf/gpu_util_pct,368,713.5753576755524,0.0
ray,perf/gpu_util_pct,369,715.1631264686584,100.0
ray,perf/gpu_util_pct,370,716.6772065162659,100.0
ray,perf/gpu_util_pct,370,718.2058174610138,7.0
ray,perf/gpu_util_pct,371,719.7546141147614,100.0
ray,perf/gpu_util_pct,371,721.3645739555359,100.0
ray,perf/gpu_util_pct,372,723.0160841941833,100.0
ray,perf/gpu_util_pct,374,724.5204503536224,98.0
ray,perf/gpu_util_pct,375,726.0254862308502,100.0
ray,perf/gpu_util_pct,376,727.5318601131439,37.0
ray,perf/gpu_util_pct,377,729.2421388626099,0.0
ray,perf/gpu_util_pct,378,730.8477635383606,100.0
ray,perf/gpu_util_pct,379,732.4746811389923,100.0
ray,perf/gpu_util_pct,381,733.9795467853546,100.0
ray,perf/gpu_util_pct,382,735.4834144115448,92.0
ray,perf/gpu_util_pct,383,736.9899547100067,96.0
ray,perf/gpu_util_pct,384,738.5579853057861,93.0
ray,perf/gpu_util_pct,385,740.2126865386963,0.0
ray,perf/gpu_util_pct,386,741.7634317874908,86.0
ray,perf/gpu_util_pct,387,743.3437683582306,100.0
ray,perf/gpu_util_pct,389,744.849276304245,100.0
ray,perf/gpu_util_pct,390,746.3543994426727,100.0
ray,perf/gpu_util_pct,391,747.868989944458,96.0
ray,perf/gpu_util_pct,392,749.3732838630676,100.0
ray,perf/gpu_util_pct,393,750.9233748912811,100.0
ray,perf/gpu_util_pct,394,752.4642434120178,79.0
ray,perf/gpu_util_pct,394,753.9845914840698,100.0
ray,perf/gpu_util_pct,395,755.5256524085999,100.0
ray,perf/gpu_util_pct,395,757.0861411094666,30.0
ray,perf/gpu_util_pct,396,758.7593638896942,51.0
ray,perf/gpu_util_pct,397,760.263961315155,100.0
ray,perf/gpu_util_pct,398,761.8215279579163,100.0
ray,perf/gpu_util_pct,399,763.6783316135406,0.0
ray,perf/gpu_util_pct,400,765.1873607635498,59.0
ray,perf/gpu_util_pct,400,766.6933703422546,0.0
ray,perf/gpu_util_pct,400,768.2041869163513,100.0
ray,perf/gpu_util_pct,400,769.7220001220703,89.0
ray,perf/gpu_util_pct,400,771.2251224517822,100.0
ray,perf/gpu_util_pct,400,772.7423987388611,84.0
ray,perf/gpu_util_pct,400,774.2463932037354,96.0
ray,perf/gpu_util_pct,400,775.752060174942,100.0
ray,perf/gpu_util_pct,400,777.2564072608948,97.0
ray,perf/gpu_util_pct,400,778.7611317634583,97.0
ray,perf/gpu_util_pct,400,780.2661654949188,88.0
ray,perf/gpu_util_pct,400,781.7854511737823,97.0
ray,perf/gpu_util_pct,400,783.2907829284668,4.0
ray,perf/gpu_util_pct,400,784.7960498332977,2.0
ray,perf/gpu_util_pct,400,786.4103202819824,2.0
ray,perf/gpu_util_pct,400,787.9325721263885,2.0
ray,perf/gpu_util_pct,400,789.4368600845337,2.0
ray,perf/gpu_util_pct,400,790.951512336731,7.0
ray,perf/gpu_util_pct,400,792.4577684402466,4.0
ray,perf/gpu_util_pct,400,794.0062546730042,3.0
ray,perf/gpu_util_pct,400,795.5100662708282,2.0
ray,perf/gpu_util_pct,400,797.025999546051,3.0
ray,perf/gpu_util_pct,400,798.552485704422,2.0
ray,perf/gpu_util_pct,400,800.0621893405914,2.0
ray,perf/gpu_util_pct,400,801.5678949356079,3.0
ray,perf/gpu_util_pct,400,803.0718955993652,4.0
ray,perf/gpu_util_pct,400,804.5750143527985,5.0
ray,perf/gpu_util_pct,400,806.0836358070374,4.0
ray,perf/gpu_util_pct,400,807.5890872478485,0.0
ray,perf/gpu_util_pct,400,809.1191194057465,0.0
ray,perf/gpu_util_pct,400,810.6580092906952,0.0
ray,perf/gpu_util_pct,400,812.190084695816,0.0
ray,perf/gpu_util_pct,400,813.6949646472931,0.0
ray,perf/gpu_util_pct,400,815.199481010437,0.0
ray,perf/gpu_util_pct,400,816.9872705936432,0.0
ray,perf/gpu_util_pct,400,818.4933521747589,0.0
ray,perf/gpu_util_pct,400,819.9987108707428,0.0
ray,perf/gpu_util_pct,400,821.5038685798645,0.0
ray,perf/gpu_util_pct,400,823.0273079872131,0.0
ray,perf/gpu_util_pct,400,824.5348832607269,0.0
ray,perf/gpu_util_pct,400,826.0422711372375,0.0
ray,perf/gpu_util_pct,400,827.6561291217804,0.0
ray,perf/gpu_util_pct,400,829.1644105911255,0.0
ray,perf/gpu_util_pct,400,830.7033965587616,100.0
ray,perf/gpu_util_pct,400,832.2823598384857,8.0
ray,perf/gpu_util_pct,401,834.0101609230042,100.0
ray,perf/gpu_util_pct,402,835.5153906345367,0.0
ray,perf/gpu_util_pct,403,837.0990545749664,100.0
ray,perf/gpu_util_pct,404,838.7268674373627,100.0
ray,perf/gpu_util_pct,406,840.2305028438568,100.0
ray,perf/gpu_util_pct,407,841.7341668605804,100.0
ray,perf/gpu_util_pct,408,843.2385013103485,100.0
ray,perf/gpu_util_pct,409,844.8362386226654,100.0
ray,perf/gpu_util_pct,410,846.3639035224915,89.0
ray,perf/gpu_util_pct,411,847.9941399097443,84.0
ray,perf/gpu_util_pct,412,849.4983246326447,0.0
ray,perf/gpu_util_pct,413,851.002201795578,100.0
ray,perf/gpu_util_pct,414,852.6326830387115,100.0
ray,perf/gpu_util_pct,415,854.2535629272461,100.0
ray,perf/gpu_util_pct,417,855.7571387290955,100.0
ray,perf/gpu_util_pct,418,857.261045217514,86.0
ray,perf/gpu_util_pct,419,858.7647268772125,100.0
ray,perf/gpu_util_pct,420,860.2683699131012,82.0
ray,perf/gpu_util_pct,421,861.7722010612488,100.0
ray,perf/gpu_util_pct,422,863.3179869651794,100.0
ray,perf/gpu_util_pct,423,864.8938353061676,100.0
ray,perf/gpu_util_pct,425,866.3976585865021,100.0
ray,perf/gpu_util_pct,426,867.9021248817444,100.0
ray,perf/gpu_util_pct,427,869.421403169632,92.0
ray,perf/gpu_util_pct,428,870.928468465805,9.0
ray,perf/gpu_util_pct,429,872.4657244682312,100.0
ray,perf/gpu_util_pct,430,874.045328617096,100.0
ray,perf/gpu_util_pct,432,875.5491006374359,100.0
ray,perf/gpu_util_pct,433,877.0528683662415,82.0
ray,perf/gpu_util_pct,434,878.6758496761322,100.0
ray,perf/gpu_util_pct,435,880.2631604671478,100.0
ray,perf/gpu_util_pct,436,881.9212808609009,100.0
ray,perf/gpu_util_pct,438,883.4254953861237,100.0
ray,perf/gpu_util_pct,439,884.9308671951294,82.0
ray,perf/gpu_util_pct,440,886.5352306365967,100.0
ray,perf/gpu_util_pct,441,888.2631514072418,100.0
ray,perf/gpu_util_pct,443,889.9775547981262,100.0
ray,perf/gpu_util_pct,444,891.4823713302612,100.0
ray,perf/gpu_util_pct,445,892.9978494644165,34.0
ray,perf/gpu_util_pct,446,894.634129524231,100.0
ray,perf/gpu_util_pct,447,896.2268483638763,100.0
ray,perf/gpu_util_pct,449,897.7341179847717,100.0
ray,perf/gpu_util_pct,450,899.237845659256,82.0
ray,perf/gpu_util_pct,451,900.8781275749207,91.0
ray,perf/gpu_util_pct,452,902.390246629715,100.0
ray,perf/gpu_util_pct,453,903.97700715065,100.0
ray,perf/gpu_util_pct,454,905.4829270839691,100.0
ray,perf/gpu_util_pct,456,906.9981799125671,100.0
ray,perf/gpu_util_pct,457,908.5018196105957,97.0
ray,perf/gpu_util_pct,458,910.0063207149506,97.0
ray,perf/gpu_util_pct,459,911.6050143241882,100.0
ray,perf/gpu_util_pct,460,913.2634365558624,100.0
ray,perf/gpu_util_pct,461,914.767566204071,100.0
ray,perf/gpu_util_pct,463,916.2781722545624,100.0
ray,perf/gpu_util_pct,464,917.7862124443054,80.0
ray,perf/gpu_util_pct,465,919.3755023479462,90.0
ray,perf/gpu_util_pct,466,920.9423077106476,99.0
ray,perf/gpu_util_pct,467,922.4467380046844,100.0
ray,perf/gpu_util_pct,469,924.0832252502441,100.0
ray,perf/gpu_util_pct,470,925.5884337425232,83.0
ray,perf/gpu_util_pct,471,927.1826148033142,90.0
ray,perf/gpu_util_pct,472,928.6863746643066,100.0
ray,perf/gpu_util_pct,473,930.2734069824219,99.0
ray,perf/gpu_util_pct,475,931.7789449691772,100.0
ray,perf/gpu_util_pct,476,933.3707082271576,77.0
ray,perf/gpu_util_pct,477,934.8754963874817,100.0
ray,perf/gpu_util_pct,478,936.3798878192902,97.0
ray,perf/gpu_util_pct,479,937.9430284500122,100.0
ray,perf/gpu_util_pct,480,939.4703817367554,100.0
ray,perf/gpu_util_pct,481,941.0354700088501,100.0
ray,perf/gpu_util_pct,483,942.5389492511749,87.0
ray,perf/gpu_util_pct,484,944.0427215099335,100.0
ray,perf/gpu_util_pct,485,945.6858673095703,100.0
ray,perf/gpu_util_pct,486,947.1899042129517,100.0
ray,perf/gpu_util_pct,487,948.7614552974701,100.0
ray,perf/gpu_util_pct,489,950.2668266296387,100.0
ray,perf/gpu_util_pct,490,951.83269739151,4.0
ray,perf/gpu_util_pct,491,953.3367545604706,100.0
ray,perf/gpu_util_pct,492,954.8631920814514,100.0
ray,perf/gpu_util_pct,493,956.4334712028503,100.0
ray,perf/gpu_util_pct,494,958.1699931621552,100.0
ray,perf/gpu_util_pct,496,959.6734957695007,86.0
ray,perf/gpu_util_pct,497,961.2549471855164,91.0
ray,perf/gpu_util_pct,498,962.8338117599487,100.0
ray,perf/gpu_util_pct,499,964.4794654846191,100.0
ray,perf/gpu_util_pct,500,965.984457731247,0.0
ray,perf/gpu_util_pct,500,967.4885885715485,97.0
ray,perf/gpu_util_pct,500,968.9946517944336,98.0
ray,perf/gpu_util_pct,500,970.4987337589264,98.0
ray,perf/gpu_util_pct,500,972.0025253295898,88.0
ray,perf/gpu_util_pct,500,973.5101253986359,98.0
ray,perf/gpu_util_pct,500,975.0305852890015,100.0
ray,perf/gpu_util_pct,500,976.5341291427612,89.0
ray,perf/gpu_util_pct,500,978.0386214256287,97.0
ray,perf/gpu_util_pct,500,979.5469472408295,100.0
ray,perf/gpu_util_pct,500,981.0507817268372,98.0
ray,perf/gpu_util_pct,500,982.55983543396,4.0
ray,perf/gpu_util_pct,500,984.0634562969208,5.0
ray,perf/gpu_util_pct,500,985.5672917366028,2.0
ray,perf/gpu_util_pct,500,987.0867111682892,1.0
ray,perf/gpu_util_pct,500,988.5902965068817,2.0
ray,perf/gpu_util_pct,500,990.0963270664215,3.0
ray,perf/gpu_util_pct,500,991.6043367385864,3.0
ray,perf/gpu_util_pct,500,993.1410846710205,4.0
ray,perf/gpu_util_pct,500,994.6451742649078,1.0
ray,perf/gpu_util_pct,500,996.1498067378998,1.0
ray,perf/gpu_util_pct,500,997.6594939231873,1.0
ray,perf/gpu_util_pct,500,999.1632027626038,2.0
ray,perf/gpu_util_pct,500,1000.6810307502747,3.0
ray,perf/gpu_util_pct,500,1002.1854827404022,3.0
ray,perf/gpu_util_pct,500,1003.6927411556244,2.0
ray,perf/gpu_util_pct,500,1005.1971004009247,2.0
ray,perf/gpu_util_pct,500,1007.6868524551392,0.0
ray,perf/gpu_util_pct,500,1009.2078428268433,0.0
ray,perf/gpu_util_pct,500,1010.7562875747681,0.0
ray,perf/gpu_util_pct,500,1012.287876367569,0.0
ray,perf/gpu_util_pct,500,1013.8050706386566,0.0
ray,perf/gpu_util_pct,500,1015.7338757514954,0.0
ray,perf/gpu_util_pct,500,1017.2420837879181,0.0
ray,perf/gpu_util_pct,500,1018.78071641922,15.0
ray,perf/gpu_util_pct,500,1020.2905521392822,21.0
ray,perf/gpu_util_pct,501,1021.8096787929535,38.0
ray,perf/gpu_util_pct,501,1023.323970079422,90.0
ray,perf/gpu_util_pct,502,1025.134729385376,0.0
ray,perf/gpu_util_pct,502,1026.6764101982117,100.0
ray,perf/gpu_util_pct,503,1028.386730670929,100.0
ray,perf/gpu_util_pct,505,1029.890596628189,79.0
ray,perf/gpu_util_pct,506,1031.3942365646362,79.0
ray,perf/gpu_util_pct,507,1032.8980853557587,100.0
ray,perf/gpu_util_pct,508,1034.5044598579407,100.0
ray,perf/gpu_util_pct,509,1036.1636235713959,100.0
ray,perf/gpu_util_pct,511,1037.6670343875885,94.0
ray,perf/gpu_util_pct,512,1039.1704535484314,100.0
ray,perf/gpu_util_pct,513,1040.674026966095,96.0
ray,perf/gpu_util_pct,514,1042.261563539505,0.0
ray,perf/gpu_util_pct,515,1043.894499540329,100.0
ray,perf/gpu_util_pct,516,1045.5098741054535,100.0
ray,perf/gpu_util_pct,518,1047.0130672454834,100.0
ray,perf/gpu_util_pct,519,1048.516301870346,99.0
ray,perf/gpu_util_pct,520,1050.0202372074127,74.0
ray,perf/gpu_util_pct,521,1051.5560772418976,89.0
ray,perf/gpu_util_pct,522,1053.0613176822662,100.0
ray,perf/gpu_util_pct,523,1054.5773167610168,100.0
ray,perf/gpu_util_pct,524,1056.2094843387604,100.0
ray,perf/gpu_util_pct,526,1057.713101863861,100.0
ray,perf/gpu_util_pct,527,1059.216392993927,93.0
ray,perf/gpu_util_pct,528,1060.8305463790894,89.0
ray,perf/gpu_util_pct,529,1062.418955564499,100.0
ray,perf/gpu_util_pct,530,1064.072236776352,91.0
ray,perf/gpu_util_pct,531,1065.640585899353,100.0
ray,perf/gpu_util_pct,532,1067.1716091632843,100.0
ray,perf/gpu_util_pct,534,1068.67618393898,94.0
ray,perf/gpu_util_pct,535,1070.341626405716,100.0
ray,perf/gpu_util_pct,536,1071.95081448555,100.0
ray,perf/gpu_util_pct,537,1073.4554071426392,100.0
ray,perf/gpu_util_pct,538,1074.9587888717651,100.0
ray,perf/gpu_util_pct,539,1076.4691503047943,100.0
ray,perf/gpu_util_pct,541,1077.9726164340973,98.0
ray,perf/gpu_util_pct,542,1079.4760727882385,86.0
ray,perf/gpu_util_pct,543,1081.0024597644806,100.0
ray,perf/gpu_util_pct,544,1082.5834391117096,100.0
ray,perf/gpu_util_pct,545,1084.1409077644348,100.0
ray,perf/gpu_util_pct,547,1085.644476890564,100.0
ray,perf/gpu_util_pct,548,1087.5177056789398,0.0
ray,perf/gpu_util_pct,549,1089.1173882484436,100.0
ray,perf/gpu_util_pct,550,1090.7164595127106,100.0
ray,perf/gpu_util_pct,552,1092.2200231552124,100.0
ray,perf/gpu_util_pct,553,1093.7239198684692,76.0
ray,perf/gpu_util_pct,554,1095.2278332710266,100.0
ray,perf/gpu_util_pct,555,1096.7359519004822,94.0
ray,perf/gpu_util_pct,556,1098.3064393997192,89.0
ray,perf/gpu_util_pct,557,1099.9686143398285,100.0
ray,perf/gpu_util_pct,558,1101.664901971817,100.0
ray,perf/gpu_util_pct,560,1103.1695280075073,100.0
ray,perf/gpu_util_pct,561,1104.6738820075989,86.0
ray,perf/gpu_util_pct,562,1106.3303849697113,100.0
ray,perf/gpu_util_pct,563,1108.008857011795,100.0
ray,perf/gpu_util_pct,564,1109.5129842758179,100.0
ray,perf/gpu_util_pct,565,1111.016208410263,100.0
ray,perf/gpu_util_pct,566,1112.52121758461,100.0
ray,perf/gpu_util_pct,568,1114.0245697498322,90.0
ray,perf/gpu_util_pct,569,1115.5274901390076,56.0
ray,perf/gpu_util_pct,570,1117.1275658607483,100.0
ray,perf/gpu_util_pct,571,1118.7232089042664,100.0
ray,perf/gpu_util_pct,572,1120.226806640625,100.0
ray,perf/gpu_util_pct,574,1121.730798959732,100.0
ray,perf/gpu_util_pct,574,1123.2352228164673,100.0
ray,perf/gpu_util_pct,576,1124.7386500835419,100.0
ray,perf/gpu_util_pct,577,1126.2435340881348,100.0
ray,perf/gpu_util_pct,578,1127.818929195404,100.0
ray,perf/gpu_util_pct,579,1129.4595725536346,100.0
ray,perf/gpu_util_pct,580,1131.0334560871124,100.0
ray,perf/gpu_util_pct,582,1132.5371725559235,100.0
ray,perf/gpu_util_pct,583,1134.0428199768066,93.0
ray,perf/gpu_util_pct,584,1135.5481944084167,32.0
ray,perf/gpu_util_pct,585,1137.1263971328735,99.0
ray,perf/gpu_util_pct,586,1138.8448252677917,100.0
ray,perf/gpu_util_pct,587,1140.348418712616,100.0
ray,perf/gpu_util_pct,589,1141.8518295288086,86.0
ray,perf/gpu_util_pct,590,1143.355495929718,100.0
ray,perf/gpu_util_pct,591,1144.8914861679077,97.0
ray,perf/gpu_util_pct,592,1146.4644756317139,0.0
ray,perf/gpu_util_pct,593,1147.9678995609283,99.0
ray,perf/gpu_util_pct,594,1149.6690139770508,100.0
ray,perf/gpu_util_pct,595,1151.2444257736206,100.0
ray,perf/gpu_util_pct,597,1152.747978925705,94.0
ray,perf/gpu_util_pct,598,1154.2516372203827,88.0
ray,perf/gpu_util_pct,599,1155.764277458191,97.0
ray,perf/gpu_util_pct,600,1157.2706091403961,0.0
ray,perf/gpu_util_pct,600,1158.7755432128906,0.0
ray,perf/gpu_util_pct,600,1160.2795805931091,87.0
ray,perf/gpu_util_pct,600,1161.7834360599518,91.0
ray,perf/gpu_util_pct,600,1163.2890648841858,100.0
ray,perf/gpu_util_pct,600,1164.7958760261536,90.0
ray,perf/gpu_util_pct,600,1166.302075624466,97.0
ray,perf/gpu_util_pct,600,1167.8068490028381,100.0
ray,perf/gpu_util_pct,600,1169.3135032653809,96.0
ray,perf/gpu_util_pct,600,1170.8183996677399,98.0
ray,perf/gpu_util_pct,600,1172.323519229889,91.0
ray,perf/gpu_util_pct,600,1173.8645973205566,4.0
ray,perf/gpu_util_pct,600,1175.3710865974426,7.0
ray,perf/gpu_util_pct,600,1176.885409116745,3.0
ray,perf/gpu_util_pct,600,1178.389422416687,3.0
ray,perf/gpu_util_pct,600,1179.8996493816376,3.0
ray,perf/gpu_util_pct,600,1181.408320426941,6.0
ray,perf/gpu_util_pct,600,1182.922034740448,7.0
ray,perf/gpu_util_pct,600,1184.4691796302795,4.0
ray,perf/gpu_util_pct,600,1185.9791615009308,5.0
ray,perf/gpu_util_pct,600,1187.4826745986938,3.0
ray,perf/gpu_util_pct,600,1188.986622095108,3.0
ray,perf/gpu_util_pct,600,1190.5027089118958,5.0
ray,perf/gpu_util_pct,600,1192.0063302516937,5.0
ray,perf/gpu_util_pct,600,1193.5199298858643,5.0
ray,perf/gpu_util_pct,600,1195.0270133018494,1.0
ray,perf/gpu_util_pct,600,1196.5334873199463,3.0
ray,perf/gpu_util_pct,600,1198.6205730438232,0.0
ray,perf/gpu_util_pct,600,1200.1274824142456,0.0
ray,perf/gpu_util_pct,600,1201.6422476768494,0.0
ray,perf/gpu_util_pct,600,1203.1483347415924,0.0
ray,perf/gpu_util_pct,600,1205.0479850769043,0.0
ray,perf/gpu_util_pct,600,1206.5844917297363,0.0
ray,perf/gpu_util_pct,600,1208.1166632175446,0.0
ray,perf/gpu_util_pct,600,1209.6364510059357,0.0
ray,perf/gpu_util_pct,600,1211.1760351657867,26.0
ray,perf/gpu_util_pct,600,1212.872234582901,0.0
ray,perf/gpu_util_pct,601,1214.376632452011,100.0
ray,perf/gpu_util_pct,602,1216.0045869350433,100.0
ray,perf/gpu_util_pct,604,1217.5124905109406,100.0
ray,perf/gpu_util_pct,605,1219.0170638561249,89.0
ray,perf/gpu_util_pct,606,1220.5227630138397,95.0
ray,perf/gpu_util_pct,607,1222.0289766788483,93.0
ray,perf/gpu_util_pct,608,1223.5881316661835,100.0
ray,perf/gpu_util_pct,609,1225.1802525520325,100.0
ray,perf/gpu_util_pct,610,1226.8186135292053,100.0
ray,perf/gpu_util_pct,612,1228.322334766388,100.0
ray,perf/gpu_util_pct,613,1229.82590508461,93.0
ray,perf/gpu_util_pct,614,1231.408893108368,88.0
ray,perf/gpu_util_pct,615,1232.9880619049072,89.0
ray,perf/gpu_util_pct,616,1234.572783946991,100.0
ray,perf/gpu_util_pct,617,1236.0768406391144,20.0
ray,perf/gpu_util_pct,618,1237.6310982704163,100.0
ray,perf/gpu_util_pct,620,1239.1344141960144,100.0
ray,perf/gpu_util_pct,621,1240.638524055481,95.0
ray,perf/gpu_util_pct,622,1242.1434257030487,97.0
ray,perf/gpu_util_pct,623,1243.6547482013702,99.0
ray,perf/gpu_util_pct,624,1245.37886428833,100.0
ray,perf/gpu_util_pct,625,1246.9320058822632,100.0
ray,perf/gpu_util_pct,626,1248.4363737106323,100.0
ray,perf/gpu_util_pct,628,1249.9400124549866,88.0
ray,perf/gpu_util_pct,629,1251.444254875183,99.0
ray,perf/gpu_util_pct,630,1253.0418345928192,100.0
ray,perf/gpu_util_pct,631,1254.6994607448578,100.0
ray,perf/gpu_util_pct,632,1256.4245710372925,100.0
ray,perf/gpu_util_pct,634,1257.9283254146576,97.0
ray,perf/gpu_util_pct,635,1259.6073069572449,0.0
ray,perf/gpu_util_pct,636,1261.239333152771,100.0
ray,perf/gpu_util_pct,637,1262.9253919124603,100.0
ray,perf/gpu_util_pct,638,1264.4365463256836,100.0
ray,perf/gpu_util_pct,640,1265.9401416778564,100.0
ray,perf/gpu_util_pct,641,1267.4495368003845,97.0
ray,perf/gpu_util_pct,642,1268.9918179512024,88.0
ray,perf/gpu_util_pct,643,1270.577208995819,100.0
ray,perf/gpu_util_pct,644,1272.1651690006256,100.0
ray,perf/gpu_util_pct,645,1273.788568019867,100.0
ray,perf/gpu_util_pct,647,1275.2965996265411,100.0
ray,perf/gpu_util_pct,648,1276.8004503250122,86.0
ray,perf/gpu_util_pct,649,1278.336676120758,96.0
ray,perf/gpu_util_pct,650,1279.987684726715,100.0
ray,perf/gpu_util_pct,651,1281.5817849636078,100.0
ray,perf/gpu_util_pct,652,1283.1372427940369,100.0
ray,perf/gpu_util_pct,653,1284.6490585803986,100.0
ray,perf/gpu_util_pct,655,1286.1527926921844,100.0
ray,perf/gpu_util_pct,656,1287.6569728851318,88.0
ray,perf/gpu_util_pct,657,1289.3004250526428,100.0
ray,perf/gpu_util_pct,658,1290.8041656017303,100.0
ray,perf/gpu_util_pct,659,1292.3722705841064,100.0
ray,perf/gpu_util_pct,660,1293.875868320465,100.0
ray,perf/gpu_util_pct,662,1295.3790664672852,94.0
ray,perf/gpu_util_pct,663,1297.0662384033203,0.0
ray,perf/gpu_util_pct,664,1298.569483757019,80.0
ray,perf/gpu_util_pct,665,1300.176241159439,100.0
ray,perf/gpu_util_pct,666,1301.7066662311554,100.0
ray,perf/gpu_util_pct,667,1303.3008852005005,100.0
ray,perf/gpu_util_pct,669,1304.8087174892426,100.0
ray,perf/gpu_util_pct,670,1306.3126521110535,93.0
ray,perf/gpu_util_pct,671,1307.8178524971008,87.0
ray,perf/gpu_util_pct,672,1309.4576170444489,100.0
ray,perf/gpu_util_pct,673,1311.0998673439026,100.0
ray,perf/gpu_util_pct,674,1312.6337835788727,100.0
ray,perf/gpu_util_pct,675,1314.1729333400726,100.0
ray,perf/gpu_util_pct,677,1315.6761555671692,91.0
ray,perf/gpu_util_pct,678,1317.2197093963623,88.0
ray,perf/gpu_util_pct,679,1318.7236623764038,100.0
ray,perf/gpu_util_pct,680,1320.4424152374268,100.0
ray,perf/gpu_util_pct,681,1321.947725534439,100.0
ray,perf/gpu_util_pct,683,1323.4567577838898,100.0
ray,perf/gpu_util_pct,684,1324.9601366519928,100.0
ray,perf/gpu_util_pct,685,1326.4637396335602,94.0
ray,perf/gpu_util_pct,686,1328.0523946285248,100.0
ray,perf/gpu_util_pct,687,1329.7072443962097,100.0
ray,perf/gpu_util_pct,688,1331.3413076400757,100.0
ray,perf/gpu_util_pct,689,1332.8455448150635,100.0
ray,perf/gpu_util_pct,691,1334.455616235733,100.0
ray,perf/gpu_util_pct,692,1335.9928855895996,87.0
ray,perf/gpu_util_pct,693,1337.4976437091827,96.0
ray,perf/gpu_util_pct,694,1339.059950351715,100.0
ray,perf/gpu_util_pct,695,1340.6442193984985,100.0
ray,perf/gpu_util_pct,696,1342.1480448246002,100.0
ray,perf/gpu_util_pct,697,1343.6513719558716,100.0
ray,perf/gpu_util_pct,699,1345.1548557281494,97.0
ray,perf/gpu_util_pct,700,1346.6584091186523,100.0
ray,perf/gpu_util_pct,700,1348.1641058921814,0.0
ray,perf/gpu_util_pct,700,1349.6675670146942,91.0
ray,perf/gpu_util_pct,700,1351.1735141277313,100.0
ray,perf/gpu_util_pct,700,1352.6967287063599,96.0
ray,perf/gpu_util_pct,700,1354.2036354541779,100.0
ray,perf/gpu_util_pct,700,1355.7120776176453,97.0
ray,perf/gpu_util_pct,700,1357.2460436820984,91.0
ray,perf/gpu_util_pct,700,1358.7701511383057,77.0
ray,perf/gpu_util_pct,700,1360.2748012542725,100.0
ray,perf/gpu_util_pct,700,1361.78115940094,93.0
ray,perf/gpu_util_pct,700,1363.2898225784302,96.0
ray,perf/gpu_util_pct,700,1364.800594329834,0.0
ray,perf/gpu_util_pct,700,1366.3041915893555,4.0
ray,perf/gpu_util_pct,700,1367.80775141716,3.0
ray,perf/gpu_util_pct,700,1369.3113112449646,3.0
ray,perf/gpu_util_pct,700,1370.823154449463,3.0
ray,perf/gpu_util_pct,700,1372.3296506404877,5.0
ray,perf/gpu_util_pct,700,1373.8361868858337,5.0
ray,perf/gpu_util_pct,700,1375.3775231838226,4.0
ray,perf/gpu_util_pct,700,1376.8933336734772,4.0
ray,perf/gpu_util_pct,700,1378.408438205719,4.0
ray,perf/gpu_util_pct,700,1379.9279673099518,4.0
ray,perf/gpu_util_pct,700,1381.4321520328522,4.0
ray,perf/gpu_util_pct,700,1382.9359736442566,3.0
ray,perf/gpu_util_pct,700,1384.4623670578003,3.0
ray,perf/gpu_util_pct,700,1385.9669842720032,2.0
ray,perf/gpu_util_pct,700,1387.471447944641,2.0
ray,perf/gpu_util_pct,700,1388.9794611930847,0.0
ray,perf/gpu_util_pct,700,1390.52920460701,0.0
ray,perf/gpu_util_pct,700,1392.0400516986847,0.0
ray,perf/gpu_util_pct,700,1393.8583121299744,0.0
ray,perf/gpu_util_pct,700,1395.367063999176,0.0
ray,perf/gpu_util_pct,700,1397.051268339157,0.0
ray,perf/gpu_util_pct,700,1398.5671429634094,0.0
ray,perf/gpu_util_pct,700,1400.1170859336853,0.0
ray,perf/gpu_util_pct,700,1401.6246345043182,0.0
ray,perf/gpu_util_pct,700,1403.1298031806946,54.0
ray,perf/gpu_util_pct,701,1404.7872343063354,0.0
ray,perf/gpu_util_pct,701,1406.2902767658234,88.0
ray,perf/gpu_util_pct,702,1407.8359208106995,100.0
ray,perf/gpu_util_pct,703,1409.353310585022,100.0
ray,perf/gpu_util_pct,705,1410.8563504219055,100.0
ray,perf/gpu_util_pct,706,1412.4116084575653,0.0
ray,perf/gpu_util_pct,707,1413.9151601791382,100.0
ray,perf/gpu_util_pct,708,1415.4200537204742,94.0
ray,perf/gpu_util_pct,709,1416.9337844848633,97.0
ray,perf/gpu_util_pct,710,1418.4664661884308,90.0
ray,perf/gpu_util_pct,711,1420.0472972393036,100.0
ray,perf/gpu_util_pct,713,1421.552815914154,100.0
ray,perf/gpu_util_pct,714,1423.059826850891,82.0
ray,perf/gpu_util_pct,715,1424.5636682510376,100.0
ray,perf/gpu_util_pct,716,1426.0677599906921,79.0
ray,perf/gpu_util_pct,717,1427.6034281253815,87.0
ray,perf/gpu_util_pct,718,1429.1070396900177,100.0
ray,perf/gpu_util_pct,719,1430.705514907837,100.0
ray,perf/gpu_util_pct,721,1432.208964586258,100.0
ray,perf/gpu_util_pct,722,1433.712397813797,100.0
ray,perf/gpu_util_pct,723,1435.241081237793,0.0
ray,perf/gpu_util_pct,724,1436.7458064556122,100.0
ray,perf/gpu_util_pct,725,1438.3752009868622,100.0
ray,perf/gpu_util_pct,726,1439.8800241947174,100.0
ray,perf/gpu_util_pct,727,1441.5220611095428,100.0
ray,perf/gpu_util_pct,728,1443.025493144989,100.0
ray,perf/gpu_util_pct,730,1444.5285816192627,92.0
ray,perf/gpu_util_pct,731,1446.3413407802582,0.0
ray,perf/gpu_util_pct,732,1447.979186296463,100.0
ray,perf/gpu_util_pct,733,1449.4827997684479,100.0
ray,perf/gpu_util_pct,734,1451.080308675766,100.0
ray,perf/gpu_util_pct,735,1452.5843768119812,100.0
ray,perf/gpu_util_pct,737,1454.0885789394379,100.0
ray,perf/gpu_util_pct,738,1455.5930497646332,96.0
ray,perf/gpu_util_pct,739,1457.1810438632965,0.0
ray,perf/gpu_util_pct,740,1458.7523748874664,100.0
ray,perf/gpu_util_pct,741,1460.2663662433624,100.0
ray,perf/gpu_util_pct,742,1461.961457490921,100.0
ray,perf/gpu_util_pct,744,1463.4727137088776,100.0
ray,perf/gpu_util_pct,745,1464.9757981300354,89.0
ray,perf/gpu_util_pct,746,1466.4793775081635,96.0
ray,perf/gpu_util_pct,747,1468.0086007118225,100.0
ray,perf/gpu_util_pct,748,1469.546282529831,19.0
ray,perf/gpu_util_pct,749,1471.1174714565277,100.0
ray,perf/gpu_util_pct,750,1472.6208837032318,100.0
ray,perf/gpu_util_pct,751,1474.1526291370392,100.0
ray,perf/gpu_util_pct,752,1475.6760683059692,100.0
ray,perf/gpu_util_pct,754,1477.179880619049,100.0
ray,perf/gpu_util_pct,755,1478.683676958084,97.0
ray,perf/gpu_util_pct,756,1480.2748744487762,100.0
ray,perf/gpu_util_pct,757,1481.9204308986664,100.0
ray,perf/gpu_util_pct,758,1483.55419754982,100.0
ray,perf/gpu_util_pct,759,1485.0578782558441,100.0
ray,perf/gpu_util_pct,761,1486.5616569519043,100.0
ray,perf/gpu_util_pct,762,1488.0690913200378,100.0
ray,perf/gpu_util_pct,763,1489.6550333499908,100.0
ray,perf/gpu_util_pct,764,1491.291864156723,100.0
ray,perf/gpu_util_pct,765,1492.79629611969,100.0
ray,perf/gpu_util_pct,766,1494.5449442863464,100.0
ray,perf/gpu_util_pct,768,1496.0485620498657,77.0
ray,perf/gpu_util_pct,769,1497.6014671325684,100.0
ray,perf/gpu_util_pct,770,1499.1849207878113,100.0
ray,perf/gpu_util_pct,771,1500.6903746128082,100.0
ray,perf/gpu_util_pct,773,1502.1959834098816,100.0
ray,perf/gpu_util_pct,774,1503.700979232788,100.0
ray,perf/gpu_util_pct,775,1505.2057569026947,100.0
ray,perf/gpu_util_pct,775,1507.6508672237396,100.0
ray,perf/gpu_util_pct,777,1509.1542346477509,100.0
ray,perf/gpu_util_pct,778,1510.6574051380157,100.0
ray,perf/gpu_util_pct,779,1512.2657430171967,100.0
ray,perf/gpu_util_pct,780,1513.9620280265808,100.0
ray,perf/gpu_util_pct,782,1515.4664561748505,100.0
ray,perf/gpu_util_pct,783,1517.195380449295,44.0
ray,perf/gpu_util_pct,784,1518.7003049850464,97.0
ray,perf/gpu_util_pct,785,1520.2042920589447,93.0
ray,perf/gpu_util_pct,786,1521.8129816055298,100.0
ray,perf/gpu_util_pct,787,1523.434984922409,100.0
ray,perf/gpu_util_pct,788,1525.027291059494,100.0
ray,perf/gpu_util_pct,790,1526.5313920974731,79.0
ray,perf/gpu_util_pct,791,1528.0683104991913,88.0
ray,perf/gpu_util_pct,792,1529.6946325302124,100.0
ray,perf/gpu_util_pct,793,1531.4525136947632,100.0
ray,perf/gpu_util_pct,794,1533.0277671813965,100.0
ray,perf/gpu_util_pct,796,1534.530927658081,100.0
ray,perf/gpu_util_pct,797,1536.0351028442383,100.0
ray,perf/gpu_util_pct,798,1537.541319847107,71.0
ray,perf/gpu_util_pct,799,1539.1713244915009,100.0
ray,perf/gpu_util_pct,800,1540.6783385276794,0.0
ray,perf/gpu_util_pct,800,1542.1839623451233,91.0
ray,perf/gpu_util_pct,800,1543.7401814460754,100.0
ray,perf/gpu_util_pct,800,1545.262239933014,97.0
ray,perf/gpu_util_pct,800,1546.7689514160156,97.0
ray,perf/gpu_util_pct,800,1548.2736988067627,87.0
ray,perf/gpu_util_pct,800,1549.7782773971558,97.0
ray,perf/gpu_util_pct,800,1551.2862904071808,87.0
ray,perf/gpu_util_pct,800,1552.7937653064728,98.0
ray,perf/gpu_util_pct,800,1554.3014163970947,94.0
ray,perf/gpu_util_pct,800,1555.8181936740875,87.0
ray,perf/gpu_util_pct,800,1557.3218357563019,4.0
ray,perf/gpu_util_pct,800,1558.8276422023773,1.0
ray,perf/gpu_util_pct,800,1560.3319005966187,2.0
ray,perf/gpu_util_pct,800,1561.8358454704285,1.0
ray,perf/gpu_util_pct,800,1563.3413672447205,2.0
ray,perf/gpu_util_pct,800,1564.8456590175629,2.0
ray,perf/gpu_util_pct,800,1566.3532638549805,2.0
ray,perf/gpu_util_pct,800,1567.857680797577,2.0
ray,perf/gpu_util_pct,800,1569.3617856502533,2.0
ray,perf/gpu_util_pct,800,1570.868180513382,2.0
ray,perf/gpu_util_pct,800,1572.3893208503723,1.0
ray,perf/gpu_util_pct,800,1573.893000125885,2.0
ray,perf/gpu_util_pct,800,1575.4082081317902,2.0
ray,perf/gpu_util_pct,800,1576.9120421409607,1.0
ray,perf/gpu_util_pct,800,1578.415851354599,3.0
ray,perf/gpu_util_pct,800,1579.920283317566,2.0
ray,perf/gpu_util_pct,800,1581.4246218204498,1.0
ray,perf/gpu_util_pct,800,1582.9298446178436,2.0
ray,perf/gpu_util_pct,800,1584.7340440750122,0.0
ray,perf/gpu_util_pct,800,1586.2573249340057,0.0
ray,perf/gpu_util_pct,800,1587.7623343467712,0.0
ray,perf/gpu_util_pct,800,1589.2967944145203,0.0
ray,perf/gpu_util_pct,800,1591.011623620987,0.0
ray,perf/gpu_util_pct,800,1592.5191476345062,0.0
ray,perf/gpu_util_pct,800,1594.0347828865051,0.0
ray,perf/gpu_util_pct,800,1595.5435564517975,0.0
ray,perf/gpu_util_pct,800,1597.054360151291,0.0
ray,perf/gpu_util_pct,800,1598.561476945877,78.0
ray,perf/gpu_util_pct,800,1600.094027519226,81.0
ray,perf/gpu_util_pct,801,1601.608783006668,12.0
ray,perf/gpu_util_pct,801,1603.1354186534882,57.0
ray,perf/gpu_util_pct,802,1604.8843162059784,0.0
ray,perf/gpu_util_pct,802,1606.3888149261475,100.0
ray,perf/gpu_util_pct,803,1607.892816543579,100.0
ray,perf/gpu_util_pct,805,1609.3967847824097,76.0
ray,perf/gpu_util_pct,806,1610.9004392623901,97.0
ray,perf/gpu_util_pct,807,1612.4499397277832,100.0
ray,perf/gpu_util_pct,808,1613.9544603824615,100.0
ray,perf/gpu_util_pct,809,1615.5257840156555,100.0
ray,perf/gpu_util_pct,810,1617.0433163642883,100.0
ray,perf/gpu_util_pct,811,1618.6916494369507,100.0
ray,perf/gpu_util_pct,812,1620.228969335556,100.0
ray,perf/gpu_util_pct,814,1621.7325155735016,89.0
ray,perf/gpu_util_pct,815,1623.2369766235352,100.0
ray,perf/gpu_util_pct,816,1624.786711215973,96.0
ray,perf/gpu_util_pct,817,1626.2998723983765,89.0
ray,perf/gpu_util_pct,818,1627.960525751114,100.0
ray,perf/gpu_util_pct,819,1629.4935703277588,100.0
ray,perf/gpu_util_pct,820,1630.997953414917,100.0
ray,perf/gpu_util_pct,822,1632.50199508667,100.0
ray,perf/gpu_util_pct,823,1634.00688290596,100.0
ray,perf/gpu_util_pct,824,1635.510529756546,31.0
ray,perf/gpu_util_pct,825,1637.1132411956787,96.0
ray,perf/gpu_util_pct,826,1638.6173930168152,100.0
ray,perf/gpu_util_pct,827,1640.1787014007568,100.0
ray,perf/gpu_util_pct,828,1641.6997587680817,100.0
ray,perf/gpu_util_pct,829,1643.32013630867,100.0
ray,perf/gpu_util_pct,831,1644.8545279502869,80.0
ray,perf/gpu_util_pct,832,1646.37752699852,87.0
ray,perf/gpu_util_pct,833,1647.9916851520538,100.0
ray,perf/gpu_util_pct,834,1649.667043209076,100.0
ray,perf/gpu_util_pct,835,1651.170857667923,100.0
ray,perf/gpu_util_pct,836,1652.723087310791,100.0
ray,perf/gpu_util_pct,837,1654.227111339569,100.0
ray,perf/gpu_util_pct,839,1655.7311143875122,93.0
ray,perf/gpu_util_pct,840,1657.2352707386017,96.0
ray,perf/gpu_util_pct,841,1658.8331291675568,100.0
ray,perf/gpu_util_pct,842,1660.4358546733856,100.0
ray,perf/gpu_util_pct,843,1662.0689389705658,100.0
ray,perf/gpu_util_pct,844,1663.7382652759552,100.0
ray,perf/gpu_util_pct,846,1665.2436707019806,79.0
ray,perf/gpu_util_pct,847,1666.7475008964539,88.0
ray,perf/gpu_util_pct,848,1668.3515284061432,100.0
ray,perf/gpu_util_pct,849,1669.9494545459747,100.0
ray,perf/gpu_util_pct,850,1671.475064277649,100.0
ray,perf/gpu_util_pct,851,1672.979689359665,100.0
ray,perf/gpu_util_pct,853,1674.483195066452,71.0
ray,perf/gpu_util_pct,854,1675.986780166626,91.0
ray,perf/gpu_util_pct,855,1677.492216348648,83.0
ray,perf/gpu_util_pct,856,1679.0661435127258,87.0
ray,perf/gpu_util_pct,857,1680.6361203193665,100.0
ray,perf/gpu_util_pct,858,1682.325404882431,90.0
ray,perf/gpu_util_pct,859,1683.9542028903961,100.0
ray,perf/gpu_util_pct,860,1685.483990907669,100.0
ray,perf/gpu_util_pct,861,1686.9885575771332,100.0
ray,perf/gpu_util_pct,863,1688.4926435947418,100.0
ray,perf/gpu_util_pct,864,1689.9965324401855,88.0
ray,perf/gpu_util_pct,865,1691.5669538974762,97.0
ray,perf/gpu_util_pct,866,1693.0721607208252,100.0
ray,perf/gpu_util_pct,866,1694.6046023368835,100.0
ray,perf/gpu_util_pct,867,1696.1888947486877,100.0
ray,perf/gpu_util_pct,868,1697.7790398597717,100.0
ray,perf/gpu_util_pct,870,1699.2825078964233,100.0
ray,perf/gpu_util_pct,871,1700.7862598896027,99.0
ray,perf/gpu_util_pct,872,1702.2901830673218,72.0
ray,perf/gpu_util_pct,873,1703.8756980895996,88.0
ray,perf/gpu_util_pct,874,1705.4304213523865,100.0
ray,perf/gpu_util_pct,875,1706.9366204738617,100.0
ray,perf/gpu_util_pct,876,1708.4936783313751,86.0
ray,perf/gpu_util_pct,877,1709.9974257946014,100.0
ray,perf/gpu_util_pct,878,1711.6028225421906,100.0
ray,perf/gpu_util_pct,879,1713.1065785884857,100.0
ray,perf/gpu_util_pct,880,1714.6103858947754,100.0
ray,perf/gpu_util_pct,882,1716.1138832569122,100.0
ray,perf/gpu_util_pct,883,1717.6178245544434,96.0
ray,perf/gpu_util_pct,884,1719.1971125602722,87.0
ray,perf/gpu_util_pct,885,1720.7341978549957,100.0
ray,perf/gpu_util_pct,886,1722.4213328361511,100.0
ray,perf/gpu_util_pct,887,1723.9245760440826,100.0
ray,perf/gpu_util_pct,888,1725.4278526306152,100.0
ray,perf/gpu_util_pct,890,1726.9330444335938,100.0
ray,perf/gpu_util_pct,891,1728.4365403652191,100.0
ray,perf/gpu_util_pct,892,1729.9929299354553,97.0
ray,perf/gpu_util_pct,893,1731.5427803993225,100.0
ray,perf/gpu_util_pct,894,1733.111712217331,100.0
ray,perf/gpu_util_pct,895,1734.7082870006561,100.0
ray,perf/gpu_util_pct,896,1736.5180292129517,100.0
ray,perf/gpu_util_pct,897,1738.057806968689,68.0
ray,perf/gpu_util_pct,898,1739.5839402675629,78.0
ray,perf/gpu_util_pct,899,1741.088859319687,95.0
ray,perf/gpu_util_pct,900,1742.592740058899,91.0
ray,perf/gpu_util_pct,900,1744.1012959480286,0.0
ray,perf/gpu_util_pct,900,1745.6071820259094,96.0
ray,perf/gpu_util_pct,900,1747.142653465271,99.0
ray,perf/gpu_util_pct,900,1748.646518945694,98.0
ray,perf/gpu_util_pct,900,1750.1554718017578,100.0
ray,perf/gpu_util_pct,900,1751.6644299030304,97.0
ray,perf/gpu_util_pct,900,1753.1706471443176,100.0
ray,perf/gpu_util_pct,900,1754.6767852306366,85.0
ray,perf/gpu_util_pct,900,1756.1813130378723,88.0
ray,perf/gpu_util_pct,900,1757.6854763031006,100.0
ray,perf/gpu_util_pct,900,1759.190043926239,91.0
ray,perf/gpu_util_pct,900,1760.6951816082,3.0
ray,perf/gpu_util_pct,900,1762.1986136436462,3.0
ray,perf/gpu_util_pct,900,1763.7028386592865,2.0
ray,perf/gpu_util_pct,900,1765.2092924118042,2.0
ray,perf/gpu_util_pct,900,1766.7132906913757,5.0
ray,perf/gpu_util_pct,900,1768.2202315330505,4.0
ray,perf/gpu_util_pct,900,1769.7655997276306,5.0
ray,perf/gpu_util_pct,900,1771.3001968860626,2.0
ray,perf/gpu_util_pct,900,1772.8157060146332,4.0
ray,perf/gpu_util_pct,900,1774.3353927135468,3.0
ray,perf/gpu_util_pct,900,1775.8394742012024,2.0
ray,perf/gpu_util_pct,900,1777.357854127884,2.0
ray,perf/gpu_util_pct,900,1778.8611834049225,1.0
ray,perf/gpu_util_pct,900,1780.3651032447815,1.0
ray,perf/gpu_util_pct,900,1781.8706595897675,2.0
ray,perf/gpu_util_pct,900,1783.7855126857758,0.0
ray,perf/gpu_util_pct,900,1785.2917337417603,0.0
ray,perf/gpu_util_pct,900,1786.8085656166077,0.0
ray,perf/gpu_util_pct,900,1788.3149688243866,0.0
ray,perf/gpu_util_pct,900,1789.82000374794,0.0
ray,perf/gpu_util_pct,900,1791.8167912960052,0.0
ray,perf/gpu_util_pct,900,1793.3387553691864,0.0
ray,perf/gpu_util_pct,900,1794.858636379242,0.0
ray,perf/gpu_util_pct,900,1796.3731484413147,0.0
ray,perf/gpu_util_pct,900,1797.8975803852081,0.0
ray,perf/gpu_util_pct,900,1799.4018111228943,0.0
ray,perf/gpu_util_pct,900,1801.185039281845,0.0
ray,perf/gpu_util_pct,900,1802.688798904419,100.0
ray,perf/gpu_util_pct,900,1804.4293389320374,100.0
ray,perf/gpu_util_pct,901,1805.9326345920563,83.0
ray,perf/gpu_util_pct,902,1807.442909002304,100.0
ray,perf/gpu_util_pct,903,1808.9471294879913,92.0
ray,perf/gpu_util_pct,904,1810.450481891632,89.0
ray,perf/gpu_util_pct,905,1811.953868150711,90.0
ray,perf/gpu_util_pct,906,1813.5206127166748,100.0
ray,perf/gpu_util_pct,907,1815.024837732315,100.0
ray,perf/gpu_util_pct,908,1816.565211057663,100.0
ray,perf/gpu_util_pct,909,1818.161056280136,100.0
ray,perf/gpu_util_pct,910,1819.70103764534,100.0
ray,perf/gpu_util_pct,912,1821.2240574359894,83.0
ray,perf/gpu_util_pct,913,1822.78257894516,87.0
ray,perf/gpu_util_pct,914,1824.3208832740784,85.0
ray,perf/gpu_util_pct,915,1825.82457447052,100.0
ray,perf/gpu_util_pct,916,1827.3571174144745,100.0
ray,perf/gpu_util_pct,917,1828.8623735904694,100.0
ray,perf/gpu_util_pct,919,1830.3759224414825,100.0
ray,perf/gpu_util_pct,920,1831.8848803043365,100.0
ray,perf/gpu_util_pct,921,1833.390364408493,62.0
ray,perf/gpu_util_pct,922,1834.8968636989594,99.0
ray,perf/gpu_util_pct,923,1836.4487326145172,97.0
ray,perf/gpu_util_pct,923,1837.9848592281342,14.0
ray,perf/gpu_util_pct,924,1839.5438315868378,97.0
ray,perf/gpu_util_pct,925,1841.0838222503662,35.0
ray,perf/gpu_util_pct,926,1842.6726260185242,100.0
ray,perf/gpu_util_pct,927,1844.1767945289612,100.0
ray,perf/gpu_util_pct,929,1845.6838114261627,100.0
ray,perf/gpu_util_pct,930,1847.1873207092285,98.0
ray,perf/gpu_util_pct,931,1848.6909413337708,100.0
ray,perf/gpu_util_pct,932,1850.1952152252197,100.0
ray,perf/gpu_util_pct,933,1851.813282251358,100.0
ray,perf/gpu_util_pct,934,1853.47984457016,100.0
ray,perf/gpu_util_pct,936,1854.9876317977905,100.0
ray,perf/gpu_util_pct,937,1856.4908874034882,89.0
ray,perf/gpu_util_pct,938,1857.9953978061676,91.0
ray,perf/gpu_util_pct,939,1859.5061373710632,100.0
ray,perf/gpu_util_pct,940,1861.143845319748,100.0
ray,perf/gpu_util_pct,941,1862.7736446857452,100.0
ray,perf/gpu_util_pct,942,1864.2775573730469,100.0
ray,perf/gpu_util_pct,943,1865.862729549408,100.0
ray,perf/gpu_util_pct,944,1867.3666682243347,100.0
ray,perf/gpu_util_pct,946,1868.869729757309,81.0
ray,perf/gpu_util_pct,946,1870.3807392120361,34.0
ray,perf/gpu_util_pct,947,1871.9213445186615,100.0
ray,perf/gpu_util_pct,948,1873.4252588748932,100.0
ray,perf/gpu_util_pct,950,1874.928426027298,100.0
ray,perf/gpu_util_pct,951,1876.4330613613129,100.0
ray,perf/gpu_util_pct,952,1877.9382109642029,100.0
ray,perf/gpu_util_pct,953,1879.4416463375092,55.0
ray,perf/gpu_util_pct,954,1880.9465923309326,100.0
ray,perf/gpu_util_pct,955,1882.450276851654,95.0
ray,perf/gpu_util_pct,956,1883.9883303642273,100.0
ray,perf/gpu_util_pct,957,1885.680653333664,100.0
ray,perf/gpu_util_pct,958,1887.184709072113,100.0
ray,perf/gpu_util_pct,960,1889.0578055381775,0.0
ray,perf/gpu_util_pct,961,1890.5620353221893,100.0
ray,perf/gpu_util_pct,962,1892.1653633117676,96.0
ray,perf/gpu_util_pct,963,1893.6872699260712,100.0
ray,perf/gpu_util_pct,964,1895.2736866474152,100.0
ray,perf/gpu_util_pct,965,1896.7780752182007,100.0
ray,perf/gpu_util_pct,967,1898.2819519042969,91.0
ray,perf/gpu_util_pct,968,1899.7864434719086,96.0
ray,perf/gpu_util_pct,969,1901.2900841236115,100.0
ray,perf/gpu_util_pct,970,1902.8478016853333,100.0
ray,perf/gpu_util_pct,971,1904.4463486671448,100.0
ray,perf/gpu_util_pct,972,1906.0145254135132,100.0
ray,perf/gpu_util_pct,973,1907.5180761814117,100.0
ray,perf/gpu_util_pct,975,1909.0216069221497,92.0
ray,perf/gpu_util_pct,976,1910.5254254341125,87.0
ray,perf/gpu_util_pct,977,1912.1046550273895,87.0
ray,perf/gpu_util_pct,978,1913.6833100318909,100.0
ray,perf/gpu_util_pct,979,1915.2109808921814,100.0
ray,perf/gpu_util_pct,980,1916.7169423103333,100.0
ray,perf/gpu_util_pct,981,1918.2221384048462,97.0
ray,perf/gpu_util_pct,983,1919.7319738864899,100.0
ray,perf/gpu_util_pct,984,1921.2359685897827,100.0
ray,perf/gpu_util_pct,985,1922.8873181343079,100.0
ray,perf/gpu_util_pct,986,1924.486530303955,85.0
ray,perf/gpu_util_pct,987,1925.9912033081055,100.0
ray,perf/gpu_util_pct,988,1927.4955441951752,100.0
ray,perf/gpu_util_pct,989,1929.0533673763275,100.0
ray,perf/gpu_util_pct,990,1930.5574419498444,100.0
ray,perf/gpu_util_pct,992,1932.0610222816467,91.0
ray,perf/gpu_util_pct,993,1933.5644738674164,80.0
ray,perf/gpu_util_pct,994,1935.186836719513,86.0
ray,perf/gpu_util_pct,995,1936.6905252933502,100.0
ray,perf/gpu_util_pct,996,1938.3566970825195,100.0
ray,perf/gpu_util_pct,997,1939.8611197471619,100.0
ray,perf/gpu_util_pct,998,1941.37934756279,100.0
ray,perf/gpu_util_pct,999,1942.8831651210785,100.0
ray,perf/gpu_util_pct,1000,1944.3897910118103,0.0
ray,perf/gpu_util_pct,1000,1945.8938541412354,96.0
ray,perf/gpu_util_pct,1000,1947.4023685455322,100.0
ray,perf/gpu_util_pct,1000,1948.9075601100922,96.0
ray,perf/gpu_util_pct,1000,1950.4178380966187,100.0
ray,perf/gpu_util_pct,1000,1951.9323043823242,97.0
ray,perf/gpu_util_pct,1000,1953.4589490890503,97.0
ray,perf/gpu_util_pct,1000,1954.9650189876556,90.0
ray,perf/gpu_util_pct,1000,1956.4692301750183,96.0
ray,perf/gpu_util_pct,1000,1957.9746344089508,100.0
ray,perf/gpu_util_pct,1000,1959.482272386551,98.0
ray,perf/gpu_util_pct,1000,1960.9934034347534,3.0
ray,perf/gpu_util_pct,1000,1962.4971091747284,3.0
ray,perf/gpu_util_pct,1000,1964.022198677063,2.0
ray,perf/gpu_util_pct,1000,1965.537395954132,3.0
ray,perf/gpu_util_pct,1000,1967.0494148731232,1.0
ray,perf/gpu_util_pct,1000,1968.5551006793976,3.0
ray,perf/gpu_util_pct,1000,1970.0653204917908,3.0
ray,perf/gpu_util_pct,1000,1971.5982720851898,4.0
ray,perf/gpu_util_pct,1000,1973.1018149852753,1.0
ray,perf/gpu_util_pct,1000,1974.6312909126282,2.0
ray,perf/gpu_util_pct,1000,1976.1347305774689,3.0
ray,perf/gpu_util_pct,1000,1977.6411452293396,2.0
ray,perf/gpu_util_pct,1000,1979.1446743011475,2.0
ray,perf/gpu_util_pct,1000,1980.6486117839813,2.0
ray,perf/gpu_util_pct,1000,1982.1561877727509,2.0
ray,perf/gpu_util_pct,1000,1983.6601972579956,2.0
ray,perf/gpu_util_pct,1000,1985.1669697761536,0.0
ray,perf/gpu_util_pct,1000,1986.6940586566925,0.0
ray,perf/gpu_util_pct,1000,1988.207580089569,0.0
ray,perf/gpu_util_pct,1000,1989.8962745666504,0.0
ray,perf/gpu_util_pct,1000,1991.402994632721,0.0
ray,perf/gpu_util_pct,1000,1992.9092211723328,0.0
ray,perf/gpu_util_pct,1000,1994.4398846626282,0.0
ray,perf/gpu_util_pct,1000,1995.9767801761627,0.0
ray,perf/gpu_util_pct,1000,1997.4961996078491,0.0
ray,perf/gpu_util_pct,1000,1999.0391309261322,0.0
ray,perf/gpu_util_pct,1000,2000.5444736480713,0.0
ray,perf/gpu_util_pct,1000,2002.1950278282166,0.0
ray,perf/gpu_util_pct,1000,2003.6989018917084,0.0
ray,perf/gpu_util_pct,1000,2005.202962398529,0.0
ray,perf/gpu_util_pct,1000,2006.7070620059967,0.0
ray,perf/gpu_util_pct,1000,2008.2110333442688,0.0
ray,perf/gpu_util_pct,1000,2009.7149045467377,0.0
ray,perf/gpu_util_pct,1000,2012.0695827007294,0.0
ray,perf/gpu_util_pct,1000,2013.5737581253052,0.0
ray,perf/gpu_util_pct,1000,2015.0776238441467,0.0
ray,perf/gpu_util_pct,1000,2016.5813293457031,0.0
ray,perf/gpu_util_pct,1000,2018.0854053497314,0.0
ray,perf/gpu_util_pct,1000,2019.5900790691376,0.0
ray,perf/gpu_util_pct,1000,2021.0955774784088,0.0
ray,perf/gpu_util_pct,1000,2022.600870847702,0.0
ray,perf/gpu_util_pct,1000,2024.105658531189,0.0
ray,perf/gpu_util_pct,1000,2025.609433889389,0.0
ray,perf/gpu_util_pct,1000,2027.1178770065308,0.0
ray,perf/gpu_util_pct,1000,2028.6215906143188,0.0
ray,perf/gpu_util_pct,1000,2030.1251497268677,0.0
ray,perf/gpu_util_pct,1000,2031.628769159317,0.0
ray,perf/gpu_util_pct,1000,2033.1329050064087,0.0
ray,perf/gpu_util_pct,1000,2034.6371972560883,0.0
ray,perf/gpu_util_pct,1000,2036.141408920288,0.0
ray,perf/gpu_util_pct,1000,2037.646009683609,0.0
ray,perf/gpu_util_pct,1000,2039.1495969295502,0.0
ray,perf/gpu_util_pct,1000,2040.6537311077118,0.0
ray,perf/gpu_util_pct,1000,2042.1574919223785,0.0
ray,perf/gpu_util_pct,1000,2043.661689043045,0.0
ray,perf/gpu_util_pct,1000,2045.166827917099,0.0
ray,perf/gpu_util_pct,1000,2046.6745467185974,0.0
ray,perf/gpu_util_pct,1000,2048.178279876709,0.0
ray,perf/gpu_util_pct,1000,2049.681861639023,0.0
ray,perf/gpu_util_pct,1000,2051.1855595111847,0.0
ray,perf/gpu_util_pct,1000,2052.6892187595367,0.0
ray,perf/gpu_util_pct,1000,2054.1929466724396,0.0
ray,perf/gpu_util_pct,1000,2055.697051525116,0.0
ray,perf/gpu_util_pct,1000,2057.201416492462,0.0
ray,perf/gpu_util_pct,1000,2058.704926252365,0.0
ray,perf/gpu_util_pct,1000,2060.2086663246155,0.0
ray,perf/gpu_util_pct,1000,2061.712500810623,0.0
ray,perf/gpu_util_pct,1000,2063.217318534851,0.0
ray,perf/gpu_util_pct,1000,2064.721194267273,0.0
ray,perf/gpu_util_pct,1000,2066.225844144821,0.0
ray,perf/gpu_util_pct,1000,2067.729894399643,0.0
ray,perf/gpu_util_pct,1000,2069.2336127758026,0.0
ray,perf/gpu_util_pct,1000,2070.7373354434967,0.0
ray,perf/gpu_util_pct,1000,2072.2411847114563,0.0
ray,perf/gpu_util_pct,1000,2073.7452478408813,0.0
ray,perf/gpu_util_pct,1000,2075.249053478241,0.0
ray,perf/gpu_util_pct,1000,2076.7529697418213,0.0
ray,perf/gpu_util_pct,1000,2078.2564623355865,0.0
ray,perf/gpu_util_pct,1000,2079.759979724884,0.0
ray,perf/gpu_util_pct,1000,2081.2640714645386,0.0
ray,perf/gpu_util_pct,1000,2082.767649412155,0.0
ray,perf/gpu_util_pct,1000,2084.271565437317,0.0
ray,perf/gpu_util_pct,1000,2085.7759573459625,0.0
ray,perf/gpu_util_pct,1000,2087.283757686615,0.0
ray,perf/gpu_util_pct,1000,2088.7880630493164,0.0
ray,perf/gpu_util_pct,1000,2090.291666030884,0.0
ray,perf/gpu_util_pct,1000,2091.7954745292664,0.0
ray,perf/gpu_util_pct,1000,2093.299076318741,0.0
ray,perf/gpu_util_pct,1000,2094.802752494812,0.0
ray,perf/gpu_util_pct,1000,2096.3064885139465,0.0
ray,perf/gpu_util_pct,1000,2097.8101177215576,0.0
ray,perf/gpu_util_pct,1000,2099.3146319389343,0.0
ray,perf/gpu_util_pct,1000,2100.8185954093933,0.0
ray,perf/gpu_util_pct,1000,2102.3220250606537,0.0
ray,perf/gpu_util_pct,1000,2103.82599568367,0.0
ray,perf/gpu_util_pct,1000,2105.3295736312866,0.0
ray,perf/gpu_util_pct,1000,2106.833490371704,0.0
ray,perf/gpu_util_pct,1000,2108.336990594864,0.0
ray,perf/gpu_util_pct,1000,2109.8412289619446,0.0
ray,perf/gpu_util_pct,1000,2111.3447930812836,0.0
ray,perf/gpu_util_pct,1000,2112.849096298218,0.0
ray,perf/gpu_util_pct,1000,2114.3527615070343,0.0
ray,perf/gpu_util_pct,1000,2115.856659412384,0.0
ray,perf/gpu_util_pct,1000,2117.3604876995087,0.0
ray,perf/gpu_util_pct,1000,2118.8645462989807,0.0
ray,perf/gpu_util_pct,1000,2120.3691778182983,0.0
ray,perf/gpu_util_pct,1000,2121.872828722,0.0
ray,perf/gpu_util_pct,1000,2123.376342535019,0.0
ray,perf/gpu_util_pct,1000,2124.880373477936,0.0
ray,perf/gpu_util_pct,1000,2126.384438753128,0.0
ray,perf/gpu_util_pct,1000,2127.889317035675,0.0
ray,perf/gpu_util_pct,1000,2129.3935384750366,0.0
ray,perf/gpu_util_pct,1000,2130.898248195648,0.0
ray,perf/gpu_util_pct,1000,2132.4040291309357,0.0
ray,perf/gpu_util_pct,1000,2133.907836675644,0.0
ray,perf/gpu_util_pct,1000,2135.4114558696747,0.0
ray,perf/gpu_util_pct,1000,2136.915096759796,0.0
ray,perf/gpu_util_pct,1000,2138.419050693512,0.0
ray,perf/gpu_util_pct,1000,2139.9230301380157,0.0
ray,perf/gpu_util_pct,1000,2141.4273676872253,0.0
ray,perf/gpu_util_pct,1000,2142.931323289871,0.0
ray,perf/gpu_util_pct,1000,2144.4352555274963,0.0
ray,perf/gpu_util_pct,1000,2145.9388525485992,0.0
ray,perf/gpu_util_pct,1000,2147.4425432682037,0.0
ray,perf/gpu_util_pct,1000,2148.9460690021515,0.0
ray,perf/gpu_util_pct,1000,2150.4495718479156,0.0
ray,perf/gpu_util_pct,1000,2151.9547505378723,0.0
ray,perf/gpu_util_pct,1000,2153.4582259655,0.0
ray,perf/gpu_util_pct,1000,2154.961788415909,0.0
ray,perf/gpu_util_pct,1000,2156.4656279087067,0.0
ray,perf/gpu_util_pct,1000,2157.969270467758,0.0
ray,perf/gpu_util_pct,1000,2159.473000526428,0.0
ray,perf/gpu_util_pct,1000,2160.9770967960358,0.0
ray,perf/gpu_util_pct,1000,2162.4816198349,0.0
ray,perf/gpu_util_pct,1000,2163.985149860382,0.0
ray,perf/gpu_util_pct,1000,2165.495341539383,0.0
ray,perf/gpu_util_pct,1000,2167.0024054050446,0.0
ray,perf/gpu_util_pct,1000,2168.513234615326,0.0
ray,perf/gpu_util_pct,1000,2170.0168268680573,0.0
ray,perf/gpu_util_pct,1000,2171.5205070972443,0.0
ray,perf/gpu_util_pct,1000,2173.0242388248444,0.0
ray,perf/gpu_util_pct,1000,2174.528736114502,0.0
ray,perf/gpu_util_pct,1000,2176.032700061798,0.0
ray,perf/gpu_util_pct,1000,2177.5363671779633,0.0
ray,perf/gpu_util_pct,1000,2179.0402269363403,0.0
ray,perf/gpu_util_pct,1000,2180.544004917145,0.0
ray,perf/gpu_util_pct,1000,2182.0475170612335,0.0
ray,perf/gpu_util_pct,1000,2183.5511503219604,0.0
ray,perf/gpu_util_pct,1000,2185.0550379753113,0.0
ray,perf/gpu_util_pct,1000,2186.558807849884,0.0
ray,perf/gpu_util_pct,1000,2188.062691926956,0.0
ray,perf/gpu_util_pct,1000,2189.5666065216064,0.0
ray,perf/gpu_util_pct,1000,2191.0704579353333,0.0
ray,perf/gpu_util_pct,1000,2192.5750617980957,0.0
ray,perf/gpu_util_pct,1000,2194.0787472724915,0.0
ray,perf/gpu_util_pct,1000,2195.583443880081,0.0
ray,perf/gpu_util_pct,1000,2197.087990283966,0.0
ray,perf/gpu_util_pct,1000,2198.591876745224,0.0
ray,perf/gpu_util_pct,1000,2200.0956139564514,0.0
ray,perf/gpu_util_pct,1000,2201.599497318268,0.0
ray,perf/gpu_util_pct,1000,2203.103447198868,0.0
ray,perf/gpu_util_pct,1000,2204.6071226596832,0.0
ray,perf/gpu_util_pct,1000,2206.1114711761475,0.0
ray,perf/gpu_util_pct,1000,2207.6154930591583,0.0
ray,perf/gpu_util_pct,1000,2209.118889570236,0.0
ray,perf/gpu_util_pct,1000,2210.6223001480103,0.0
ray,perf/gpu_util_pct,1000,2212.1258449554443,0.0
ray,perf/gpu_util_pct,1000,2213.629546403885,0.0
ray,perf/gpu_util_pct,1000,2215.1334755420685,0.0
ray,perf/gpu_util_pct,1000,2216.6378676891327,0.0
ray,perf/gpu_util_pct,1000,2218.141458272934,0.0
ray,perf/gpu_util_pct,1000,2219.6458303928375,0.0
ray,perf/gpu_util_pct,1000,2221.1499865055084,0.0
ray,perf/gpu_util_pct,1000,2222.654419898987,0.0
ray,perf/gpu_util_pct,1000,2224.157862663269,0.0
ray,perf/gpu_util_pct,1000,2225.661735534668,0.0
ray,perf/gpu_util_pct,1000,2227.1673283576965,0.0
ray,perf/gpu_util_pct,1000,2228.6709504127502,0.0
ray,perf/gpu_util_pct,1000,2230.174628019333,0.0
ray,perf/gpu_util_pct,1000,2231.6782739162445,0.0
ray,perf/gpu_util_pct,1000,2233.182209968567,0.0
ray,perf/gpu_util_pct,1000,2234.6860477924347,0.0
ray,perf/gpu_util_pct,1000,2236.190380334854,0.0
ray,perf/gpu_util_pct,1000,2237.6946902275085,0.0
ray,perf/gpu_util_pct,1000,2239.1982662677765,0.0
ray,perf/gpu_util_pct,1000,2240.7017097473145,0.0
ray,perf/gpu_util_pct,1000,2242.20547246933,0.0
ray,perf/gpu_util_pct,1000,2243.708801984787,0.0
ray,perf/gpu_util_pct,1000,2245.2122662067413,0.0
ray,perf/gpu_util_pct,1000,2246.716221809387,0.0
ray,perf/gpu_util_pct,1000,2248.2201042175293,0.0
ray,perf/gpu_util_pct,1000,2249.724240064621,0.0
ray,perf/gpu_util_pct,1000,2251.228309392929,0.0
ray,perf/gpu_util_pct,1000,2252.731904029846,0.0
ray,perf/gpu_util_pct,1000,2254.235456466675,0.0
ray,perf/gpu_util_pct,1000,2255.738956451416,0.0
ray,perf/gpu_util_pct,1000,2257.2423062324524,0.0
ray,perf/gpu_util_pct,1000,2258.7455961704254,0.0
ray,perf/gpu_util_pct,1000,2260.2495193481445,0.0
ray,perf/gpu_util_pct,1000,2261.7532703876495,0.0
ray,perf/gpu_util_pct,1000,2263.257636785507,0.0
ray,perf/gpu_util_pct,1000,2264.7610704898834,0.0
ray,perf/gpu_util_pct,1000,2266.265846967697,0.0
ray,perf/gpu_util_pct,1000,2267.7700984477997,0.0
ray,perf/gpu_util_pct,1000,2269.273931503296,0.0
ray,perf/gpu_util_pct,1000,2270.7782554626465,0.0
ray,perf/gpu_util_pct,1000,2272.281902551651,0.0
ray,perf/gpu_util_pct,1000,2273.7855558395386,0.0
ray,perf/gpu_util_pct,1000,2275.2890479564667,0.0
ray,perf/gpu_util_pct,1000,2276.792379617691,0.0
ray,perf/gpu_util_pct,1000,2278.2967541217804,0.0
ray,perf/gpu_util_pct,1000,2279.8003697395325,0.0
ray,perf/gpu_util_pct,1000,2281.3045949935913,0.0
ray,perf/gpu_util_pct,1000,2282.8081908226013,0.0
ray,perf/gpu_util_pct,1000,2284.3116505146027,0.0
ray,perf/gpu_util_pct,1000,2285.815094232559,0.0
ray,perf/gpu_util_pct,1000,2287.318545818329,0.0
ray,perf/gpu_util_pct,1000,2288.8221349716187,0.0
ray,perf/gpu_util_pct,1000,2290.3257060050964,0.0
ray,perf/gpu_util_pct,1000,2291.8295226097107,0.0
ray,perf/gpu_util_pct,1000,2293.3334300518036,0.0
ray,perf/gpu_util_pct,1000,2294.8369693756104,0.0
ray,perf/gpu_util_pct,1000,2296.3405299186707,0.0
ray,perf/gpu_util_pct,1000,2297.8438436985016,0.0
ray,perf/gpu_util_pct,1000,2299.347152233124,0.0
ray,perf/gpu_util_pct,1000,2300.8507895469666,0.0
ray,perf/gpu_util_pct,1000,2302.3550465106964,0.0
ray,perf/gpu_util_pct,1000,2303.8586502075195,0.0
ray,perf/gpu_util_pct,1000,2305.362355709076,0.0
ray,perf/gpu_util_pct,1000,2306.8659501075745,0.0
ray,perf/gpu_util_pct,1000,2308.369777202606,0.0
ray,perf/gpu_util_pct,1000,2309.874278783798,0.0
ray,perf/gpu_util_pct,1000,2311.3808608055115,0.0
ray,perf/gpu_util_pct,1000,2312.885695695877,0.0
ray,perf/gpu_util_pct,1000,2314.3901376724243,0.0
ray,perf/gpu_util_pct,1000,2315.89426779747,0.0
ray,perf/gpu_util_pct,1000,2317.398357152939,0.0
ray,perf/gpu_util_pct,1000,2318.902168750763,0.0
ray,perf/gpu_util_pct,1000,2320.4065656661987,0.0
ray,perf/gpu_util_pct,1000,2321.9105746746063,0.0
ray,perf/gpu_util_pct,1000,2323.4148993492126,0.0
ray,perf/gpu_util_pct,1000,2324.918571949005,0.0
ray,perf/gpu_util_pct,1000,2326.4226315021515,0.0
ray,perf/gpu_util_pct,1000,2327.926521062851,0.0
ray,perf/gpu_util_pct,1000,2329.4306404590607,0.0
ray,perf/gpu_util_pct,1000,2330.934683561325,0.0
ray,perf/gpu_util_pct,1000,2332.4394023418427,0.0
ray,perf/gpu_util_pct,1000,2333.9440257549286,0.0
ray,perf/gpu_util_pct,1000,2335.448486804962,0.0
ray,perf/gpu_util_pct,1000,2336.9525632858276,0.0
ray,perf/gpu_util_pct,1000,2338.4564316272736,0.0
ray,perf/gpu_util_pct,1000,2339.9602479934692,0.0
ray,perf/gpu_util_pct,1000,2341.464013814926,0.0
ray,perf/gpu_util_pct,1000,2342.970473766327,0.0
ray,perf/gpu_util_pct,1000,2344.4741208553314,0.0
ray,perf/gpu_util_pct,1000,2345.9780645370483,0.0
ray,perf/gpu_util_pct,1000,2347.481960296631,0.0
ray,perf/gpu_util_pct,1000,2348.987047433853,0.0
ray,perf/gpu_util_pct,1000,2350.4905245304108,0.0
ray,perf/gpu_util_pct,1000,2351.9939756393433,0.0
ray,perf/gpu_util_pct,1000,2353.4975006580353,0.0
ray,perf/gpu_util_pct,1000,2355.001110315323,0.0
ray,perf/gpu_util_pct,1000,2356.5049264431,0.0
ray,perf/gpu_util_pct,1000,2358.008561372757,0.0
ray,perf/gpu_util_pct,1000,2359.512320280075,0.0
ray,perf/gpu_util_pct,1000,2361.015884399414,0.0
ray,perf/gpu_util_pct,1000,2362.5194413661957,0.0
ray,perf/gpu_util_pct,1000,2364.0227432250977,0.0
ray,perf/gpu_util_pct,1000,2365.5265729427338,0.0
ray,perf/gpu_util_pct,1000,2367.030615091324,0.0
ray,perf/gpu_util_pct,1000,2368.534199476242,0.0
ray,perf/gpu_util_pct,1000,2370.039778470993,0.0
ray,perf/gpu_util_pct,1000,2371.5446186065674,0.0
ray,perf/gpu_util_pct,1000,2373.0491049289703,0.0
ray,perf/gpu_util_pct,1000,2374.553446292877,0.0
ray,perf/gpu_util_pct,1000,2376.0575869083405,0.0
ray,perf/gpu_util_pct,1000,2377.5616986751556,0.0
ray,perf/gpu_util_pct,1000,2379.0650267601013,0.0
ray,perf/gpu_util_pct,1000,2380.570025205612,0.0
ray,perf/gpu_util_pct,1000,2382.0736227035522,0.0
ray,perf/gpu_util_pct,1000,2383.5773243904114,0.0
ray,perf/gpu_util_pct,1000,2385.080663919449,0.0
ray,perf/gpu_util_pct,1000,2386.584178686142,0.0
ray,perf/gpu_util_pct,1000,2388.088835000992,0.0
ray,perf/gpu_util_pct,1000,2389.592409849167,0.0
ray,perf/gpu_util_pct,1000,2391.0958592891693,0.0
ray,perf/gpu_util_pct,1000,2392.5998277664185,0.0
ray,perf/gpu_util_pct,1000,2394.1032009124756,0.0
ray,perf/gpu_util_pct,1000,2395.6068127155304,0.0
ray,perf/gpu_util_pct,1000,2397.1107125282288,0.0
ray,perf/gpu_util_pct,1000,2398.615038871765,0.0
ray,perf/gpu_util_pct,1000,2400.118402481079,0.0
ray,perf/gpu_util_pct,1000,2401.622258424759,0.0
ray,perf/gpu_util_pct,1000,2403.125723838806,0.0
ray,perf/gpu_util_pct,1000,2404.629168510437,0.0
ray,perf/gpu_util_pct,1000,2406.1325929164886,0.0
ray,perf/gpu_util_pct,1000,2407.6382133960724,0.0
ray,perf/gpu_util_pct,1000,2409.142046689987,0.0
ray,perf/gpu_util_pct,1000,2410.6464014053345,0.0
ray,perf/gpu_util_pct,1000,2412.149775505066,0.0
ray,perf/gpu_util_pct,1000,2413.653388977051,0.0
ray,perf/gpu_util_pct,1000,2415.1569344997406,0.0
ray,perf/gpu_util_pct,1000,2416.6607513427734,0.0
ray,perf/gpu_util_pct,1000,2418.164555311203,0.0
ray,perf/gpu_util_pct,1000,2419.668110847473,0.0
ray,perf/gpu_util_pct,1000,2421.1720237731934,0.0
ray,perf/gpu_util_pct,1000,2422.675550699234,0.0
ray,perf/gpu_util_pct,1000,2424.1792438030243,0.0
ray,perf/gpu_util_pct,1000,2425.6881291866302,0.0
ray,perf/gpu_util_pct,1000,2427.192483186722,0.0
ray,perf/gpu_util_pct,1000,2428.696990966797,0.0
ray,perf/gpu_util_pct,1000,2430.2023587226868,0.0
ray,perf/gpu_util_pct,1000,2431.7080495357513,0.0
ray,perf/gpu_util_pct,1000,2433.2135088443756,0.0
ray,perf/gpu_util_pct,1000,2434.7173454761505,0.0
ray,perf/gpu_util_pct,1000,2436.2212705612183,0.0
ray,perf/gpu_util_pct,1000,2437.7310030460358,0.0
ray,perf/gpu_util_pct,1000,2439.236214160919,0.0
ray,perf/gpu_util_pct,1000,2440.740890264511,0.0
ray,perf/gpu_util_pct,1000,2442.2460601329803,0.0
ray,perf/gpu_util_pct,1000,2443.7506012916565,0.0
ray,perf/gpu_util_pct,1000,2445.255111694336,0.0
ray,perf/gpu_util_pct,1000,2446.758862018585,0.0
ray,perf/gpu_util_pct,1000,2448.2622725963593,0.0
ray,perf/gpu_util_pct,1000,2449.7662029266357,0.0
ray,perf/gpu_util_pct,1000,2451.27339220047,0.0
ray,perf/gpu_util_pct,1000,2452.777901649475,0.0
ray,perf/gpu_util_pct,1000,2454.281879901886,0.0
ray,perf/gpu_util_pct,1000,2455.7859694957733,0.0
ray,perf/gpu_util_pct,1000,2457.2900862693787,0.0
ray,perf/gpu_util_pct,1000,2458.7942173480988,0.0
ray,perf/gpu_util_pct,1000,2460.298044204712,0.0
ray,perf/gpu_util_pct,1000,2461.8018362522125,0.0
ray,perf/gpu_util_pct,1000,2463.306148290634,0.0
ray,perf/gpu_util_pct,1000,2464.809792995453,0.0
ray,perf/gpu_util_pct,1000,2466.3139729499817,0.0
ray,perf/gpu_util_pct,1000,2467.8177938461304,0.0
ray,perf/gpu_util_pct,1000,2469.321492433548,0.0
ray,perf/gpu_util_pct,1000,2470.8251523971558,0.0
ray,perf/gpu_util_pct,1000,2472.3290359973907,0.0
ray,perf/gpu_util_pct,1000,2473.8336589336395,0.0
ray,perf/gpu_util_pct,1000,2475.3376126289368,0.0
ray,perf/gpu_util_pct,1000,2476.8415429592133,0.0
ray,perf/gpu_util_pct,1000,2478.345534324646,0.0
ray,perf/gpu_util_pct,1000,2479.851831436157,0.0
ray,perf/gpu_util_pct,1000,2481.355381965637,0.0
ray,perf/gpu_util_pct,1000,2482.8598034381866,0.0
ray,perf/gpu_util_pct,1000,2484.3635070323944,0.0
ray,perf/gpu_util_pct,1000,2485.8677003383636,0.0
ray,perf/gpu_util_pct,1000,2487.3713998794556,0.0
ray,perf/gpu_util_pct,1000,2488.875548839569,0.0
ray,perf/gpu_util_pct,1000,2490.379314661026,0.0
ray,perf/gpu_util_pct,1000,2491.8832619190216,0.0
ray,perf/gpu_util_pct,1000,2493.3870804309845,0.0
ray,perf/gpu_util_pct,1000,2494.8909056186676,0.0
ray,perf/gpu_util_pct,1000,2496.3953092098236,0.0
ray,perf/gpu_util_pct,1000,2497.8992207050323,0.0
ray,perf/gpu_util_pct,1000,2499.4028384685516,0.0
ray,perf/gpu_util_pct,1000,2500.9065952301025,0.0
ray,perf/gpu_util_pct,1000,2502.410064935684,0.0
ray,perf/gpu_util_pct,1000,2503.913719177246,0.0
ray,perf/gpu_util_pct,1000,2505.4179317951202,0.0
ray,perf/gpu_util_pct,1000,2506.9225993156433,0.0
ray,perf/gpu_util_pct,1000,2508.426271677017,0.0
ray,perf/gpu_util_pct,1000,2509.929698228836,0.0
ray,perf/gpu_util_pct,1000,2511.433217048645,0.0
ray,perf/gpu_util_pct,1000,2512.9366931915283,0.0
ray,perf/gpu_util_pct,1000,2514.440263271332,0.0
ray,perf/gpu_util_pct,1000,2515.9439449310303,0.0
ray,perf/gpu_util_pct,1000,2517.455095767975,0.0
ray,perf/gpu_util_pct,1000,2518.961181163788,0.0
ray,perf/gpu_util_pct,1000,2520.4654240608215,0.0
ray,perf/gpu_util_pct,1000,2521.9722316265106,0.0
ray,perf/gpu_util_pct,1000,2523.4758698940277,0.0
ray,perf/gpu_util_pct,1000,2524.9796669483185,0.0
ray,perf/gpu_util_pct,1000,2526.4832520484924,0.0
ray,perf/gpu_util_pct,1000,2527.987919807434,0.0
ray,perf/gpu_util_pct,1000,2529.4915640354156,0.0
ray,perf/gpu_util_pct,1000,2530.9955303668976,0.0
ray,perf/gpu_util_pct,1000,2532.499283313751,0.0
ray,perf/gpu_util_pct,1000,2534.0035767555237,0.0
ray,perf/gpu_util_pct,1000,2535.5084047317505,0.0
ray,perf/gpu_util_pct,1000,2537.012075662613,0.0
ray,perf/gpu_util_pct,1000,2538.5169270038605,0.0
ray,perf/gpu_util_pct,1000,2540.020472764969,0.0
ray,perf/gpu_util_pct,1000,2541.524233818054,0.0
ray,perf/gpu_util_pct,1000,2543.0280561447144,0.0
ray,perf/gpu_util_pct,1000,2544.5316441059113,0.0
ray,perf/gpu_util_pct,1000,2546.0354018211365,0.0
ray,perf/gpu_util_pct,1000,2547.5392031669617,0.0
ray,perf/gpu_util_pct,1000,2549.0436835289,0.0
ray,perf/gpu_util_pct,1000,2550.5472514629364,0.0
ray,perf/gpu_util_pct,1000,2552.0510573387146,0.0
ray,perf/gpu_util_pct,1000,2553.554627418518,0.0
ray,perf/gpu_util_pct,1000,2555.0581727027893,0.0
ray,perf/gpu_util_pct,1000,2556.561719417572,0.0
ray,perf/gpu_util_pct,1000,2558.065293073654,0.0
ray,perf/gpu_util_pct,1000,2559.5694468021393,0.0
ray,perf/gpu_util_pct,1000,2561.073448896408,0.0
ray,perf/gpu_util_pct,1000,2562.577004432678,0.0
ray,perf/gpu_util_pct,1000,2564.0809807777405,0.0
ray,perf/gpu_util_pct,1000,2565.5848915576935,0.0
ray,perf/gpu_util_pct,1000,2567.0885429382324,0.0
ray,perf/gpu_util_pct,1000,2568.5925459861755,0.0
ray,perf/gpu_util_pct,1000,2570.096207857132,0.0
ray,perf/gpu_util_pct,1000,2571.6002678871155,0.0
ray,perf/gpu_util_pct,1000,2573.103758096695,0.0
ray,perf/gpu_util_pct,1000,2574.6074845790863,0.0
ray,perf/gpu_util_pct,1000,2576.111807823181,0.0
ray,perf/gpu_util_pct,1000,2577.6166570186615,0.0
ray,perf/gpu_util_pct,1000,2579.1207480430603,0.0
ray,perf/gpu_util_pct,1000,2580.624858856201,0.0
ray,perf/gpu_util_pct,1000,2582.129623413086,0.0
ray,perf/gpu_util_pct,1000,2583.6360759735107,0.0
ray,perf/gpu_util_pct,1000,2585.1398561000824,0.0
ray,perf/gpu_util_pct,1000,2586.6436836719513,0.0
ray,perf/gpu_util_pct,1000,2588.1475327014923,0.0
ray,perf/gpu_util_pct,1000,2589.6517231464386,0.0
ray,perf/gpu_util_pct,1000,2591.1552612781525,0.0
ray,perf/gpu_util_pct,1000,2592.659398794174,0.0
ray,perf/gpu_util_pct,1000,2594.1628913879395,0.0
ray,perf/gpu_util_pct,1000,2595.666853904724,0.0
ray,perf/gpu_util_pct,1000,2597.170488834381,0.0
ray,perf/gpu_util_pct,1000,2598.6744377613068,0.0
ray,perf/gpu_util_pct,1000,2600.178065776825,0.0
ray,perf/gpu_util_pct,1000,2601.6817433834076,0.0
ray,perf/gpu_util_pct,1000,2603.185976743698,0.0
ray,perf/gpu_util_pct,1000,2604.6898794174194,0.0
ray,perf/gpu_util_pct,1000,2606.1933376789093,0.0
ray,perf/gpu_util_pct,1000,2607.697109222412,0.0
ray,perf/gpu_util_pct,1000,2609.20099902153,0.0
ray,perf/gpu_util_pct,1000,2610.704955101013,0.0
ray,perf/gpu_util_pct,1000,2612.20875954628,0.0
ray,perf/gpu_util_pct,1000,2613.7253108024597,0.0
ray,perf/gpu_util_pct,1000,2615.2291390895844,0.0
ray,perf/gpu_util_pct,1000,2616.732773542404,0.0
ray,perf/gpu_util_pct,1000,2618.2365176677704,0.0
ray,perf/gpu_util_pct,1000,2619.7402667999268,0.0
ray,perf/gpu_util_pct,1000,2621.24432516098,0.0
ray,perf/gpu_util_pct,1000,2622.7478811740875,0.0
ray,perf/gpu_util_pct,1000,2624.2522208690643,0.0
ray,perf/gpu_util_pct,1000,2625.7562277317047,0.0
ray,perf/gpu_util_pct,1000,2627.260279417038,0.0
ray,perf/gpu_util_pct,1000,2628.764068841934,0.0
ray,perf/gpu_util_pct,1000,2630.267727136612,0.0
ray,perf/gpu_util_pct,1000,2631.7713186740875,0.0
ray,perf/gpu_util_pct,1000,2633.2753431797028,0.0
ray,perf/gpu_util_pct,1000,2634.779628753662,0.0
ray,perf/gpu_util_pct,1000,2636.285308599472,0.0
ray,perf/gpu_util_pct,1000,2637.7948782444,0.0
ray,perf/gpu_util_pct,1000,2639.3081550598145,0.0
ray,perf/gpu_util_pct,1000,2640.819159269333,0.0
ray,perf/gpu_util_pct,1000,2642.328998565674,0.0
ray,perf/gpu_util_pct,1000,2643.837385892868,0.0
ray,perf/gpu_util_pct,1000,2645.341846227646,0.0
ray,perf/gpu_util_pct,1000,2646.8470356464386,0.0
ray,perf/gpu_util_pct,1000,2648.3510694503784,0.0
ray,perf/gpu_util_pct,1000,2649.854849100113,0.0
ray,perf/gpu_util_pct,1000,2651.3584773540497,0.0
ray,perf/gpu_util_pct,1000,2652.8623564243317,0.0
ray,perf/gpu_util_pct,1000,2654.3662345409393,0.0
ray,perf/gpu_util_pct,1000,2655.8698806762695,0.0
ray,perf/gpu_util_pct,1000,2657.3742413520813,0.0
ray,perf/gpu_util_pct,1000,2658.878030061722,0.0
ray,perf/gpu_util_pct,1000,2660.3816952705383,0.0
ray,perf/gpu_util_pct,1000,2661.885354280472,0.0
ray,perf/gpu_util_pct,1000,2663.389333486557,0.0
ray,perf/gpu_util_pct,1000,2664.892865896225,0.0
ray,perf/gpu_util_pct,1000,2666.3981170654297,0.0
ray,perf/gpu_util_pct,1000,2667.9027004241943,0.0
ray,perf/gpu_util_pct,1000,2669.4069480895996,0.0
ray,perf/gpu_util_pct,1000,2670.9107160568237,0.0
ray,perf/gpu_util_pct,1000,2672.414676427841,0.0
ray,perf/gpu_util_pct,1000,2673.91845035553,0.0
ray,perf/gpu_util_pct,1000,2675.4225385189056,0.0
ray,perf/gpu_util_pct,1000,2676.926192522049,0.0
ray,perf/gpu_util_pct,1000,2678.4307055473328,0.0
ray,perf/gpu_util_pct,1000,2679.9345088005066,0.0
ray,perf/gpu_util_pct,1000,2681.438840150833,0.0
ray,perf/gpu_util_pct,1000,2682.9428341388702,0.0
ray,perf/gpu_util_pct,1000,2684.4465115070343,0.0
ray,perf/gpu_util_pct,1000,2685.9504606723785,0.0
ray,perf/gpu_util_pct,1000,2687.454160928726,0.0
ray,perf/gpu_util_pct,1000,2688.9585115909576,0.0
ray,perf/gpu_util_pct,1000,2690.4621634483337,0.0
ray,perf/gpu_util_pct,1000,2691.9664397239685,0.0
ray,perf/gpu_util_pct,1000,2693.4701120853424,0.0
ray,perf/gpu_util_pct,1000,2694.973737001419,0.0
ray,perf/gpu_util_pct,1000,2696.4774355888367,0.0
ray,perf/gpu_util_pct,1000,2697.981092453003,0.0
ray,perf/gpu_util_pct,1000,2699.4855165481567,0.0
ray,perf/gpu_util_pct,1000,2700.9892485141754,0.0
ray,perf/gpu_util_pct,1000,2702.49312376976,0.0
ray,perf/gpu_util_pct,1000,2703.99725151062,0.0
ray,perf/gpu_util_pct,1000,2705.5010073184967,0.0
ray,perf/gpu_util_pct,1000,2707.0051782131195,0.0
ray,perf/gpu_util_pct,1000,2708.5088205337524,0.0
ray,perf/gpu_util_pct,1000,2710.013377904892,0.0
ray,perf/gpu_util_pct,1000,2711.5170044898987,0.0
ray,perf/gpu_util_pct,1000,2713.0207130908966,0.0
ray,perf/gpu_util_pct,1000,2714.5243706703186,0.0
ray,perf/gpu_util_pct,1000,2716.028631210327,0.0
ray,perf/gpu_util_pct,1000,2717.5324749946594,0.0
ray,perf/gpu_util_pct,1000,2719.0365285873413,0.0
ray,perf/gpu_util_pct,1000,2720.5408732891083,0.0
ray,perf/gpu_util_pct,1000,2722.0452077388763,0.0
ray,perf/gpu_util_pct,1000,2723.5490067005157,0.0
ray,perf/gpu_util_pct,1000,2725.052698135376,0.0
ray,perf/gpu_util_pct,1000,2726.5579578876495,0.0
ray,perf/gpu_util_pct,1000,2728.062302827835,0.0
ray,perf/gpu_util_pct,1000,2729.5660128593445,0.0
ray,perf/gpu_util_pct,1000,2731.069875717163,0.0
ray,perf/gpu_util_pct,1000,2732.5742716789246,0.0
ray,perf/gpu_util_pct,1000,2734.0781700611115,0.0
ray,perf/gpu_util_pct,1000,2735.582397222519,0.0
ray,perf/gpu_util_pct,1000,2737.086190700531,0.0
ray,perf/gpu_util_pct,1000,2738.590195417404,0.0
ray,perf/gpu_util_pct,1000,2740.099483728409,0.0
ray,perf/gpu_util_pct,1000,2741.6119315624237,0.0
ray,perf/gpu_util_pct,1000,2743.1263089179993,0.0
ray,perf/gpu_util_pct,1000,2744.6391575336456,0.0
ray,perf/gpu_util_pct,1000,2746.147219181061,0.0
ray,perf/gpu_util_pct,1000,2747.6515417099,0.0
ray,perf/gpu_util_pct,1000,2749.155173063278,0.0
ray,perf/gpu_util_pct,1000,2750.6587648391724,0.0
ray,perf/gpu_util_pct,1000,2752.1627621650696,0.0
ray,perf/gpu_util_pct,1000,2753.6675355434418,0.0
ray,perf/gpu_util_pct,1000,2755.1711602211,0.0
ray,perf/gpu_util_pct,1000,2756.6754417419434,0.0
ray,perf/gpu_util_pct,1000,2758.179033279419,0.0
ray,perf/gpu_util_pct,1000,2759.6827521324158,0.0
ray,perf/gpu_util_pct,1000,2761.1863708496094,0.0
ray,perf/gpu_util_pct,1000,2762.690571308136,0.0
ray,perf/gpu_util_pct,1000,2764.1950039863586,0.0
ray,perf/gpu_util_pct,1000,2765.6986973285675,0.0
ray,perf/gpu_util_pct,1000,2767.202293395996,0.0
ray,perf/gpu_util_pct,1000,2768.7065019607544,0.0
ray,perf/gpu_util_pct,1000,2770.210056066513,0.0
ray,perf/gpu_util_pct,1000,2771.7137479782104,0.0
ray,perf/gpu_util_pct,1000,2773.2172780036926,0.0
ray,perf/gpu_util_pct,1000,2774.72198843956,0.0
ray,perf/gpu_util_pct,1000,2776.225811958313,0.0
ray,perf/gpu_util_pct,1000,2777.729564189911,0.0
ray,perf/gpu_util_pct,1000,2779.233200073242,0.0
ray,perf/gpu_util_pct,1000,2780.737023115158,0.0
ray,perf/gpu_util_pct,1000,2782.2404160499573,0.0
ray,perf/gpu_util_pct,1000,2783.744043827057,0.0
ray,perf/gpu_util_pct,1000,2785.2481215000153,0.0
ray,perf/gpu_util_pct,1000,2786.7518088817596,0.0
ray,perf/gpu_util_pct,1000,2788.255392551422,0.0
ray,perf/gpu_util_pct,1000,2789.7638018131256,0.0
ray,perf/gpu_util_pct,1000,2791.2675647735596,0.0
ray,perf/gpu_util_pct,1000,2792.7711527347565,0.0
ray,perf/gpu_util_pct,1000,2794.2753200531006,0.0
ray,perf/gpu_util_pct,1000,2795.7799274921417,0.0
ray,perf/gpu_util_pct,1000,2797.2835392951965,0.0
ray,perf/gpu_util_pct,1000,2798.7898540496826,0.0
ray,perf/gpu_util_pct,1000,2800.2947940826416,0.0
ray,perf/gpu_util_pct,1000,2801.7983446121216,0.0
ray,perf/gpu_util_pct,1000,2803.3020329475403,0.0
ray,perf/gpu_util_pct,1000,2804.8059043884277,0.0
ray,perf/gpu_util_pct,1000,2806.310088634491,0.0
ray,perf/gpu_util_pct,1000,2807.8151972293854,0.0
ray,perf/gpu_util_pct,1000,2809.3191661834717,0.0
ray,perf/gpu_util_pct,1000,2810.822760820389,0.0
ray,perf/gpu_util_pct,1000,2812.3264772892,0.0
ray,perf/gpu_util_pct,1000,2813.8303742408752,0.0
ray,perf/gpu_util_pct,1000,2815.334182739258,0.0
ray,perf/gpu_util_pct,1000,2816.837723493576,0.0
ray,perf/gpu_util_pct,1000,2818.3420605659485,0.0
ray,perf/gpu_util_pct,1000,2819.8457202911377,0.0
ray,perf/gpu_util_pct,1000,2821.3499908447266,0.0
ray,perf/gpu_util_pct,1000,2822.853672027588,0.0
ray,perf/gpu_util_pct,1000,2824.3573479652405,0.0
ray,perf/gpu_util_pct,1000,2825.8611781597137,0.0
ray,perf/gpu_util_pct,1000,2827.3650472164154,0.0
ray,perf/gpu_util_pct,1000,2828.8694841861725,0.0
ray,train/loss,10,36.71043872833252,2.4672930240631104
ray,train/loss,20,50.11876177787781,2.2429208755493164
ray,train/loss,30,63.599565505981445,3.237334966659546
ray,train/loss,40,76.53436088562012,0.946211040019989
ray,train/loss,50,89.51626181602478,0.8802610635757446
ray,train/loss,60,102.66292119026184,0.7171891331672668
ray,train/loss,70,115.64132595062256,0.5572172999382019
ray,train/loss,80,129.08261156082153,4.629157066345215
ray,train/loss,90,142.05355405807495,0.49415794014930725
ray,train/loss,100,155.22335934638977,1.3220710754394531
ray,train/loss,110,217.9892179965973,1.5012832880020142
ray,train/loss,120,234.2708079814911,0.7501911520957947
ray,train/loss,130,247.74010396003723,1.8696987628936768
ray,train/loss,140,260.58459877967834,0.8422106504440308
ray,train/loss,150,273.65303778648376,2.2677595615386963
ray,train/loss,160,286.6089017391205,0.7151386141777039
ray,train/loss,170,299.88338923454285,0.631039023399353
ray,train/loss,180,312.57847332954407,2.399815797805786
ray,train/loss,190,325.63458013534546,1.7935521602630615
ray,train/loss,200,338.72667241096497,0.569713830947876
ray,train/loss,210,412.51164293289185,0.537864625453949
ray,train/loss,220,425.6298315525055,1.3395136594772339
ray,train/loss,230,439.1267845630646,1.2230991125106812
ray,train/loss,240,452.3358221054077,1.1241122484207153
ray,train/loss,250,465.7583734989166,0.9988453388214111
ray,train/loss,260,478.7477984428406,0.5623294115066528
ray,train/loss,270,491.7744312286377,0.531665563583374
ray,train/loss,280,505.77318954467773,0.8192532658576965
ray,train/loss,290,519.1775479316711,1.0378620624542236
ray,train/loss,300,532.6590886116028,0.6930055618286133
ray,train/loss,310,618.5990636348724,0.7278647422790527
ray,train/loss,320,637.2038280963898,1.6100118160247803
ray,train/loss,330,651.2203216552734,1.0668036937713623
ray,train/loss,340,668.8744070529938,2.5654985904693604
ray,train/loss,350,682.974556684494,0.5263351202011108
ray,train/loss,360,702.6110751628876,0.5557624697685242
ray,train/loss,370,715.8780424594879,0.3592453896999359
ray,train/loss,380,732.7693438529968,0.5794969797134399
ray,train/loss,390,746.2180228233337,1.071418046951294
ray,train/loss,400,765.082777261734,0.6631730198860168
ray,train/loss,410,845.7295954227448,0.8422315716743469
ray,train/loss,420,860.1939888000488,0.6820998191833496
ray,train/loss,430,873.0863673686981,0.46144920587539673
ray,train/loss,440,885.967271566391,0.5140516757965088
ray,train/loss,450,899.0182871818542,0.452075332403183
ray,train/loss,460,912.2954182624817,0.5002163052558899
ray,train/loss,470,925.3953824043274,0.5374298095703125
ray,train/loss,480,938.5912692546844,0.5464301109313965
ray,train/loss,490,951.55477643013,0.4243027865886688
ray,train/loss,500,964.7509982585907,0.7668084502220154
ray,train/loss,510,1036.436735868454,0.4596378803253174
ray,train/loss,520,1049.806123971939,1.21397066116333
ray,train/loss,530,1063.1106131076813,0.663598895072937
ray,train/loss,540,1076.6537036895752,5.712833404541016
ray,train/loss,550,1089.7522501945496,1.3250433206558228
ray,train/loss,560,1103.2039709091187,0.835323691368103
ray,train/loss,570,1116.500143289566,1.0229660272598267
ray,train/loss,580,1130.0692710876465,1.562133550643921
ray,train/loss,590,1143.2156772613525,1.374796748161316
ray,train/loss,600,1156.5848569869995,0.7551725506782532
ray,train/loss,610,1225.8268628120422,0.8212524652481079
ray,train/loss,620,1239.2021152973175,0.9504270553588867
ray,train/loss,630,1252.4073541164398,0.9530818462371826
ray,train/loss,640,1265.8367371559143,0.9471600651741028
ray,train/loss,650,1279.3699300289154,0.7677150368690491
ray,train/loss,660,1292.769053697586,0.4829690754413605
ray,train/loss,670,1306.1574187278748,4.394498348236084
ray,train/loss,680,1319.4692435264587,0.7013614773750305
ray,train/loss,690,1332.986009836197,1.103668451309204
ray,train/loss,700,1346.6344003677368,1.0292558670043945
ray,train/loss,710,1417.8376350402832,1.0390113592147827
ray,train/loss,720,1431.0037360191345,0.7159056663513184
ray,train/loss,730,1444.3822762966156,1.3848809003829956
ray,train/loss,740,1458.1241507530212,0.6069225072860718
ray,train/loss,750,1471.939658164978,0.6278384327888489
ray,train/loss,760,1485.1810193061829,1.2342593669891357
ray,train/loss,770,1498.4054539203644,0.6957172751426697
ray,train/loss,780,1512.959103345871,0.8536648750305176
ray,train/loss,790,1526.3465356826782,0.4291629195213318
ray,train/loss,800,1539.864417552948,1.5114469528198242
ray,train/loss,810,1616.0601179599762,0.7280092239379883
ray,train/loss,820,1629.8886766433716,0.6016595363616943
ray,train/loss,830,1643.396579027176,1.13972008228302
ray,train/loss,840,1656.8927433490753,1.4993228912353516
ray,train/loss,850,1670.2290267944336,0.6229438185691833
ray,train/loss,860,1684.230661392212,0.5019693374633789
ray,train/loss,870,1699.3088746070862,1.5062544345855713
ray,train/loss,880,1713.5516307353973,1.0374974012374878
ray,train/loss,890,1726.931256532669,2.949769973754883
ray,train/loss,900,1742.3545808792114,1.3597933053970337
ray,train/loss,910,1818.4346396923065,0.7473726272583008
ray,train/loss,920,1831.8890154361725,2.0154080390930176
ray,train/loss,930,1846.917843580246,0.8007458448410034
ray,train/loss,940,1860.5058612823486,0.4595697820186615
ray,train/loss,950,1874.9715504646301,0.5305132269859314
ray,train/loss,960,1888.591702222824,0.620646059513092
ray,train/loss,970,1902.2141299247742,1.0488947629928589
ray,train/loss,980,1915.7482607364655,0.8085576891899109
ray,train/loss,990,1929.375138759613,0.6806965470314026
ray,train/loss,1000,1943.0412862300873,0.823085367679596
ray,perf/data_wait_s,10,36.71052622795105,0.00134635204449296
ray,perf/data_wait_s,20,50.11884522438049,0.0005599099677056074
ray,perf/data_wait_s,30,63.59965252876282,0.0012570030521601439
ray,perf/data_wait_s,40,76.53444862365723,0.00032103899866342545
ray,perf/data_wait_s,50,89.5163459777832,0.0013139790389686823
ray,perf/data_wait_s,60,102.66299557685852,0.0002948420587927103
ray,perf/data_wait_s,70,115.64143204689026,0.00011213589459657669
ray,perf/data_wait_s,80,129.0826916694641,0.0013055868912488222
ray,perf/data_wait_s,90,142.05363535881042,0.00011357991024851799
ray,perf/data_wait_s,100,155.22345113754272,0.0012726939748972654
ray,perf/data_wait_s,110,217.9893021583557,0.001682522939518094
ray,perf/data_wait_s,120,234.2708945274353,0.00012765498831868172
ray,perf/data_wait_s,130,247.74018740653992,0.00036491500213742256
ray,perf/data_wait_s,140,260.58470034599304,0.00022703292779624462
ray,perf/data_wait_s,150,273.6531229019165,0.00037180702202022076
ray,perf/data_wait_s,160,286.6089971065521,0.00037481309846043587
ray,perf/data_wait_s,170,299.88347482681274,0.0003564259968698025
ray,perf/data_wait_s,180,312.57855582237244,0.0011235119309276342
ray,perf/data_wait_s,190,325.6346642971039,0.00035300408490002155
ray,perf/data_wait_s,200,338.7267589569092,0.0011458529625087976
ray,perf/data_wait_s,210,412.5117290019989,0.0003909990191459656
ray,perf/data_wait_s,220,425.62994027137756,0.0015707190614193678
ray,perf/data_wait_s,230,439.12687611579895,0.0005340948700904846
ray,perf/data_wait_s,240,452.3359248638153,0.0018428890034556389
ray,perf/data_wait_s,250,465.7584619522095,0.0003713970072567463
ray,perf/data_wait_s,260,478.74793767929077,0.0003645180258899927
ray,perf/data_wait_s,270,491.774521112442,0.001535311108455062
ray,perf/data_wait_s,280,505.77328538894653,0.0001941230148077011
ray,perf/data_wait_s,290,519.1776351928711,0.00015615602023899555
ray,perf/data_wait_s,300,532.6591815948486,0.0003755281213670969
ray,perf/data_wait_s,310,618.5991497039795,0.0009201280772686005
ray,perf/data_wait_s,320,637.2043104171753,0.00045248400419950485
ray,perf/data_wait_s,330,651.2204220294952,0.0005062408745288849
ray,perf/data_wait_s,340,668.8745276927948,0.0003794729709625244
ray,perf/data_wait_s,350,682.9746446609497,0.0004187540616840124
ray,perf/data_wait_s,360,702.611168384552,0.0017076961230486631
ray,perf/data_wait_s,370,715.8781354427338,0.00037554395385086536
ray,perf/data_wait_s,380,732.7694392204285,0.00039573293179273605
ray,perf/data_wait_s,390,746.2181212902069,0.00017220107838511467
ray,perf/data_wait_s,400,765.0829010009766,0.47239258885383606
ray,perf/data_wait_s,410,845.7296931743622,0.0001687309704720974
ray,perf/data_wait_s,420,860.1940724849701,0.0001279150601476431
ray,perf/data_wait_s,430,873.0864486694336,0.0003884420730173588
ray,perf/data_wait_s,440,885.9673573970795,0.0014653040561825037
ray,perf/data_wait_s,450,899.018372297287,0.00012840889394283295
ray,perf/data_wait_s,460,912.29549908638,0.0001224549487233162
ray,perf/data_wait_s,470,925.3954646587372,0.00012275693006813526
ray,perf/data_wait_s,480,938.5913491249084,0.00011840485967695713
ray,perf/data_wait_s,490,951.5548598766327,0.00036212592385709286
ray,perf/data_wait_s,500,964.7510788440704,0.0003602018114179373
ray,perf/data_wait_s,510,1036.4368596076965,0.001666804077103734
ray,perf/data_wait_s,520,1049.8062598705292,0.0003870478831231594
ray,perf/data_wait_s,530,1063.1107008457184,0.0019020459149032831
ray,perf/data_wait_s,540,1076.6537885665894,0.0001475729513913393
ray,perf/data_wait_s,550,1089.7523381710052,0.00032991194166243076
ray,perf/data_wait_s,560,1103.2040438652039,0.0003272180911153555
ray,perf/data_wait_s,570,1116.5002286434174,0.0003239070065319538
ray,perf/data_wait_s,580,1130.069359779358,0.0013279600534588099
ray,perf/data_wait_s,590,1143.2157716751099,0.0005472081247717142
ray,perf/data_wait_s,600,1156.5849568843842,0.0025349638890475035
ray,perf/data_wait_s,610,1225.826964855194,0.00033012591302394867
ray,perf/data_wait_s,620,1239.202203989029,0.0012927982024848461
ray,perf/data_wait_s,630,1252.407437801361,0.00015010801143944263
ray,perf/data_wait_s,640,1265.8368246555328,0.0013466011732816696
ray,perf/data_wait_s,650,1279.3700153827667,0.00015647313557565212
ray,perf/data_wait_s,660,1292.76913523674,0.001598056871443987
ray,perf/data_wait_s,670,1306.157529592514,0.00033653900027275085
ray,perf/data_wait_s,680,1319.4693303108215,0.0017584848683327436
ray,perf/data_wait_s,690,1332.9860906600952,0.00032312399707734585
ray,perf/data_wait_s,700,1346.634489774704,0.0017209108918905258
ray,perf/data_wait_s,710,1417.8377423286438,0.0014080649707466364
ray,perf/data_wait_s,720,1431.0038287639618,0.0017346818931400776
ray,perf/data_wait_s,730,1444.382370710373,0.0003483709879219532
ray,perf/data_wait_s,740,1458.1242413520813,0.0018528429791331291
ray,perf/data_wait_s,750,1471.939753293991,0.0001644741278141737
ray,perf/data_wait_s,760,1485.18110704422,0.0015327360015362501
ray,perf/data_wait_s,770,1498.405549287796,0.0003410081844776869
ray,perf/data_wait_s,780,1512.9591932296753,0.0005860722158104181
ray,perf/data_wait_s,790,1526.3466219902039,0.00028416281566023827
ray,perf/data_wait_s,800,1539.8644976615906,0.000559142092242837
ray,perf/data_wait_s,810,1616.060206413269,0.001201871084049344
ray,perf/data_wait_s,820,1629.8887605667114,0.0003792070783674717
ray,perf/data_wait_s,830,1643.3967044353485,0.0014893999323248863
ray,perf/data_wait_s,840,1656.8928291797638,0.0001617188099771738
ray,perf/data_wait_s,850,1670.2291252613068,0.0013577481731772423
ray,perf/data_wait_s,860,1684.2307476997375,0.0003735909704118967
ray,perf/data_wait_s,870,1699.3090102672577,0.0014064752031117678
ray,perf/data_wait_s,880,1713.5517194271088,0.0006487919017672539
ray,perf/data_wait_s,890,1726.9313416481018,0.00040610693395137787
ray,perf/data_wait_s,900,1742.3546724319458,0.001171718118712306
ray,perf/data_wait_s,910,1818.4347224235535,0.001165210036560893
ray,perf/data_wait_s,920,1831.889155626297,0.00016141007654368877
ray,perf/data_wait_s,930,1846.9179368019104,0.0012017639819532633
ray,perf/data_wait_s,940,1860.5059649944305,0.000381512101739645
ray,perf/data_wait_s,950,1874.97163438797,0.0018203870858997107
ray,perf/data_wait_s,960,1888.591803073883,0.0003400370478630066
ray,perf/data_wait_s,970,1902.2142210006714,0.001455953111872077
ray,perf/data_wait_s,980,1915.748351573944,0.0003666949924081564
ray,perf/data_wait_s,990,1929.375224351883,0.001719519030302763
ray,perf/data_wait_s,1000,1943.0413694381714,0.0006113741546869278
ray,perf/preprocess_s,10,36.71053147315979,0.013609110377728939
ray,perf/preprocess_s,20,50.11885094642639,0.011057833209633827
ray,perf/preprocess_s,30,63.59966206550598,0.008836849592626095
ray,perf/preprocess_s,40,76.53445434570312,0.011104101315140724
ray,perf/preprocess_s,50,89.5163516998291,0.010869764722883701
ray,perf/preprocess_s,60,102.66300010681152,0.010369934141635895
ray,perf/preprocess_s,70,115.6414406299591,0.007331847213208675
ray,perf/preprocess_s,80,129.08269715309143,0.008137739263474941
ray,perf/preprocess_s,90,142.05364084243774,0.007618431001901627
ray,perf/preprocess_s,100,155.22345662117004,0.010821145959198475
ray,perf/preprocess_s,110,217.98930740356445,0.0068607935681939125
ray,perf/preprocess_s,120,234.2709002494812,0.006345478817820549
ray,perf/preprocess_s,130,247.74019289016724,0.00881739892065525
ray,perf/preprocess_s,140,260.58470940589905,0.009655870497226715
ray,perf/preprocess_s,150,273.6531283855438,0.012211013585329056
ray,perf/preprocess_s,160,286.6090033054352,0.009211758151650429
ray,perf/preprocess_s,170,299.88348031044006,0.00930425152182579
ray,perf/preprocess_s,180,312.57856154441833,0.009439047425985336
ray,perf/preprocess_s,190,325.6346695423126,0.00842138472944498
ray,perf/preprocess_s,200,338.7267653942108,0.012419208884239197
ray,perf/preprocess_s,210,412.5117344856262,0.012110223062336445
ray,perf/preprocess_s,220,425.6299457550049,0.009639727883040905
ray,perf/preprocess_s,230,439.12688183784485,0.00825646985322237
ray,perf/preprocess_s,240,452.33593106269836,0.007612300105392933
ray,perf/preprocess_s,250,465.75846695899963,0.007049916312098503
ray,perf/preprocess_s,260,478.7479465007782,0.008880894631147385
ray,perf/preprocess_s,270,491.7745268344879,0.009425049647688866
ray,perf/preprocess_s,280,505.77329087257385,0.01154414750635624
ray,perf/preprocess_s,290,519.1776404380798,0.010983407497406006
ray,perf/preprocess_s,300,532.6591877937317,0.0091191865503788
ray,perf/preprocess_s,310,618.5991551876068,0.013162770308554173
ray,perf/preprocess_s,320,637.2043232917786,0.016124188899993896
ray,perf/preprocess_s,330,651.2204282283783,0.01050872914493084
ray,perf/preprocess_s,340,668.8745360374451,0.010063694790005684
ray,perf/preprocess_s,350,682.9746503829956,0.008088374510407448
ray,perf/preprocess_s,360,702.6111741065979,0.007978173904120922
ray,perf/preprocess_s,370,715.8781414031982,0.00923945289105177
ray,perf/preprocess_s,380,732.7694454193115,0.0071430932730436325
ray,perf/preprocess_s,390,746.2181277275085,0.008838053792715073
ray,perf/preprocess_s,400,765.0829215049744,0.07570948451757431
ray,perf/preprocess_s,410,845.7296988964081,0.014332040213048458
ray,perf/preprocess_s,420,860.1940789222717,0.007150153163820505
ray,perf/preprocess_s,430,873.0864546298981,0.007441975176334381
ray,perf/preprocess_s,440,885.9673631191254,0.01047566533088684
ray,perf/preprocess_s,450,899.0183777809143,0.00938432291150093
ray,perf/preprocess_s,460,912.2955045700073,0.007518300786614418
ray,perf/preprocess_s,470,925.3954696655273,0.010950619354844093
ray,perf/preprocess_s,480,938.5913543701172,0.011842413805425167
ray,perf/preprocess_s,490,951.55486536026,0.013340726494789124
ray,perf/preprocess_s,500,964.7510850429535,0.006369974929839373
ray,perf/preprocess_s,510,1036.4368681907654,0.010838618502020836
ray,perf/preprocess_s,520,1049.8062703609467,0.007234749384224415
ray,perf/preprocess_s,530,1063.1107065677643,0.011511538177728653
ray,perf/preprocess_s,540,1076.6537945270538,0.00781440082937479
ray,perf/preprocess_s,550,1089.7523443698883,0.008609816431999207
ray,perf/preprocess_s,560,1103.2040491104126,0.007622310891747475
ray,perf/preprocess_s,570,1116.500233888626,0.008517535403370857
ray,perf/preprocess_s,580,1130.0693650245667,0.011062435805797577
ray,perf/preprocess_s,590,1143.2157771587372,0.009859062731266022
ray,perf/preprocess_s,600,1156.58496260643,0.009038304910063744
ray,perf/preprocess_s,610,1225.8269703388214,0.012262948788702488
ray,perf/preprocess_s,620,1239.2022097110748,0.01280282810330391
ray,perf/preprocess_s,630,1252.4074432849884,0.01027864683419466
ray,perf/preprocess_s,640,1265.8368299007416,0.011766543611884117
ray,perf/preprocess_s,650,1279.3700211048126,0.009799247607588768
ray,perf/preprocess_s,660,1292.7691404819489,0.010512983426451683
ray,perf/preprocess_s,670,1306.1575360298157,0.006201291922479868
ray,perf/preprocess_s,680,1319.4693357944489,0.00691218813881278
ray,perf/preprocess_s,690,1332.986095905304,0.0118413046002388
ray,perf/preprocess_s,700,1346.6344962120056,0.01035283412784338
ray,perf/preprocess_s,710,1417.8377480506897,0.011655504815280437
ray,perf/preprocess_s,720,1431.0038349628448,0.008939092978835106
ray,perf/preprocess_s,730,1444.3823766708374,0.008740376681089401
ray,perf/preprocess_s,740,1458.1242470741272,0.007493141107261181
ray,perf/preprocess_s,750,1471.939759016037,0.007476634345948696
ray,perf/preprocess_s,760,1485.1811122894287,0.007235038094222546
ray,perf/preprocess_s,770,1498.4055547714233,0.011769616045057774
ray,perf/preprocess_s,780,1512.9591991901398,0.011299178004264832
ray,perf/preprocess_s,790,1526.3466284275055,0.01035233587026596
ray,perf/preprocess_s,800,1539.864503145218,0.007513677701354027
ray,perf/preprocess_s,810,1616.060212612152,0.011194046586751938
ray,perf/preprocess_s,820,1629.8887660503387,0.00627494603395462
ray,perf/preprocess_s,830,1643.3967134952545,0.007063662633299828
ray,perf/preprocess_s,840,1656.8928353786469,0.008694442920386791
ray,perf/preprocess_s,850,1670.2291312217712,0.011853613890707493
ray,perf/preprocess_s,860,1684.2307531833649,0.008772030472755432
ray,perf/preprocess_s,870,1699.3090198040009,0.008543104864656925
ray,perf/preprocess_s,880,1713.5517246723175,0.01108130905777216
ray,perf/preprocess_s,890,1726.9313476085663,0.010697399266064167
ray,perf/preprocess_s,900,1742.3546786308289,0.009113913401961327
ray,perf/preprocess_s,910,1818.4347279071808,0.008937016129493713
ray,perf/preprocess_s,920,1831.8891661167145,0.011858739890158176
ray,perf/preprocess_s,930,1846.9179422855377,0.00881451740860939
ray,perf/preprocess_s,940,1860.5059711933136,0.007069598883390427
ray,perf/preprocess_s,950,1874.9716393947601,0.014418048784136772
ray,perf/preprocess_s,960,1888.591808795929,0.012306874617934227
ray,perf/preprocess_s,970,1902.2142267227173,0.008191883563995361
ray,perf/preprocess_s,980,1915.7483570575714,0.014309654943645
ray,perf/preprocess_s,990,1929.3752300739288,0.011486660689115524
ray,perf/preprocess_s,1000,1943.0413749217987,0.010969637893140316
ray,perf/compute_s,10,36.71068716049194,1.2255033254623413
ray,perf/compute_s,20,50.11900520324707,1.1941440105438232
ray,perf/compute_s,30,63.59983515739441,1.489166259765625
ray,perf/compute_s,40,76.53460478782654,1.1617571115493774
ray,perf/compute_s,50,89.51650714874268,1.1732665300369263
ray,perf/compute_s,60,102.66315865516663,1.1578128337860107
ray,perf/compute_s,70,115.64158916473389,1.1678251028060913
ray,perf/compute_s,80,129.08284282684326,1.379244327545166
ray,perf/compute_s,90,142.05381631851196,1.1664780378341675
ray,perf/compute_s,100,155.22359490394592,1.169878602027893
ray,perf/compute_s,110,217.98946738243103,1.545676827430725
ray,perf/compute_s,120,234.2711272239685,1.1607255935668945
ray,perf/compute_s,130,247.74035716056824,1.2318367958068848
ray,perf/compute_s,140,260.584862947464,1.3274766206741333
ray,perf/compute_s,150,273.65326857566833,1.1697252988815308
ray,perf/compute_s,160,286.60923290252686,1.156543254852295
ray,perf/compute_s,170,299.88359808921814,1.4852008819580078
ray,perf/compute_s,180,312.57871174812317,1.210039734840393
ray,perf/compute_s,190,325.6348304748535,1.1608176231384277
ray,perf/compute_s,200,338.7269401550293,1.3223541975021362
ray,perf/compute_s,210,412.5118646621704,1.259407877922058
ray,perf/compute_s,220,425.63008737564087,1.1628811359405518
ray,perf/compute_s,230,439.1270477771759,1.4873816967010498
ray,perf/compute_s,240,452.3360562324524,1.1653316020965576
ray,perf/compute_s,250,465.75859904289246,1.170311689376831
ray,perf/compute_s,260,478.74808049201965,1.159965991973877
ray,perf/compute_s,270,491.7746539115906,1.1624467372894287
ray,perf/compute_s,280,505.7734909057617,1.1626551151275635
ray,perf/compute_s,290,519.1777701377869,1.4365307092666626
ray,perf/compute_s,300,532.6593010425568,1.1675156354904175
ray,perf/compute_s,310,618.5992631912231,1.232582926750183
ray,perf/compute_s,320,637.2045032978058,1.737106442451477
ray,perf/compute_s,330,651.2206101417542,1.178896188735962
ray,perf/compute_s,340,668.8746657371521,1.211055874824524
ray,perf/compute_s,350,682.9748253822327,1.1772955656051636
ray,perf/compute_s,360,702.6112670898438,2.0498745441436768
ray,perf/compute_s,370,715.8783473968506,1.1695597171783447
ray,perf/compute_s,380,732.7695956230164,1.1767985820770264
ray,perf/compute_s,390,746.2182698249817,1.2575314044952393
ray,perf/compute_s,400,765.083093881607,1.3510515689849854
ray,perf/compute_s,410,845.7298564910889,1.4474455118179321
ray,perf/compute_s,420,860.1941940784454,1.4134525060653687
ray,perf/compute_s,430,873.0866503715515,1.1731159687042236
ray,perf/compute_s,440,885.9674792289734,1.1600924730300903
ray,perf/compute_s,450,899.0184881687164,1.169014573097229
ray,perf/compute_s,460,912.2956171035767,1.413407564163208
ray,perf/compute_s,470,925.3957440853119,1.1636701822280884
ray,perf/compute_s,480,938.5914664268494,1.196032166481018
ray,perf/compute_s,490,951.5549874305725,1.1682112216949463
ray,perf/compute_s,500,964.7511904239655,1.2373218536376953
ray,perf/compute_s,510,1036.4370291233063,1.2023335695266724
ray,perf/compute_s,520,1049.8064091205597,1.4161440134048462
ray,perf/compute_s,530,1063.1108343601227,1.2415368556976318
ray,perf/compute_s,540,1076.653904914856,1.535396695137024
ray,perf/compute_s,550,1089.7524812221527,1.1848303079605103
ray,perf/compute_s,560,1103.2042078971863,1.1708827018737793
ray,perf/compute_s,570,1116.5003726482391,1.1948646306991577
ray,perf/compute_s,580,1130.0694904327393,1.5076614618301392
ray,perf/compute_s,590,1143.2159039974213,1.3865604400634766
ray,perf/compute_s,600,1156.5850987434387,1.1736184358596802
ray,perf/compute_s,610,1225.8270988464355,1.5262383222579956
ray,perf/compute_s,620,1239.2023179531097,1.2061994075775146
ray,perf/compute_s,630,1252.4075837135315,1.1891740560531616
ray,perf/compute_s,640,1265.8369913101196,1.2005572319030762
ray,perf/compute_s,650,1279.3701581954956,1.3656176328659058
ray,perf/compute_s,660,1292.769280910492,1.2894260883331299
ray,perf/compute_s,670,1306.1576766967773,1.2262600660324097
ray,perf/compute_s,680,1319.4694864749908,1.3373961448669434
ray,perf/compute_s,690,1332.9862177371979,1.161312222480774
ray,perf/compute_s,700,1346.6346244812012,1.4366077184677124
ray,perf/compute_s,710,1417.8378858566284,1.2100082635879517
ray,perf/compute_s,720,1431.0040471553802,1.1813002824783325
ray,perf/compute_s,730,1444.3825170993805,1.1681896448135376
ray,perf/compute_s,740,1458.124370098114,1.4485344886779785
ray,perf/compute_s,750,1471.9398827552795,1.5078046321868896
ray,perf/compute_s,760,1485.181226015091,1.2587413787841797
ray,perf/compute_s,770,1498.4056978225708,1.167270302772522
ray,perf/compute_s,780,1512.9593329429626,1.2415544986724854
ray,perf/compute_s,790,1526.3467378616333,1.1710929870605469
ray,perf/compute_s,800,1539.8646285533905,1.2444008588790894
ray,perf/compute_s,810,1616.0603182315826,1.22209894657135
ray,perf/compute_s,820,1629.8888885974884,1.287257194519043
ray,perf/compute_s,830,1643.396811723709,1.289223313331604
ray,perf/compute_s,840,1656.8929874897003,1.1735979318618774
ray,perf/compute_s,850,1670.2292470932007,1.171115756034851
ray,perf/compute_s,860,1684.2308704853058,1.5444395542144775
ray,perf/compute_s,870,1699.3091096878052,1.1756751537322998
ray,perf/compute_s,880,1713.551880121231,1.4786603450775146
ray,perf/compute_s,890,1726.931696653366,1.2479585409164429
ray,perf/compute_s,900,1742.3548502922058,1.244838833808899
ray,perf/compute_s,910,1818.4348969459534,1.4657469987869263
ray,perf/compute_s,920,1831.8892569541931,1.3844248056411743
ray,perf/compute_s,930,1846.9181141853333,1.1678810119628906
ray,perf/compute_s,940,1860.5061676502228,1.2390424013137817
ray,perf/compute_s,950,1874.9717078208923,1.2746092081069946
ray,perf/compute_s,960,1888.5919516086578,1.1690306663513184
ray,perf/compute_s,970,1902.214349269867,1.1699012517929077
ray,perf/compute_s,980,1915.748484134674,1.4404969215393066
ray,perf/compute_s,990,1929.3758754730225,1.2071796655654907
ray,perf/compute_s,1000,1943.0414853096008,1.1706080436706543
ray,perf/optimizer_step_s,10,36.710885763168335,0.06690486520528793
ray,perf/optimizer_step_s,20,50.119224071502686,0.06770441681146622
ray,perf/optimizer_step_s,30,63.60006618499756,0.06655888259410858
ray,perf/optimizer_step_s,40,76.53479361534119,0.06605452299118042
ray,perf/optimizer_step_s,50,89.5166711807251,0.06613050401210785
ray,perf/optimizer_step_s,60,102.66334176063538,0.06612984836101532
ray,perf/optimizer_step_s,70,115.6417510509491,0.06737280637025833
ray,perf/optimizer_step_s,80,129.08303546905518,0.06584969907999039
ray,perf/optimizer_step_s,90,142.054057598114,0.06594005972146988
ray,perf/optimizer_step_s,100,155.22376155853271,0.06834905594587326
ray,perf/optimizer_step_s,110,217.9896366596222,0.1126706451177597
ray,perf/optimizer_step_s,120,234.27130818367004,0.06588289141654968
ray,perf/optimizer_step_s,130,247.7405550479889,0.06584496051073074
ray,perf/optimizer_step_s,140,260.5850598812103,0.06693295389413834
ray,perf/optimizer_step_s,150,273.6534814834595,0.06804370135068893
ray,perf/optimizer_step_s,160,286.6094295978546,0.06557070463895798
ray,perf/optimizer_step_s,170,299.88377952575684,0.06963315606117249
ray,perf/optimizer_step_s,180,312.5789041519165,0.06606791168451309
ray,perf/optimizer_step_s,190,325.63504791259766,0.0661626011133194
ray,perf/optimizer_step_s,200,338.7271249294281,0.0657181665301323
ray,perf/optimizer_step_s,210,412.51203298568726,0.07606718689203262
ray,perf/optimizer_step_s,220,425.6302683353424,0.06902538985013962
ray,perf/optimizer_step_s,230,439.1272830963135,0.07455392181873322
ray,perf/optimizer_step_s,240,452.3363175392151,0.07020965963602066
ray,perf/optimizer_step_s,250,465.7587821483612,0.06726539880037308
ray,perf/optimizer_step_s,260,478.74825143814087,0.06979714334011078
ray,perf/optimizer_step_s,270,491.7748064994812,0.0669703558087349
ray,perf/optimizer_step_s,280,505.773686170578,0.06774800270795822
ray,perf/optimizer_step_s,290,519.1779267787933,0.06751198321580887
ray,perf/optimizer_step_s,300,532.6594359874725,0.06702976673841476
ray,perf/optimizer_step_s,310,618.5994398593903,0.07308753579854965
ray,perf/optimizer_step_s,320,637.2058551311493,0.06952089071273804
ray,perf/optimizer_step_s,330,651.2207961082458,0.06658525764942169
ray,perf/optimizer_step_s,340,668.8748600482941,0.0683271735906601
ray,perf/optimizer_step_s,350,682.9750447273254,0.06614167243242264
ray,perf/optimizer_step_s,360,702.611380815506,0.06669684499502182
ray,perf/optimizer_step_s,370,715.8785421848297,0.06720748543739319
ray,perf/optimizer_step_s,380,732.7698278427124,0.07742839306592941
ray,perf/optimizer_step_s,390,746.2184915542603,0.06771162152290344
ray,perf/optimizer_step_s,400,765.0835936069489,0.06668122857809067
ray,perf/optimizer_step_s,410,845.730110168457,0.06787474453449249
ray,perf/optimizer_step_s,420,860.194390296936,0.06601277738809586
ray,perf/optimizer_step_s,430,873.0868411064148,0.06633870303630829
ray,perf/optimizer_step_s,440,885.9676539897919,0.0670756846666336
ray,perf/optimizer_step_s,450,899.0186629295349,0.06601400673389435
ray,perf/optimizer_step_s,460,912.2957940101624,0.06604492664337158
ray,perf/optimizer_step_s,470,925.3959059715271,0.06590023636817932
ray,perf/optimizer_step_s,480,938.5916152000427,0.06612721085548401
ray,perf/optimizer_step_s,490,951.5551540851593,0.06772357225418091
ray,perf/optimizer_step_s,500,964.7513456344604,0.06571615487337112
ray,perf/optimizer_step_s,510,1036.4372177124023,0.06672411412000656
ray,perf/optimizer_step_s,520,1049.806586265564,0.067133828997612
ray,perf/optimizer_step_s,530,1063.1110241413116,0.06618644297122955
ray,perf/optimizer_step_s,540,1076.6540532112122,0.06728064268827438
ray,perf/optimizer_step_s,550,1089.752634048462,0.06638228893280029
ray,perf/optimizer_step_s,560,1103.204341173172,0.06669996678829193
ray,perf/optimizer_step_s,570,1116.500550031662,0.06686535477638245
ray,perf/optimizer_step_s,580,1130.0696578025818,0.0667819008231163
ray,perf/optimizer_step_s,590,1143.21608877182,0.07184277474880219
ray,perf/optimizer_step_s,600,1156.58526968956,0.06631334125995636
ray,perf/optimizer_step_s,610,1225.8272831439972,0.06649598479270935
ray,perf/optimizer_step_s,620,1239.2024509906769,0.06806760281324387
ray,perf/optimizer_step_s,630,1252.4077801704407,0.06623819470405579
ray,perf/optimizer_step_s,640,1265.8372263908386,0.06630835682153702
ray,perf/optimizer_step_s,650,1279.3704342842102,0.06628122925758362
ray,perf/optimizer_step_s,660,1292.769501209259,0.06652223318815231
ray,perf/optimizer_step_s,670,1306.1578528881073,0.06647780537605286
ray,perf/optimizer_step_s,680,1319.4697217941284,0.06617964804172516
ray,perf/optimizer_step_s,690,1332.9864146709442,0.06635815650224686
ray,perf/optimizer_step_s,700,1346.634821653366,0.06654141843318939
ray,perf/optimizer_step_s,710,1417.8380751609802,0.07150954753160477
ray,perf/optimizer_step_s,720,1431.0042178630829,0.0672842413187027
ray,perf/optimizer_step_s,730,1444.3827199935913,0.06733784824609756
ray,perf/optimizer_step_s,740,1458.1245620250702,0.06704836338758469
ray,perf/optimizer_step_s,750,1471.9400668144226,0.06777046620845795
ray,perf/optimizer_step_s,760,1485.1813642978668,0.06704556941986084
ray,perf/optimizer_step_s,770,1498.4059374332428,0.06740332394838333
ray,perf/optimizer_step_s,780,1512.959496974945,0.06724551320075989
ray,perf/optimizer_step_s,790,1526.3469507694244,0.06621726602315903
ray,perf/optimizer_step_s,800,1539.8648364543915,0.06608603149652481
ray,perf/optimizer_step_s,810,1616.06050491333,0.06701022386550903
ray,perf/optimizer_step_s,820,1629.8890879154205,0.06680433452129364
ray,perf/optimizer_step_s,830,1643.3969526290894,0.06697433441877365
ray,perf/optimizer_step_s,840,1656.8931980133057,0.0665658563375473
ray,perf/optimizer_step_s,850,1670.229427099228,0.07170356065034866
ray,perf/optimizer_step_s,860,1684.231051683426,0.07156381011009216
ray,perf/optimizer_step_s,870,1699.3092277050018,0.06869503110647202
ray,perf/optimizer_step_s,880,1713.5520973205566,0.06653261184692383
ray,perf/optimizer_step_s,890,1726.9320631027222,0.06901665031909943
ray,perf/optimizer_step_s,900,1742.35507273674,0.06699614971876144
ray,perf/optimizer_step_s,910,1818.4352259635925,0.06654130667448044
ray,perf/optimizer_step_s,920,1831.889369726181,0.0668245404958725
ray,perf/optimizer_step_s,930,1846.9183275699615,0.06602547317743301
ray,perf/optimizer_step_s,940,1860.5063993930817,0.06722505390644073
ray,perf/optimizer_step_s,950,1874.9717898368835,0.06755068898200989
ray,perf/optimizer_step_s,960,1888.5921158790588,0.06808830052614212
ray,perf/optimizer_step_s,970,1902.2145426273346,0.06768522411584854
ray,perf/optimizer_step_s,980,1915.7486612796783,0.07059421390295029
ray,perf/optimizer_step_s,990,1929.376093864441,0.06731493771076202
ray,perf/optimizer_step_s,1000,1943.0416069030762,0.06727325916290283
ray,window/loss,100,155.22427010536194,1.4898008108139038
ray,window/loss,200,338.7276747226715,1.154741883277893
ray,window/loss,300,532.6599540710449,1.1251261234283447
ray,window/loss,400,765.0841798782349,0.9421805739402771
ray,window/loss,500,964.7517311573029,0.7472421526908875
ray,window/loss,600,1156.585725069046,1.2982405424118042
ray,window/loss,700,1346.6353178024292,1.297948956489563
ray,window/loss,800,1539.8654623031616,0.7938859462738037
ray,window/loss,900,1742.3555855751038,1.080926775932312
ray,window/loss,1000,1943.0420451164246,1.0081568956375122
ray,perf/samples_per_sec,100,155.22433185577393,10.307965278625488
ray,perf/samples_per_sec,200,338.72774291038513,8.719204902648926
ray,perf/samples_per_sec,300,532.6600193977356,8.250321388244629
ray,perf/samples_per_sec,400,765.0842509269714,6.883980751037598
ray,perf/samples_per_sec,500,964.7517929077148,8.013338088989258
ray,perf/samples_per_sec,600,1156.5857844352722,8.340561866760254
ray,perf/samples_per_sec,700,1346.635380744934,8.418874740600586
ray,perf/samples_per_sec,800,1539.8655214309692,8.28030776977539
ray,perf/samples_per_sec,900,1742.355652809143,7.901649475097656
ray,perf/samples_per_sec,1000,1943.0421056747437,7.972655296325684
ray,val/loss,100,172.3080403804779,1.8287290334701538
ray,val/loss,200,355.65065336227417,1.3491740226745605
ray,val/loss,300,550.0638818740845,1.2440968751907349
ray,val/loss,400,782.1411159038544,1.2239394187927246
ray,val/loss,500,981.8367986679077,1.1414293050765991
ray,val/loss,600,1173.6771445274353,1.1135622262954712
ray,val/loss,700,1363.981082201004,1.030982494354248
ray,val/loss,800,1556.788314819336,1.0147998332977295
ray,val/loss,900,1759.2376465797424,0.997356653213501
ray,val/loss,1000,1960.0358653068542,1.0248364210128784
ray,perf/checkpoint_save_s,100,199.94779181480408,27.639022827148438
ray,perf/checkpoint_save_s,200,396.7680330276489,41.116554260253906
ray,perf/checkpoint_save_s,300,600.0021109580994,49.93745040893555
ray,perf/checkpoint_save_s,400,829.7330031394958,47.5910530090332
ray,perf/checkpoint_save_s,500,1018.4372687339783,36.599666595458984
ray,perf/checkpoint_save_s,600,1210.0124733448029,36.334537506103516
ray,perf/checkpoint_save_s,700,1401.9510266780853,37.96918487548828
ray,perf/checkpoint_save_s,800,1598.1792669296265,41.39030075073242
ray,perf/checkpoint_save_s,900,1802.0202269554138,42.781898498535156
ray,perf/checkpoint_save_s,1000,2000.1310803890228,40.09443283081055
ray,epoch/loss,0,2000.1333224773407,1.093825101852417
