run,tag,step,elapsed_s,value
pi05_full_fix,perf/effective_batch_size,0,0.0,8.0
pi05_full_fix,perf/vram_allocated_mb,0,0.010206222534179688,9356.0185546875
pi05_full_fix,perf/vram_allocated_mb,0,1.5144660472869873,9356.0185546875
pi05_full_fix,perf/vram_allocated_mb,0,3.0190329551696777,9356.0185546875
pi05_full_fix,perf/vram_allocated_mb,0,4.523040294647217,9356.0185546875
pi05_full_fix,perf/vram_allocated_mb,0,6.030758857727051,9356.0185546875
pi05_full_fix,perf/vram_allocated_mb,0,7.535717248916626,9356.0185546875
pi05_full_fix,perf/vram_allocated_mb,0,9.039732694625854,9356.0185546875
pi05_full_fix,perf/vram_allocated_mb,0,10.544046878814697,9356.0185546875
pi05_full_fix,perf/vram_allocated_mb,0,12.08760118484497,9356.0185546875
pi05_full_fix,perf/vram_allocated_mb,0,13.617469549179077,9356.0185546875
pi05_full_fix,perf/vram_allocated_mb,0,15.132079124450684,9356.0185546875
pi05_full_fix,perf/vram_allocated_mb,0,16.636923789978027,9356.0185546875
pi05_full_fix,perf/vram_allocated_mb,0,18.143097400665283,9356.0185546875
pi05_full_fix,perf/vram_allocated_mb,0,19.648970365524292,9606.46484375
pi05_full_fix,perf/vram_allocated_mb,0,21.153026580810547,20134.37890625
pi05_full_fix,perf/vram_allocated_mb,1,22.716119527816772,39524.47265625
pi05_full_fix,perf/vram_allocated_mb,2,24.221543312072754,25278.408203125
pi05_full_fix,perf/vram_allocated_mb,3,25.833852529525757,25491.546875
pi05_full_fix,perf/vram_allocated_mb,4,27.73490810394287,34768.0078125
pi05_full_fix,perf/vram_allocated_mb,6,29.23915123939514,24726.7890625
pi05_full_fix,perf/vram_allocated_mb,7,30.820907831192017,29201.42578125
pi05_full_fix,perf/vram_allocated_mb,8,32.61550855636597,32215.0078125
pi05_full_fix,perf/vram_allocated_mb,10,34.11961388587952,24726.72265625
pi05_full_fix,perf/vram_allocated_mb,11,35.689406633377075,28276.505859375
pi05_full_fix,perf/vram_allocated_mb,12,37.223653078079224,29081.0078125
pi05_full_fix,perf/vram_allocated_mb,13,39.03584814071655,32221.00390625
pi05_full_fix,perf/vram_allocated_mb,15,40.542141914367676,24726.72265625
pi05_full_fix,perf/vram_allocated_mb,16,42.20474600791931,33909.6953125
pi05_full_fix,perf/vram_allocated_mb,17,43.848599433898926,32214.705078125
pi05_full_fix,perf/vram_allocated_mb,19,45.41875672340393,24668.271484375
pi05_full_fix,perf/vram_allocated_mb,20,46.925065755844116,25406.845703125
pi05_full_fix,perf/vram_allocated_mb,21,48.75553894042969,34342.21875
pi05_full_fix,perf/vram_allocated_mb,23,50.258840560913086,24713.34375
pi05_full_fix,perf/vram_allocated_mb,24,51.76374101638794,26000.556640625
pi05_full_fix,perf/vram_allocated_mb,25,53.71322202682495,32214.525390625
pi05_full_fix,perf/vram_allocated_mb,27,55.2168390750885,24726.72265625
pi05_full_fix,perf/vram_allocated_mb,28,56.85809874534607,31981.291015625
pi05_full_fix,perf/vram_allocated_mb,29,58.51357102394104,32221.265625
pi05_full_fix,perf/vram_allocated_mb,30,60.017199993133545,32220.283203125
pi05_full_fix,perf/vram_allocated_mb,32,61.52146816253662,25066.662109375
pi05_full_fix,perf/vram_allocated_mb,33,63.36361789703369,34715.9765625
pi05_full_fix,perf/vram_allocated_mb,35,64.86696863174438,24623.890625
pi05_full_fix,perf/vram_allocated_mb,36,66.37123584747314,25279.390625
pi05_full_fix,perf/vram_allocated_mb,37,68.38193130493164,32254.36328125
pi05_full_fix,perf/vram_allocated_mb,38,69.97501587867737,32214.65625
pi05_full_fix,perf/vram_allocated_mb,40,71.47827434539795,24726.72265625
pi05_full_fix,perf/vram_allocated_mb,41,73.12865948677063,31707.087890625
pi05_full_fix,perf/vram_allocated_mb,42,74.80037331581116,32215.638671875
pi05_full_fix,perf/vram_allocated_mb,44,76.30666375160217,24702.8671875
pi05_full_fix,perf/vram_allocated_mb,45,77.97628283500671,34182.76953125
pi05_full_fix,perf/vram_allocated_mb,46,79.60646939277649,32221.16015625
pi05_full_fix,perf/vram_allocated_mb,47,81.10996603965759,32221.31640625
pi05_full_fix,perf/vram_allocated_mb,49,82.61459064483643,25050.623046875
pi05_full_fix,perf/vram_allocated_mb,50,84.38304281234741,33101.6953125
pi05_full_fix,perf/vram_allocated_mb,51,85.92257952690125,32221.98828125
pi05_full_fix,perf/vram_allocated_mb,53,87.42583990097046,24726.72265625
pi05_full_fix,perf/vram_allocated_mb,54,89.07701706886292,33013.07421875
pi05_full_fix,perf/vram_allocated_mb,55,90.77995800971985,35101.28125
pi05_full_fix,perf/vram_allocated_mb,56,92.30312085151672,32215.638671875
pi05_full_fix,perf/vram_allocated_mb,58,93.80988216400146,24752.21875
pi05_full_fix,perf/vram_allocated_mb,59,95.48056316375732,33769.9140625
pi05_full_fix,perf/vram_allocated_mb,60,97.09540748596191,32215.638671875
pi05_full_fix,perf/vram_allocated_mb,62,98.59976506233215,25015.224609375
pi05_full_fix,perf/vram_allocated_mb,63,100.35292458534241,33147.1171875
pi05_full_fix,perf/vram_allocated_mb,64,102.14446258544922,32221.421875
pi05_full_fix,perf/vram_allocated_mb,66,103.64907908439636,24726.72265625
pi05_full_fix,perf/vram_allocated_mb,67,105.29131269454956,32683.0
pi05_full_fix,perf/vram_allocated_mb,68,106.94183254241943,32215.376953125
pi05_full_fix,perf/vram_allocated_mb,70,108.44559168815613,24774.71484375
pi05_full_fix,perf/vram_allocated_mb,71,110.20830464363098,32355.669921875
pi05_full_fix,perf/vram_allocated_mb,72,111.73589825630188,32221.16015625
pi05_full_fix,perf/vram_allocated_mb,73,113.26235795021057,32221.31640625
pi05_full_fix,perf/vram_allocated_mb,75,114.76587629318237,24726.72265625
pi05_full_fix,perf/vram_allocated_mb,76,116.41975045204163,31241.421875
pi05_full_fix,perf/vram_allocated_mb,77,118.0846586227417,32214.525390625
pi05_full_fix,perf/vram_allocated_mb,79,119.65925908088684,24700.525390625
pi05_full_fix,perf/vram_allocated_mb,80,121.40158653259277,33258.8359375
pi05_full_fix,perf/vram_allocated_mb,81,122.96307134628296,32220.439453125
pi05_full_fix,perf/vram_allocated_mb,82,124.55156302452087,32215.376953125
pi05_full_fix,perf/vram_allocated_mb,84,126.05750036239624,24725.673828125
pi05_full_fix,perf/vram_allocated_mb,85,127.69924426078796,32439.4453125
pi05_full_fix,perf/vram_allocated_mb,86,129.35775995254517,32214.474609375
pi05_full_fix,perf/vram_allocated_mb,88,130.86101841926575,24774.71484375
pi05_full_fix,perf/vram_allocated_mb,89,132.5014352798462,33416.02734375
pi05_full_fix,perf/vram_allocated_mb,90,134.15102434158325,32214.65625
pi05_full_fix,perf/vram_allocated_mb,91,135.65434288978577,32221.00390625
pi05_full_fix,perf/vram_allocated_mb,93,137.1577696800232,25134.966796875
pi05_full_fix,perf/vram_allocated_mb,94,138.9377682209015,35301.8671875
pi05_full_fix,perf/vram_allocated_mb,95,140.44120573997498,32220.283203125
pi05_full_fix,perf/vram_allocated_mb,97,141.94501376152039,25464.271484375
pi05_full_fix,perf/vram_allocated_mb,98,143.7970747947693,34439.66015625
pi05_full_fix,perf/vram_allocated_mb,100,145.300306558609,24624.939453125
pi05_full_fix,perf/vram_allocated_mb,101,146.80723786354065,24624.94140625
pi05_full_fix,perf/vram_allocated_mb,102,148.31068348884583,25533.7421875
pi05_full_fix,perf/vram_allocated_mb,103,150.2723650932312,32214.705078125
pi05_full_fix,perf/vram_allocated_mb,105,151.77646017074585,24726.72265625
pi05_full_fix,perf/vram_allocated_mb,106,153.44597268104553,34053.28515625
pi05_full_fix,perf/vram_allocated_mb,107,155.07293820381165,32220.48828125
pi05_full_fix,perf/vram_allocated_mb,108,156.5908341407776,32214.65625
pi05_full_fix,perf/vram_allocated_mb,110,158.09434747695923,24725.673828125
pi05_full_fix,perf/vram_allocated_mb,111,159.72591352462769,29549.072265625
pi05_full_fix,perf/vram_allocated_mb,112,161.39113664627075,32213.23828125
pi05_full_fix,perf/vram_allocated_mb,114,162.8951292037964,24774.71484375
pi05_full_fix,perf/vram_allocated_mb,115,164.67716240882874,33096.1015625
pi05_full_fix,perf/vram_allocated_mb,116,166.18464708328247,32214.65625
pi05_full_fix,perf/vram_allocated_mb,117,167.68867111206055,32221.052734375
pi05_full_fix,perf/vram_allocated_mb,119,169.19243121147156,24988.365234375
pi05_full_fix,perf/vram_allocated_mb,120,170.96473050117493,33776.50390625
pi05_full_fix,perf/vram_allocated_mb,121,172.48457050323486,32214.705078125
pi05_full_fix,perf/vram_allocated_mb,123,173.9902503490448,24726.72265625
pi05_full_fix,perf/vram_allocated_mb,124,175.63616466522217,31717.197265625
pi05_full_fix,perf/vram_allocated_mb,125,177.48796486854553,33952.1796875
pi05_full_fix,perf/vram_allocated_mb,127,178.99290990829468,24623.890625
pi05_full_fix,perf/vram_allocated_mb,128,180.49825763702393,25279.390625
pi05_full_fix,perf/vram_allocated_mb,129,182.4804289340973,33259.5234375
pi05_full_fix,perf/vram_allocated_mb,131,183.9846169948578,24726.72265625
pi05_full_fix,perf/vram_allocated_mb,132,185.6352994441986,29892.830078125
pi05_full_fix,perf/vram_allocated_mb,133,187.32671356201172,32221.208984375
pi05_full_fix,perf/vram_allocated_mb,135,188.82986164093018,24624.939453125
pi05_full_fix,perf/vram_allocated_mb,136,190.33327841758728,25279.45703125
pi05_full_fix,perf/vram_allocated_mb,137,192.33955359458923,32220.33203125
pi05_full_fix,perf/vram_allocated_mb,139,193.84398579597473,24726.72265625
pi05_full_fix,perf/vram_allocated_mb,140,195.5067355632782,33607.20703125
pi05_full_fix,perf/vram_allocated_mb,141,197.1532688140869,32220.439453125
pi05_full_fix,perf/vram_allocated_mb,142,198.72058486938477,32214.65625
pi05_full_fix,perf/vram_allocated_mb,144,200.22414875030518,24711.435546875
pi05_full_fix,perf/vram_allocated_mb,145,201.94696927070618,33356.609375
pi05_full_fix,perf/vram_allocated_mb,146,203.5132761001587,32214.65625
pi05_full_fix,perf/vram_allocated_mb,148,205.01682591438293,24863.384765625
pi05_full_fix,perf/vram_allocated_mb,149,206.77963089942932,32338.25
pi05_full_fix,perf/vram_allocated_mb,150,208.30701279640198,32215.638671875
pi05_full_fix,perf/vram_allocated_mb,151,209.87287092208862,32214.705078125
pi05_full_fix,perf/vram_allocated_mb,153,211.37694096565247,24726.72265625
pi05_full_fix,perf/vram_allocated_mb,154,213.05849194526672,33716.9765625
pi05_full_fix,perf/vram_allocated_mb,155,214.6795735359192,32214.525390625
pi05_full_fix,perf/vram_allocated_mb,157,216.18874049186707,24726.72265625
pi05_full_fix,perf/vram_allocated_mb,158,217.87665820121765,33703.7890625
pi05_full_fix,perf/vram_allocated_mb,159,219.4874701499939,32220.283203125
pi05_full_fix,perf/vram_allocated_mb,160,221.01472115516663,32221.98828125
pi05_full_fix,perf/vram_allocated_mb,162,222.5197012424469,24726.72265625
pi05_full_fix,perf/vram_allocated_mb,163,224.1745035648346,34201.73046875
pi05_full_fix,perf/vram_allocated_mb,164,225.8164885044098,32221.265625
pi05_full_fix,perf/vram_allocated_mb,166,227.320574760437,24726.72265625
pi05_full_fix,perf/vram_allocated_mb,167,229.07767629623413,32537.443359375
pi05_full_fix,perf/vram_allocated_mb,168,230.61231803894043,32213.23828125
pi05_full_fix,perf/vram_allocated_mb,169,232.26133346557617,32214.705078125
pi05_full_fix,perf/vram_allocated_mb,171,233.76678586006165,24726.72265625
pi05_full_fix,perf/vram_allocated_mb,172,235.49097061157227,33166.29296875
pi05_full_fix,perf/vram_allocated_mb,173,237.05724167823792,32221.052734375
pi05_full_fix,perf/vram_allocated_mb,175,238.5615668296814,24726.72265625
pi05_full_fix,perf/vram_allocated_mb,176,240.19610738754272,32127.271484375
pi05_full_fix,perf/vram_allocated_mb,177,241.85207724571228,32214.525390625
pi05_full_fix,perf/vram_allocated_mb,178,243.3557426929474,32214.65625
pi05_full_fix,perf/vram_allocated_mb,180,244.86062216758728,25080.82421875
pi05_full_fix,perf/vram_allocated_mb,181,246.66018509864807,35280.890625
pi05_full_fix,perf/vram_allocated_mb,182,248.16774010658264,32217.47265625
pi05_full_fix,perf/vram_allocated_mb,184,249.67125487327576,25213.953125
pi05_full_fix,perf/vram_allocated_mb,185,251.38710641860962,32612.306640625
pi05_full_fix,perf/vram_allocated_mb,186,253.28071355819702,32214.474609375
pi05_full_fix,perf/vram_allocated_mb,188,254.79071259498596,24774.71484375
pi05_full_fix,perf/vram_allocated_mb,189,256.5620467662811,34068.703125
pi05_full_fix,perf/vram_allocated_mb,190,258.07772517204285,32215.376953125
pi05_full_fix,perf/vram_allocated_mb,192,259.5861749649048,24717.236328125
pi05_full_fix,perf/vram_allocated_mb,193,261.22271156311035,31176.525390625
pi05_full_fix,perf/vram_allocated_mb,194,262.96377968788147,36252.55859375
pi05_full_fix,perf/vram_allocated_mb,195,264.46775484085083,32214.705078125
pi05_full_fix,perf/vram_allocated_mb,197,265.9712679386139,24815.904296875
pi05_full_fix,perf/vram_allocated_mb,198,267.5950970649719,31268.685546875
pi05_full_fix,perf/vram_allocated_mb,199,269.2533369064331,32215.42578125
pi05_full_fix,perf/vram_allocated_mb,201,270.75682497024536,24726.72265625
pi05_full_fix,perf/vram_allocated_mb,202,272.53405690193176,33519.1953125
pi05_full_fix,perf/vram_allocated_mb,203,274.4655158519745,32214.705078125
pi05_full_fix,perf/vram_allocated_mb,205,275.9697334766388,24806.6796875
pi05_full_fix,perf/vram_allocated_mb,206,277.70934319496155,32779.765625
pi05_full_fix,perf/vram_allocated_mb,207,279.2614092826843,32215.6875
pi05_full_fix,perf/vram_allocated_mb,209,280.76610231399536,24726.72265625
pi05_full_fix,perf/vram_allocated_mb,210,282.5215904712677,33126.9375
pi05_full_fix,perf/vram_allocated_mb,211,284.0614261627197,32220.33203125
pi05_full_fix,perf/vram_allocated_mb,212,285.5659775733948,32215.1953125
pi05_full_fix,perf/vram_allocated_mb,214,287.0705602169037,25103.75390625
pi05_full_fix,perf/vram_allocated_mb,215,288.97092032432556,32702.072265625
pi05_full_fix,perf/vram_allocated_mb,217,290.47527718544006,24694.796875
pi05_full_fix,perf/vram_allocated_mb,218,291.9797248840332,25757.66015625
pi05_full_fix,perf/vram_allocated_mb,219,293.9086136817932,32215.42578125
pi05_full_fix,perf/vram_allocated_mb,221,295.4132926464081,24726.72265625
pi05_full_fix,perf/vram_allocated_mb,222,296.91706943511963,24726.7890625
pi05_full_fix,perf/vram_allocated_mb,223,298.56304574012756,29260.513671875
pi05_full_fix,perf/vram_allocated_mb,224,300.2559745311737,32220.283203125
pi05_full_fix,perf/vram_allocated_mb,226,301.76047706604004,24703.94921875
pi05_full_fix,perf/vram_allocated_mb,227,303.44853234291077,33702.734375
pi05_full_fix,perf/vram_allocated_mb,228,305.05602502822876,32214.474609375
pi05_full_fix,perf/vram_allocated_mb,230,306.5600175857544,24726.72265625
pi05_full_fix,perf/vram_allocated_mb,231,308.2469265460968,33811.03515625
pi05_full_fix,perf/vram_allocated_mb,232,309.861923456192,32214.474609375
pi05_full_fix,perf/vram_allocated_mb,234,311.3657088279724,24816.4375
pi05_full_fix,perf/vram_allocated_mb,235,313.1361701488495,32943.41015625
pi05_full_fix,perf/vram_allocated_mb,236,314.65469193458557,32215.376953125
pi05_full_fix,perf/vram_allocated_mb,238,316.1588490009308,24711.275390625
pi05_full_fix,perf/vram_allocated_mb,239,317.66225385665894,24726.72265625
pi05_full_fix,perf/vram_allocated_mb,240,319.2779471874237,28294.13671875
pi05_full_fix,perf/vram_allocated_mb,241,321.0288772583008,32221.31640625
pi05_full_fix,perf/vram_allocated_mb,243,322.5329842567444,25138.6875
pi05_full_fix,perf/vram_allocated_mb,244,324.15738320350647,29551.828125
pi05_full_fix,perf/vram_allocated_mb,245,325.81875109672546,32221.052734375
pi05_full_fix,perf/vram_allocated_mb,247,327.32270908355713,24726.72265625
pi05_full_fix,perf/vram_allocated_mb,248,328.9666759967804,29272.294921875
pi05_full_fix,perf/vram_allocated_mb,249,330.66102862358093,32221.052734375
pi05_full_fix,perf/vram_allocated_mb,251,332.16503739356995,24726.72265625
pi05_full_fix,perf/vram_allocated_mb,252,333.8315873146057,34286.5234375
pi05_full_fix,perf/vram_allocated_mb,253,335.4632980823517,32214.705078125
pi05_full_fix,perf/vram_allocated_mb,255,337.24417901039124,24706.134765625
pi05_full_fix,perf/vram_allocated_mb,256,338.76698899269104,27492.0703125
pi05_full_fix,perf/vram_allocated_mb,257,340.6599769592285,32214.705078125
pi05_full_fix,perf/vram_allocated_mb,259,342.163569688797,24726.72265625
pi05_full_fix,perf/vram_allocated_mb,260,343.8200330734253,32720.896484375
pi05_full_fix,perf/vram_allocated_mb,261,345.4784836769104,32214.705078125
pi05_full_fix,perf/vram_allocated_mb,263,346.98175740242004,24726.72265625
pi05_full_fix,perf/vram_allocated_mb,264,348.48553824424744,24725.673828125
pi05_full_fix,perf/vram_allocated_mb,265,350.2480001449585,33300.59375
pi05_full_fix,perf/vram_allocated_mb,266,351.7827568054199,32214.474609375
pi05_full_fix,perf/vram_allocated_mb,268,353.28912591934204,24703.916015625
pi05_full_fix,perf/vram_allocated_mb,269,355.0012457370758,33418.94140625
pi05_full_fix,perf/vram_allocated_mb,270,356.58775210380554,32221.00390625
pi05_full_fix,perf/vram_allocated_mb,272,358.0920195579529,24956.685546875
pi05_full_fix,perf/vram_allocated_mb,273,359.60102701187134,24695.064453125
pi05_full_fix,perf/vram_allocated_mb,274,361.1405391693115,27970.30859375
pi05_full_fix,perf/vram_allocated_mb,275,363.00728011131287,32214.65625
pi05_full_fix,perf/vram_allocated_mb,277,364.5157072544098,24703.42578125
pi05_full_fix,perf/vram_allocated_mb,278,366.2819731235504,32494.283203125
pi05_full_fix,perf/vram_allocated_mb,279,367.8101155757904,32220.283203125
pi05_full_fix,perf/vram_allocated_mb,281,369.4587254524231,24705.15234375
pi05_full_fix,perf/vram_allocated_mb,282,371.02336406707764,27983.55078125
pi05_full_fix,perf/vram_allocated_mb,283,372.8431074619293,32221.052734375
pi05_full_fix,perf/vram_allocated_mb,285,374.34737062454224,24726.72265625
pi05_full_fix,perf/vram_allocated_mb,286,376.0217583179474,34040.875
pi05_full_fix,perf/vram_allocated_mb,287,377.6508221626282,32220.33203125
pi05_full_fix,perf/vram_allocated_mb,289,379.160192489624,24717.3671875
pi05_full_fix,perf/vram_allocated_mb,290,380.66384291648865,25454.2578125
pi05_full_fix,perf/vram_allocated_mb,291,382.43720030784607,36189.875
pi05_full_fix,perf/vram_allocated_mb,292,383.9409897327423,32215.376953125
pi05_full_fix,perf/vram_allocated_mb,294,385.4448812007904,24774.71484375
pi05_full_fix,perf/vram_allocated_mb,295,387.1164457798004,34257.4609375
pi05_full_fix,perf/vram_allocated_mb,296,388.74991750717163,32217.47265625
pi05_full_fix,perf/vram_allocated_mb,298,390.2541410923004,24726.72265625
pi05_full_fix,perf/vram_allocated_mb,299,391.76056003570557,25115.693359375
pi05_full_fix,perf/vram_allocated_mb,300,393.4992926120758,32703.9921875
pi05_full_fix,perf/vram_allocated_mb,301,395.04487895965576,32221.052734375
pi05_full_fix,perf/vram_allocated_mb,303,396.54902267456055,24726.72265625
pi05_full_fix,perf/vram_allocated_mb,304,398.30630016326904,32613.2421875
pi05_full_fix,perf/vram_allocated_mb,305,399.8453223705292,32220.283203125
pi05_full_fix,perf/vram_allocated_mb,306,401.3878617286682,32217.736328125
pi05_full_fix,perf/vram_allocated_mb,308,402.8914268016815,24726.72265625
pi05_full_fix,perf/vram_allocated_mb,309,404.5435402393341,31358.140625
pi05_full_fix,perf/vram_allocated_mb,310,406.2070543766022,32214.65625
pi05_full_fix,perf/vram_allocated_mb,312,407.71810817718506,24726.72265625
pi05_full_fix,perf/vram_allocated_mb,313,409.48604679107666,33512.828125
pi05_full_fix,perf/vram_allocated_mb,314,411.0159842967987,32221.00390625
pi05_full_fix,perf/vram_allocated_mb,316,412.51944947242737,24624.939453125
pi05_full_fix,perf/vram_allocated_mb,317,414.0226502418518,25279.390625
pi05_full_fix,perf/vram_allocated_mb,318,415.914249420166,35347.41015625
pi05_full_fix,perf/vram_allocated_mb,320,417.42116141319275,24721.9296875
pi05_full_fix,perf/vram_allocated_mb,321,418.9479115009308,25985.326171875
pi05_full_fix,perf/vram_allocated_mb,322,420.83323860168457,32220.439453125
pi05_full_fix,perf/vram_allocated_mb,323,422.397029876709,32220.283203125
pi05_full_fix,perf/vram_allocated_mb,325,423.9022104740143,24726.72265625
pi05_full_fix,perf/vram_allocated_mb,326,425.500164270401,29644.0234375
pi05_full_fix,perf/vram_allocated_mb,327,427.19978857040405,32214.705078125
pi05_full_fix,perf/vram_allocated_mb,329,428.7040629386902,24726.72265625
pi05_full_fix,perf/vram_allocated_mb,330,430.36363697052,34460.6171875
pi05_full_fix,perf/vram_allocated_mb,331,432.00416016578674,32214.705078125
pi05_full_fix,perf/vram_allocated_mb,332,433.50817131996155,32215.376953125
pi05_full_fix,perf/vram_allocated_mb,334,435.0116195678711,24947.689453125
pi05_full_fix,perf/vram_allocated_mb,335,436.6616394519806,33771.1875
pi05_full_fix,perf/vram_allocated_mb,336,438.27987694740295,32214.474609375
pi05_full_fix,perf/vram_allocated_mb,338,439.78341937065125,25113.572265625
pi05_full_fix,perf/vram_allocated_mb,339,441.559912443161,34973.9921875
pi05_full_fix,perf/vram_allocated_mb,340,443.0678482055664,32220.439453125
pi05_full_fix,perf/vram_allocated_mb,341,444.57171511650085,32221.052734375
pi05_full_fix,perf/vram_allocated_mb,343,446.07512307167053,25257.98828125
pi05_full_fix,perf/vram_allocated_mb,344,447.92026591300964,34099.29296875
pi05_full_fix,perf/vram_allocated_mb,346,449.42424964904785,24624.939453125
pi05_full_fix,perf/vram_allocated_mb,347,450.92819714546204,25279.390625
pi05_full_fix,perf/vram_allocated_mb,348,452.9203233718872,32220.283203125
pi05_full_fix,perf/vram_allocated_mb,350,454.4239890575409,24726.7890625
pi05_full_fix,perf/vram_allocated_mb,351,455.92739248275757,24726.72265625
pi05_full_fix,perf/vram_allocated_mb,352,457.5877785682678,32389.546875
pi05_full_fix,perf/vram_allocated_mb,353,459.242219209671,32214.525390625
pi05_full_fix,perf/vram_allocated_mb,355,460.7471466064453,24727.748046875
pi05_full_fix,perf/vram_allocated_mb,356,462.4353382587433,33567.95703125
pi05_full_fix,perf/vram_allocated_mb,357,464.0431332588196,32214.705078125
pi05_full_fix,perf/vram_allocated_mb,359,465.5483412742615,24726.72265625
pi05_full_fix,perf/vram_allocated_mb,360,467.17653703689575,29816.4765625
pi05_full_fix,perf/vram_allocated_mb,361,468.8506441116333,32214.705078125
pi05_full_fix,perf/vram_allocated_mb,363,470.3545641899109,24954.908203125
pi05_full_fix,perf/vram_allocated_mb,364,472.12189650535583,32944.60546875
pi05_full_fix,perf/vram_allocated_mb,365,473.6413953304291,32221.052734375
pi05_full_fix,perf/vram_allocated_mb,367,475.1458752155304,24703.94921875
pi05_full_fix,perf/vram_allocated_mb,368,476.6499946117401,24726.72265625
pi05_full_fix,perf/vram_allocated_mb,369,478.21921014785767,27267.146484375
pi05_full_fix,perf/vram_allocated_mb,370,480.04473781585693,32221.421875
pi05_full_fix,perf/vram_allocated_mb,372,481.5485854148865,24726.72265625
pi05_full_fix,perf/vram_allocated_mb,373,483.18933606147766,29769.8515625
pi05_full_fix,perf/vram_allocated_mb,374,484.85919642448425,32215.376953125
pi05_full_fix,perf/vram_allocated_mb,376,486.36558175086975,24675.923828125
pi05_full_fix,perf/vram_allocated_mb,377,488.0662360191345,29023.83203125
pi05_full_fix,perf/vram_allocated_mb,378,489.8751389980316,32214.474609375
pi05_full_fix,perf/vram_allocated_mb,380,491.38773703575134,24704.015625
pi05_full_fix,perf/vram_allocated_mb,381,493.08099484443665,33476.8984375
pi05_full_fix,perf/vram_allocated_mb,382,494.6797797679901,32220.439453125
pi05_full_fix,perf/vram_allocated_mb,384,496.37396335601807,24721.9296875
pi05_full_fix,perf/vram_allocated_mb,385,497.9761667251587,30042.751953125
pi05_full_fix,perf/vram_allocated_mb,386,499.7277081012726,32220.283203125
pi05_full_fix,perf/vram_allocated_mb,388,501.23431730270386,24726.72265625
pi05_full_fix,perf/vram_allocated_mb,389,502.8903181552887,33735.78125
pi05_full_fix,perf/vram_allocated_mb,390,504.54656624794006,32221.265625
pi05_full_fix,perf/vram_allocated_mb,392,506.05129289627075,24726.72265625
pi05_full_fix,perf/vram_allocated_mb,393,507.5546774864197,25199.109375
pi05_full_fix,perf/vram_allocated_mb,394,509.30087304115295,35116.7890625
pi05_full_fix,perf/vram_allocated_mb,395,510.81027460098267,32221.052734375
pi05_full_fix,perf/vram_allocated_mb,397,512.3153319358826,24726.72265625
pi05_full_fix,perf/vram_allocated_mb,398,513.8799517154694,29210.896484375
pi05_full_fix,perf/vram_allocated_mb,399,515.6117341518402,32221.98828125
pi05_full_fix,perf/vram_allocated_mb,401,517.1158592700958,24726.72265625
pi05_full_fix,perf/vram_allocated_mb,402,518.6357133388519,24717.3671875
pi05_full_fix,perf/vram_allocated_mb,403,520.2898962497711,34510.80859375
pi05_full_fix,perf/vram_allocated_mb,404,521.9328417778015,32221.265625
pi05_full_fix,perf/vram_allocated_mb,406,523.4364864826202,24726.72265625
pi05_full_fix,perf/vram_allocated_mb,407,525.0220136642456,28760.333984375
pi05_full_fix,perf/vram_allocated_mb,408,526.7510843276978,32214.474609375
pi05_full_fix,perf/vram_allocated_mb,410,528.423305273056,24706.134765625
pi05_full_fix,perf/vram_allocated_mb,411,529.9282884597778,26036.02734375
pi05_full_fix,perf/vram_allocated_mb,412,531.8496913909912,32217.47265625
pi05_full_fix,perf/vram_allocated_mb,414,533.3570704460144,24725.673828125
pi05_full_fix,perf/vram_allocated_mb,415,534.9323084354401,29959.63671875
pi05_full_fix,perf/vram_allocated_mb,416,536.6864635944366,32214.474609375
pi05_full_fix,perf/vram_allocated_mb,418,538.3703186511993,24685.67578125
pi05_full_fix,perf/vram_allocated_mb,419,539.9936854839325,29968.791015625
pi05_full_fix,perf/vram_allocated_mb,420,541.720541715622,32221.98828125
pi05_full_fix,perf/vram_allocated_mb,422,543.224888086319,24726.72265625
pi05_full_fix,perf/vram_allocated_mb,423,544.8817155361176,33041.58203125
pi05_full_fix,perf/vram_allocated_mb,424,546.5346541404724,32215.376953125
pi05_full_fix,perf/vram_allocated_mb,426,548.0414986610413,24726.72265625
pi05_full_fix,perf/vram_allocated_mb,427,549.549102306366,24694.796875
pi05_full_fix,perf/vram_allocated_mb,428,551.0529093742371,25822.39453125
pi05_full_fix,perf/vram_allocated_mb,429,552.9918668270111,32220.33203125
pi05_full_fix,perf/vram_allocated_mb,431,554.4967963695526,24726.72265625
pi05_full_fix,perf/vram_allocated_mb,432,556.1662528514862,31095.505859375
pi05_full_fix,perf/vram_allocated_mb,433,557.8346571922302,32214.705078125
pi05_full_fix,perf/vram_allocated_mb,435,559.3454601764679,24717.236328125
pi05_full_fix,perf/vram_allocated_mb,436,560.849259853363,24726.72265625
pi05_full_fix,perf/vram_allocated_mb,437,562.4359533786774,29546.14453125
pi05_full_fix,perf/vram_allocated_mb,438,564.2359614372253,32221.421875
pi05_full_fix,perf/vram_allocated_mb,440,565.740645647049,24725.673828125
pi05_full_fix,perf/vram_allocated_mb,441,567.3176782131195,28506.701171875
pi05_full_fix,perf/vram_allocated_mb,442,569.0613679885864,32214.474609375
pi05_full_fix,perf/vram_allocated_mb,443,570.6797823905945,32220.48828125
pi05_full_fix,perf/vram_allocated_mb,445,572.1838109493256,24726.72265625
pi05_full_fix,perf/vram_allocated_mb,446,573.8231172561646,30944.478515625
pi05_full_fix,perf/vram_allocated_mb,447,575.5183198451996,32221.052734375
pi05_full_fix,perf/vram_allocated_mb,449,577.0222153663635,24703.916015625
pi05_full_fix,perf/vram_allocated_mb,450,578.6650302410126,31659.884765625
pi05_full_fix,perf/vram_allocated_mb,451,580.3258447647095,32220.283203125
pi05_full_fix,perf/vram_allocated_mb,453,582.1072189807892,24668.255859375
pi05_full_fix,perf/vram_allocated_mb,454,583.6163530349731,25545.228515625
pi05_full_fix,perf/vram_allocated_mb,455,585.5344693660736,32221.052734375
pi05_full_fix,perf/vram_allocated_mb,457,587.039041519165,24726.72265625
pi05_full_fix,perf/vram_allocated_mb,458,588.7061946392059,34135.4765625
pi05_full_fix,perf/vram_allocated_mb,459,590.3534071445465,32214.525390625
pi05_full_fix,perf/vram_allocated_mb,461,592.1304273605347,24702.138671875
pi05_full_fix,perf/vram_allocated_mb,462,593.8237767219543,33613.13671875
pi05_full_fix,perf/vram_allocated_mb,463,595.4401333332062,32214.525390625
pi05_full_fix,perf/vram_allocated_mb,465,596.9435510635376,24726.72265625
pi05_full_fix,perf/vram_allocated_mb,466,598.6127388477325,34201.68359375
pi05_full_fix,perf/vram_allocated_mb,467,600.2559037208557,32220.283203125
pi05_full_fix,perf/vram_allocated_mb,469,601.7608921527863,24726.72265625
pi05_full_fix,perf/vram_allocated_mb,470,603.265819311142,24726.72265625
pi05_full_fix,perf/vram_allocated_mb,471,604.855673789978,28089.353515625
pi05_full_fix,perf/vram_allocated_mb,472,606.6193265914917,32214.65625
pi05_full_fix,perf/vram_allocated_mb,474,608.1240503787994,24678.833984375
pi05_full_fix,perf/vram_allocated_mb,475,609.8888258934021,32359.138671875
pi05_full_fix,perf/vram_allocated_mb,476,611.4217202663422,32214.474609375
pi05_full_fix,perf/vram_allocated_mb,478,612.9268298149109,24703.951171875
pi05_full_fix,perf/vram_allocated_mb,479,614.4307963848114,24726.7890625
pi05_full_fix,perf/vram_allocated_mb,480,615.9637808799744,28483.271484375
pi05_full_fix,perf/vram_allocated_mb,481,617.8087527751923,32220.48828125
pi05_full_fix,perf/vram_allocated_mb,483,619.3309333324432,24717.302734375
pi05_full_fix,perf/vram_allocated_mb,484,620.9771475791931,32019.005859375
pi05_full_fix,perf/vram_allocated_mb,485,622.6353135108948,32220.283203125
pi05_full_fix,perf/vram_allocated_mb,487,624.1399521827698,24726.72265625
pi05_full_fix,perf/vram_allocated_mb,488,625.6444439888,24726.72265625
pi05_full_fix,perf/vram_allocated_mb,489,627.1902287006378,26386.556640625
pi05_full_fix,perf/vram_allocated_mb,490,629.0459101200104,32215.376953125
pi05_full_fix,perf/vram_allocated_mb,492,630.5496966838837,24774.71484375
pi05_full_fix,perf/vram_allocated_mb,493,632.2136301994324,34173.9921875
pi05_full_fix,perf/vram_allocated_mb,494,633.8380072116852,32221.00390625
pi05_full_fix,perf/vram_allocated_mb,496,635.6357808113098,24701.08984375
pi05_full_fix,perf/vram_allocated_mb,497,637.2842166423798,31689.06640625
pi05_full_fix,perf/vram_allocated_mb,498,638.9416654109955,32214.65625
pi05_full_fix,perf/vram_allocated_mb,500,640.4461245536804,24726.7890625
pi05_full_fix,perf/vram_allocated_mb,501,642.0847761631012,31873.3125
pi05_full_fix,perf/vram_allocated_mb,502,643.7464244365692,32217.736328125
pi05_full_fix,perf/vram_allocated_mb,504,645.2547883987427,24726.72265625
pi05_full_fix,perf/vram_allocated_mb,505,646.7582573890686,24726.72265625
pi05_full_fix,perf/vram_allocated_mb,506,648.4172327518463,30626.349609375
pi05_full_fix,perf/vram_allocated_mb,507,650.0790224075317,32221.31640625
pi05_full_fix,perf/vram_allocated_mb,509,651.5843646526337,24726.72265625
pi05_full_fix,perf/vram_allocated_mb,510,653.2298631668091,32155.189453125
pi05_full_fix,perf/vram_allocated_mb,511,654.8921101093292,32215.42578125
pi05_full_fix,perf/vram_allocated_mb,513,656.3974690437317,24703.4375
pi05_full_fix,perf/vram_allocated_mb,514,657.9015638828278,25126.33203125
pi05_full_fix,perf/vram_allocated_mb,515,659.655754327774,34846.94921875
pi05_full_fix,perf/vram_allocated_mb,516,661.1661591529846,32214.474609375
pi05_full_fix,perf/vram_allocated_mb,518,662.6707804203033,24726.72265625
pi05_full_fix,perf/vram_allocated_mb,519,664.4184100627899,33344.04296875
pi05_full_fix,perf/vram_allocated_mb,520,665.9733304977417,32216.751953125
pi05_full_fix,perf/vram_allocated_mb,521,667.4770638942719,32214.705078125
pi05_full_fix,perf/vram_allocated_mb,523,668.9809002876282,25244.306640625
pi05_full_fix,perf/vram_allocated_mb,524,670.8796918392181,32497.7109375
pi05_full_fix,perf/vram_allocated_mb,526,672.3845772743225,24668.3203125
pi05_full_fix,perf/vram_allocated_mb,527,673.8894245624542,25811.353515625
pi05_full_fix,perf/vram_allocated_mb,528,675.8358924388885,32221.421875
pi05_full_fix,perf/vram_allocated_mb,530,677.3392362594604,24726.72265625
pi05_full_fix,perf/vram_allocated_mb,531,678.8428084850311,25502.7421875
pi05_full_fix,perf/vram_allocated_mb,532,680.6431736946106,33102.8671875
pi05_full_fix,perf/vram_allocated_mb,534,682.1474938392639,24637.62890625
pi05_full_fix,perf/vram_allocated_mb,535,683.6516461372375,25717.375
pi05_full_fix,perf/vram_allocated_mb,536,685.613293170929,32215.376953125
pi05_full_fix,perf/vram_allocated_mb,538,687.1166367530823,24726.72265625
pi05_full_fix,perf/vram_allocated_mb,539,689.0604846477509,31378.26953125
pi05_full_fix,perf/vram_allocated_mb,540,690.6649763584137,32217.47265625
pi05_full_fix,perf/vram_allocated_mb,542,692.1725749969482,24703.396484375
pi05_full_fix,perf/vram_allocated_mb,543,693.8090944290161,29770.2109375
pi05_full_fix,perf/vram_allocated_mb,544,695.4782447814941,32214.65625
pi05_full_fix,perf/vram_allocated_mb,546,696.9819693565369,24922.38671875
pi05_full_fix,perf/vram_allocated_mb,547,698.6039261817932,31211.498046875
pi05_full_fix,perf/vram_allocated_mb,548,700.4943251609802,32221.00390625
pi05_full_fix,perf/vram_allocated_mb,550,701.9988768100739,24761.23828125
pi05_full_fix,perf/vram_allocated_mb,551,703.6447613239288,32156.525390625
pi05_full_fix,perf/vram_allocated_mb,552,705.3016564846039,32214.474609375
pi05_full_fix,perf/vram_allocated_mb,554,706.8052098751068,24726.72265625
pi05_full_fix,perf/vram_allocated_mb,555,708.4622406959534,33434.25
pi05_full_fix,perf/vram_allocated_mb,556,710.3740165233612,32214.65625
pi05_full_fix,perf/vram_allocated_mb,558,711.8777918815613,24726.853515625
pi05_full_fix,perf/vram_allocated_mb,559,713.5337424278259,34301.1328125
pi05_full_fix,perf/vram_allocated_mb,560,715.1811153888702,32214.65625
pi05_full_fix,perf/vram_allocated_mb,562,716.6859459877014,24726.72265625
pi05_full_fix,perf/vram_allocated_mb,563,718.334055185318,33716.19921875
pi05_full_fix,perf/vram_allocated_mb,564,719.9832110404968,32220.283203125
pi05_full_fix,perf/vram_allocated_mb,566,721.4882814884186,24624.939453125
pi05_full_fix,perf/vram_allocated_mb,567,722.9922022819519,25279.390625
pi05_full_fix,perf/vram_allocated_mb,568,724.8646910190582,33046.17578125
pi05_full_fix,perf/vram_allocated_mb,570,726.3692994117737,24668.255859375
pi05_full_fix,perf/vram_allocated_mb,571,727.8731136322021,25726.498046875
pi05_full_fix,perf/vram_allocated_mb,572,729.8177783489227,32214.474609375
pi05_full_fix,perf/vram_allocated_mb,574,731.4881343841553,24711.57421875
pi05_full_fix,perf/vram_allocated_mb,575,733.1205823421478,29797.056640625
pi05_full_fix,perf/vram_allocated_mb,576,734.7870349884033,32217.736328125
pi05_full_fix,perf/vram_allocated_mb,578,736.292466878891,24702.90234375
pi05_full_fix,perf/vram_allocated_mb,579,737.936769247055,34585.921875
pi05_full_fix,perf/vram_allocated_mb,580,739.586464881897,32221.31640625
pi05_full_fix,perf/vram_allocated_mb,582,741.093145608902,24775.8046875
pi05_full_fix,perf/vram_allocated_mb,583,742.5969393253326,25116.224609375
pi05_full_fix,perf/vram_allocated_mb,584,744.2535631656647,33685.59765625
pi05_full_fix,perf/vram_allocated_mb,585,745.8641126155853,32220.33203125
pi05_full_fix,perf/vram_allocated_mb,587,747.3678603172302,24743.060546875
pi05_full_fix,perf/vram_allocated_mb,588,749.1814560890198,33013.7734375
pi05_full_fix,perf/vram_allocated_mb,589,750.6851186752319,32214.65625
pi05_full_fix,perf/vram_allocated_mb,591,752.1888942718506,25090.927734375
pi05_full_fix,perf/vram_allocated_mb,592,753.6923418045044,24725.673828125
pi05_full_fix,perf/vram_allocated_mb,593,755.3086891174316,29015.634765625
pi05_full_fix,perf/vram_allocated_mb,594,757.0269587039948,32213.23828125
pi05_full_fix,perf/vram_allocated_mb,596,758.5362701416016,24717.087890625
pi05_full_fix,perf/vram_allocated_mb,597,760.2965171337128,32409.099609375
pi05_full_fix,perf/vram_allocated_mb,598,761.8254842758179,32220.439453125
pi05_full_fix,perf/vram_allocated_mb,599,763.3998339176178,32214.705078125
pi05_full_fix,perf/vram_allocated_mb,601,764.9043350219727,24703.396484375
pi05_full_fix,perf/vram_allocated_mb,602,766.8262512683868,33382.5390625
pi05_full_fix,perf/vram_allocated_mb,604,768.3347613811493,24613.87890625
pi05_full_fix,perf/vram_allocated_mb,605,769.8411581516266,25554.830078125
pi05_full_fix,perf/vram_allocated_mb,606,771.8196024894714,32213.23828125
pi05_full_fix,perf/vram_allocated_mb,608,773.5467228889465,24684.3125
pi05_full_fix,perf/vram_allocated_mb,609,775.1388626098633,27907.34375
pi05_full_fix,perf/vram_allocated_mb,610,776.9172933101654,32214.474609375
pi05_full_fix,perf/vram_allocated_mb,612,778.421236038208,24703.396484375
pi05_full_fix,perf/vram_allocated_mb,613,780.1955797672272,33095.55078125
pi05_full_fix,perf/vram_allocated_mb,615,781.7730450630188,32214.474609375
pi05_full_fix,perf/vram_allocated_mb,616,783.5290632247925,25115.783203125
pi05_full_fix,perf/vram_allocated_mb,617,785.3285977840424,35254.44140625
pi05_full_fix,perf/vram_allocated_mb,618,786.8331944942474,32221.00390625
pi05_full_fix,perf/vram_allocated_mb,620,788.3366343975067,25190.26171875
pi05_full_fix,perf/vram_allocated_mb,621,790.1986300945282,33676.546875
pi05_full_fix,perf/vram_allocated_mb,623,791.7018637657166,24624.939453125
pi05_full_fix,perf/vram_allocated_mb,624,793.2099947929382,25279.4765625
pi05_full_fix,perf/vram_allocated_mb,625,794.7138662338257,25886.32421875
pi05_full_fix,perf/vram_allocated_mb,626,796.6447665691376,32215.376953125
pi05_full_fix,perf/vram_allocated_mb,628,798.1509575843811,24726.72265625
pi05_full_fix,perf/vram_allocated_mb,629,799.8103675842285,34593.25390625
pi05_full_fix,perf/vram_allocated_mb,630,801.4547116756439,32221.00390625
pi05_full_fix,perf/vram_allocated_mb,632,802.9584405422211,24726.72265625
pi05_full_fix,perf/vram_allocated_mb,633,804.8097789287567,32731.80078125
pi05_full_fix,perf/vram_allocated_mb,634,806.3940014839172,32214.474609375
pi05_full_fix,perf/vram_allocated_mb,636,807.897153377533,24726.72265625
pi05_full_fix,perf/vram_allocated_mb,637,809.5534811019897,34585.6171875
pi05_full_fix,perf/vram_allocated_mb,638,811.1998777389526,32216.751953125
pi05_full_fix,perf/vram_allocated_mb,640,812.703839302063,24726.72265625
pi05_full_fix,perf/vram_allocated_mb,641,814.349800825119,32127.255859375
pi05_full_fix,perf/vram_allocated_mb,642,816.2009060382843,32220.439453125
pi05_full_fix,perf/vram_allocated_mb,644,817.7048804759979,24726.7890625
pi05_full_fix,perf/vram_allocated_mb,645,819.3640472888947,34055.9375
pi05_full_fix,perf/vram_allocated_mb,646,821.0191752910614,32215.458984375
pi05_full_fix,perf/vram_allocated_mb,648,822.524617433548,24704.1953125
pi05_full_fix,perf/vram_allocated_mb,649,824.1681680679321,32000.6484375
pi05_full_fix,perf/vram_allocated_mb,650,826.0957794189453,32214.65625
pi05_full_fix,perf/vram_allocated_mb,652,827.5997061729431,24726.72265625
pi05_full_fix,perf/vram_allocated_mb,653,829.3600690364838,32745.44140625
pi05_full_fix,perf/vram_allocated_mb,654,830.8969175815582,32215.638671875
pi05_full_fix,perf/vram_allocated_mb,656,832.4013724327087,24726.72265625
pi05_full_fix,perf/vram_allocated_mb,657,834.0720031261444,34347.91015625
pi05_full_fix,perf/vram_allocated_mb,658,835.7138276100159,32215.376953125
pi05_full_fix,perf/vram_allocated_mb,659,837.2192077636719,32214.525390625
pi05_full_fix,perf/vram_allocated_mb,661,838.7228853702545,24847.869140625
pi05_full_fix,perf/vram_allocated_mb,662,840.4773750305176,32358.318359375
pi05_full_fix,perf/vram_allocated_mb,663,842.0163440704346,32221.421875
pi05_full_fix,perf/vram_allocated_mb,665,843.5302910804749,24726.72265625
pi05_full_fix,perf/vram_allocated_mb,666,845.2068393230438,34203.44921875
pi05_full_fix,perf/vram_allocated_mb,667,846.8372418880463,32215.42578125
pi05_full_fix,perf/vram_allocated_mb,668,848.3429706096649,32221.421875
pi05_full_fix,perf/vram_allocated_mb,670,849.8467338085175,25006.646484375
pi05_full_fix,perf/vram_allocated_mb,671,851.4667973518372,34546.58203125
pi05_full_fix,perf/vram_allocated_mb,672,853.1131672859192,32214.474609375
pi05_full_fix,perf/vram_allocated_mb,674,854.6229372024536,24726.72265625
pi05_full_fix,perf/vram_allocated_mb,675,856.274263381958,34585.4375
pi05_full_fix,perf/vram_allocated_mb,676,857.9216773509979,32216.751953125
pi05_full_fix,perf/vram_allocated_mb,677,859.4277107715607,32221.421875
pi05_full_fix,perf/vram_allocated_mb,679,860.9330170154572,24726.72265625
pi05_full_fix,perf/vram_allocated_mb,680,862.6050291061401,33970.42578125
pi05_full_fix,perf/vram_allocated_mb,681,864.2289247512817,32215.42578125
pi05_full_fix,perf/vram_allocated_mb,683,865.7323276996613,24726.72265625
pi05_full_fix,perf/vram_allocated_mb,684,867.3744995594025,31104.484375
pi05_full_fix,perf/vram_allocated_mb,685,869.153641462326,35880.8046875
pi05_full_fix,perf/vram_allocated_mb,686,870.6604564189911,32213.23828125
pi05_full_fix,perf/vram_allocated_mb,688,872.1647741794586,25082.92578125
pi05_full_fix,perf/vram_allocated_mb,689,873.8663654327393,33281.95703125
pi05_full_fix,perf/vram_allocated_mb,690,875.4558997154236,32214.65625
pi05_full_fix,perf/vram_allocated_mb,692,876.9595844745636,24725.673828125
pi05_full_fix,perf/vram_allocated_mb,693,878.6183042526245,26033.81640625
pi05_full_fix,perf/vram_allocated_mb,694,880.5259263515472,32221.31640625
pi05_full_fix,perf/vram_allocated_mb,696,882.0363729000092,24727.87890625
pi05_full_fix,perf/vram_allocated_mb,697,883.6925182342529,34359.328125
pi05_full_fix,perf/vram_allocated_mb,698,885.3294053077698,32214.474609375
pi05_full_fix,perf/vram_allocated_mb,700,886.8344886302948,24726.72265625
pi05_full_fix,perf/vram_allocated_mb,701,888.5868861675262,32528.12890625
pi05_full_fix,perf/vram_allocated_mb,702,890.5409245491028,32215.376953125
pi05_full_fix,perf/vram_allocated_mb,704,892.0469753742218,24943.388671875
pi05_full_fix,perf/vram_allocated_mb,705,893.6770751476288,34594.34375
pi05_full_fix,perf/vram_allocated_mb,706,895.3292756080627,32213.23828125
pi05_full_fix,perf/vram_allocated_mb,708,896.8326132297516,24868.376953125
pi05_full_fix,perf/vram_allocated_mb,709,898.4358422756195,30931.740234375
pi05_full_fix,perf/vram_allocated_mb,710,900.1231889724731,32221.16015625
pi05_full_fix,perf/vram_allocated_mb,711,901.6784155368805,32221.16015625
pi05_full_fix,perf/vram_allocated_mb,713,903.1821081638336,24726.72265625
pi05_full_fix,perf/vram_allocated_mb,714,904.7394695281982,28512.1015625
pi05_full_fix,perf/vram_allocated_mb,715,906.4878449440002,32215.42578125
pi05_full_fix,perf/vram_allocated_mb,717,907.9922397136688,24726.72265625
pi05_full_fix,perf/vram_allocated_mb,718,909.551215171814,28265.21875
pi05_full_fix,perf/vram_allocated_mb,719,911.3158667087555,32214.705078125
pi05_full_fix,perf/vram_allocated_mb,721,912.8243741989136,24624.939453125
pi05_full_fix,perf/vram_allocated_mb,722,914.3280022144318,25279.390625
pi05_full_fix,perf/vram_allocated_mb,723,916.2306175231934,35627.73046875
pi05_full_fix,perf/vram_allocated_mb,725,917.7345786094666,24726.72265625
pi05_full_fix,perf/vram_allocated_mb,726,919.2604124546051,26027.271484375
pi05_full_fix,perf/vram_allocated_mb,727,921.1456105709076,32221.265625
pi05_full_fix,perf/vram_allocated_mb,728,922.7227809429169,32214.65625
pi05_full_fix,perf/vram_allocated_mb,730,924.2273991107941,24703.42578125
pi05_full_fix,perf/vram_allocated_mb,731,925.9187099933624,33621.2421875
pi05_full_fix,perf/vram_allocated_mb,732,927.5244090557098,32221.00390625
pi05_full_fix,perf/vram_allocated_mb,734,929.028662443161,24726.72265625
pi05_full_fix,perf/vram_allocated_mb,735,930.6960709095001,34163.71484375
pi05_full_fix,perf/vram_allocated_mb,736,932.32554936409,32215.376953125
pi05_full_fix,perf/vram_allocated_mb,737,933.8770492076874,32214.705078125
pi05_full_fix,perf/vram_allocated_mb,739,935.382506608963,24726.72265625
pi05_full_fix,perf/vram_allocated_mb,740,936.9838659763336,30682.671875
pi05_full_fix,perf/vram_allocated_mb,741,938.6851778030396,32220.33203125
pi05_full_fix,perf/vram_allocated_mb,743,940.1899652481079,24956.400390625
pi05_full_fix,perf/vram_allocated_mb,744,941.8371567726135,34475.8515625
pi05_full_fix,perf/vram_allocated_mb,745,943.6963758468628,33103.48046875
pi05_full_fix,perf/vram_allocated_mb,747,945.2014262676239,24620.98046875
pi05_full_fix,perf/vram_allocated_mb,748,946.7047681808472,25840.640625
pi05_full_fix,perf/vram_allocated_mb,749,948.6699261665344,32221.052734375
pi05_full_fix,perf/vram_allocated_mb,751,950.1770431995392,24726.72265625
pi05_full_fix,perf/vram_allocated_mb,752,951.8236129283905,32838.74609375
pi05_full_fix,perf/vram_allocated_mb,753,953.47518491745,32221.052734375
pi05_full_fix,perf/vram_allocated_mb,754,955.0348205566406,32214.65625
pi05_full_fix,perf/vram_allocated_mb,756,956.5424280166626,24726.72265625
pi05_full_fix,perf/vram_allocated_mb,757,958.1983208656311,33178.9765625
pi05_full_fix,perf/vram_allocated_mb,758,959.8532915115356,32222.142578125
pi05_full_fix,perf/vram_allocated_mb,760,961.3579466342926,24673.017578125
pi05_full_fix,perf/vram_allocated_mb,761,963.1035151481628,32775.68359375
pi05_full_fix,perf/vram_allocated_mb,762,964.6533105373383,32221.00390625
pi05_full_fix,perf/vram_allocated_mb,763,966.2046804428101,32214.525390625
pi05_full_fix,perf/vram_allocated_mb,765,967.7083699703217,24774.71484375
pi05_full_fix,perf/vram_allocated_mb,766,969.3760013580322,33949.42578125
pi05_full_fix,perf/vram_allocated_mb,767,971.0006763935089,32220.283203125
pi05_full_fix,perf/vram_allocated_mb,769,972.5065145492554,24752.19921875
pi05_full_fix,perf/vram_allocated_mb,770,974.2349317073822,33258.1953125
pi05_full_fix,perf/vram_allocated_mb,771,975.7930862903595,32221.052734375
pi05_full_fix,perf/vram_allocated_mb,772,977.3671576976776,32220.439453125
pi05_full_fix,perf/vram_allocated_mb,774,978.8711636066437,24813.119140625
pi05_full_fix,perf/vram_allocated_mb,775,980.4344503879547,28805.5703125
pi05_full_fix,perf/vram_allocated_mb,776,982.166510105133,32214.65625
pi05_full_fix,perf/vram_allocated_mb,778,983.6698882579803,24815.576171875
pi05_full_fix,perf/vram_allocated_mb,779,985.4108135700226,32678.78515625
pi05_full_fix,perf/vram_allocated_mb,780,986.9542102813721,32215.376953125
pi05_full_fix,perf/vram_allocated_mb,781,988.5134088993073,32221.31640625
pi05_full_fix,perf/vram_allocated_mb,783,990.0187609195709,24956.546875
pi05_full_fix,perf/vram_allocated_mb,784,991.6403975486755,29570.84375
pi05_full_fix,perf/vram_allocated_mb,785,993.3011314868927,32221.265625
pi05_full_fix,perf/vram_allocated_mb,787,994.8054275512695,24726.72265625
pi05_full_fix,perf/vram_allocated_mb,788,996.5400657653809,32934.94140625
pi05_full_fix,perf/vram_allocated_mb,789,998.4730861186981,32221.265625
pi05_full_fix,perf/vram_allocated_mb,791,999.978830575943,24694.49609375
pi05_full_fix,perf/vram_allocated_mb,792,1001.7328519821167,32503.771484375
pi05_full_fix,perf/vram_allocated_mb,793,1003.2675323486328,32220.33203125
pi05_full_fix,perf/vram_allocated_mb,795,1004.7712244987488,24726.72265625
pi05_full_fix,perf/vram_allocated_mb,796,1006.536447763443,32292.775390625
pi05_full_fix,perf/vram_allocated_mb,797,1008.1984829902649,32221.00390625
pi05_full_fix,perf/vram_allocated_mb,799,1009.7034888267517,24726.72265625
pi05_full_fix,perf/vram_allocated_mb,800,1011.3754544258118,34184.4453125
pi05_full_fix,perf/vram_allocated_mb,801,1012.9977331161499,32214.705078125
pi05_full_fix,perf/vram_allocated_mb,803,1014.5020275115967,24987.119140625
pi05_full_fix,perf/vram_allocated_mb,804,1016.274765253067,34534.45703125
pi05_full_fix,perf/vram_allocated_mb,805,1017.7852935791016,32214.705078125
pi05_full_fix,perf/vram_allocated_mb,806,1019.3592658042908,32214.65625
pi05_full_fix,perf/vram_allocated_mb,808,1020.8629796504974,24725.673828125
pi05_full_fix,perf/vram_allocated_mb,809,1022.4082174301147,28259.369140625
pi05_full_fix,perf/vram_allocated_mb,810,1024.1655983924866,32213.23828125
pi05_full_fix,perf/vram_allocated_mb,812,1025.6710293293,25018.810546875
pi05_full_fix,perf/vram_allocated_mb,813,1027.440304517746,34680.6875
pi05_full_fix,perf/vram_allocated_mb,814,1028.9508881568909,32220.439453125
pi05_full_fix,perf/vram_allocated_mb,815,1030.4959936141968,32220.283203125
pi05_full_fix,perf/vram_allocated_mb,817,1032.0001878738403,24726.72265625
pi05_full_fix,perf/vram_allocated_mb,818,1033.7538268566132,33091.8046875
pi05_full_fix,perf/vram_allocated_mb,819,1035.2940120697021,32214.525390625
pi05_full_fix,perf/vram_allocated_mb,821,1036.79918551445,24726.72265625
pi05_full_fix,perf/vram_allocated_mb,822,1038.5553040504456,32720.36328125
pi05_full_fix,perf/vram_allocated_mb,823,1040.0958259105682,32222.779296875
pi05_full_fix,perf/vram_allocated_mb,824,1041.6736011505127,32220.87890625
pi05_full_fix,perf/vram_allocated_mb,826,1043.1780035495758,24703.396484375
pi05_full_fix,perf/vram_allocated_mb,827,1044.813136100769,32108.896484375
pi05_full_fix,perf/vram_allocated_mb,828,1046.46928524971,32210.486328125
pi05_full_fix,perf/vram_allocated_mb,830,1047.973177433014,24703.42578125
pi05_full_fix,perf/vram_allocated_mb,831,1049.7059907913208,33099.1328125
pi05_full_fix,perf/vram_allocated_mb,832,1051.2653527259827,32213.794921875
pi05_full_fix,perf/vram_allocated_mb,833,1052.9233055114746,32220.013671875
pi05_full_fix,perf/vram_allocated_mb,835,1054.4295768737793,24726.72265625
pi05_full_fix,perf/vram_allocated_mb,836,1056.1807849407196,32763.3828125
pi05_full_fix,perf/vram_allocated_mb,837,1057.724702835083,32214.458984375
pi05_full_fix,perf/vram_allocated_mb,839,1059.233217716217,24717.236328125
pi05_full_fix,perf/vram_allocated_mb,840,1060.9114592075348,33851.30859375
pi05_full_fix,perf/vram_allocated_mb,841,1062.5346004962921,32215.654296875
pi05_full_fix,perf/vram_allocated_mb,842,1064.0981616973877,32214.41015625
pi05_full_fix,perf/vram_allocated_mb,844,1065.6027898788452,24726.72265625
pi05_full_fix,perf/vram_allocated_mb,845,1067.2763602733612,34148.42578125
pi05_full_fix,perf/vram_allocated_mb,846,1068.9175419807434,32219.96484375
pi05_full_fix,perf/vram_allocated_mb,848,1070.420595407486,24726.72265625
pi05_full_fix,perf/vram_allocated_mb,849,1071.9944927692413,28823.44140625
pi05_full_fix,perf/vram_allocated_mb,850,1073.7400124073029,32215.130859375
pi05_full_fix,perf/vram_allocated_mb,852,1075.2435998916626,24624.939453125
pi05_full_fix,perf/vram_allocated_mb,853,1076.7480928897858,25279.390625
pi05_full_fix,perf/vram_allocated_mb,854,1078.6146867275238,33719.33203125
pi05_full_fix,perf/vram_allocated_mb,856,1080.1190733909607,24679.25
pi05_full_fix,perf/vram_allocated_mb,857,1081.6238117218018,25831.880859375
pi05_full_fix,perf/vram_allocated_mb,858,1083.5619161128998,32219.595703125
pi05_full_fix,perf/vram_allocated_mb,859,1085.0671117305756,32219.29296875
pi05_full_fix,perf/vram_allocated_mb,861,1086.5747227668762,24847.771484375
pi05_full_fix,perf/vram_allocated_mb,862,1088.3394417762756,32495.69921875
pi05_full_fix,perf/vram_allocated_mb,863,1089.864402294159,32220.013671875
pi05_full_fix,perf/vram_allocated_mb,865,1091.3678541183472,24726.72265625
pi05_full_fix,perf/vram_allocated_mb,866,1093.0145552158356,32108.67578125
pi05_full_fix,perf/vram_allocated_mb,867,1094.673992395401,32213.84375
pi05_full_fix,perf/vram_allocated_mb,869,1096.3598411083221,24712.4921875
pi05_full_fix,perf/vram_allocated_mb,870,1098.0251502990723,34302.1640625
pi05_full_fix,perf/vram_allocated_mb,871,1099.656133890152,32214.828125
pi05_full_fix,perf/vram_allocated_mb,873,1101.1605792045593,24703.400390625
pi05_full_fix,perf/vram_allocated_mb,874,1102.8369283676147,33937.5859375
pi05_full_fix,perf/vram_allocated_mb,875,1104.4614934921265,32220.275390625
pi05_full_fix,perf/vram_allocated_mb,877,1105.96551156044,24726.72265625
pi05_full_fix,perf/vram_allocated_mb,878,1107.55313706398,29517.97265625
pi05_full_fix,perf/vram_allocated_mb,879,1109.337949514389,32214.564453125
pi05_full_fix,perf/vram_allocated_mb,881,1110.8416097164154,24726.72265625
pi05_full_fix,perf/vram_allocated_mb,882,1112.4903845787048,31031.28125
pi05_full_fix,perf/vram_allocated_mb,883,1114.159883737564,32219.29296875
pi05_full_fix,perf/vram_allocated_mb,885,1115.66322183609,24726.72265625
pi05_full_fix,perf/vram_allocated_mb,886,1117.1666822433472,25279.390625
pi05_full_fix,perf/vram_allocated_mb,887,1119.0381665229797,35936.9375
pi05_full_fix,perf/vram_allocated_mb,889,1120.5422403812408,24711.57421875
pi05_full_fix,perf/vram_allocated_mb,890,1122.0454695224762,26451.330078125
pi05_full_fix,perf/vram_allocated_mb,891,1123.9749529361725,32219.29296875
pi05_full_fix,perf/vram_allocated_mb,893,1125.4789600372314,24726.72265625
pi05_full_fix,perf/vram_allocated_mb,894,1127.0293171405792,25560.322265625
pi05_full_fix,perf/vram_allocated_mb,895,1128.9104964733124,32349.263671875
pi05_full_fix,perf/vram_allocated_mb,897,1130.4139082431793,24696.56640625
pi05_full_fix,perf/vram_allocated_mb,898,1131.9176054000854,25566.91796875
pi05_full_fix,perf/vram_allocated_mb,899,1133.8681495189667,32213.84375
pi05_full_fix,perf/vram_allocated_mb,901,1135.3717904090881,24726.7890625
pi05_full_fix,perf/vram_allocated_mb,902,1137.0088639259338,30948.25390625
pi05_full_fix,perf/vram_allocated_mb,903,1138.8837654590607,32219.96484375
pi05_full_fix,perf/vram_allocated_mb,905,1140.387371301651,24727.748046875
pi05_full_fix,perf/vram_allocated_mb,906,1141.9991743564606,30762.837890625
pi05_full_fix,perf/vram_allocated_mb,907,1143.702759027481,32214.515625
pi05_full_fix,perf/vram_allocated_mb,909,1145.2086336612701,24703.45703125
pi05_full_fix,perf/vram_allocated_mb,910,1146.827644109726,31065.552734375
pi05_full_fix,perf/vram_allocated_mb,911,1148.5235624313354,32214.564453125
pi05_full_fix,perf/vram_allocated_mb,913,1150.030380487442,39786.38671875
pi05_full_fix,perf/vram_allocated_mb,914,1151.5338621139526,25278.341796875
pi05_full_fix,perf/vram_allocated_mb,915,1153.2760047912598,35709.2109375
pi05_full_fix,perf/vram_allocated_mb,916,1154.7797079086304,32214.41015625
pi05_full_fix,perf/vram_allocated_mb,918,1156.2922849655151,24966.505859375
pi05_full_fix,perf/vram_allocated_mb,919,1158.0558564662933,36261.51171875
pi05_full_fix,perf/vram_allocated_mb,920,1159.5597655773163,32214.671875
pi05_full_fix,perf/vram_allocated_mb,922,1161.0632553100586,24625.962890625
pi05_full_fix,perf/vram_allocated_mb,923,1162.5676860809326,25352.671875
pi05_full_fix,perf/vram_allocated_mb,924,1164.5511000156403,32214.41015625
pi05_full_fix,perf/vram_allocated_mb,926,1166.05464220047,24726.72265625
pi05_full_fix,perf/vram_allocated_mb,927,1167.7129192352295,34592.94921875
pi05_full_fix,perf/vram_allocated_mb,928,1169.353684425354,32220.2265625
pi05_full_fix,perf/vram_allocated_mb,930,1170.8681061267853,32219.29296875
pi05_full_fix,perf/vram_allocated_mb,931,1172.3711302280426,25279.45703125
pi05_full_fix,perf/vram_allocated_mb,932,1173.9750399589539,34583.98828125
pi05_full_fix,perf/vram_allocated_mb,933,1175.6149880886078,32213.794921875
pi05_full_fix,perf/vram_allocated_mb,935,1177.1198515892029,24726.72265625
pi05_full_fix,perf/vram_allocated_mb,936,1178.7848913669586,33717.37890625
pi05_full_fix,perf/vram_allocated_mb,937,1180.4298856258392,32215.654296875
pi05_full_fix,perf/vram_allocated_mb,939,1181.9367487430573,24625.962890625
pi05_full_fix,perf/vram_allocated_mb,940,1183.4400346279144,25279.390625
pi05_full_fix,perf/vram_allocated_mb,941,1185.309624671936,35858.26953125
pi05_full_fix,perf/vram_allocated_mb,943,1186.8130593299866,24683.263671875
pi05_full_fix,perf/vram_allocated_mb,944,1188.3172652721405,25853.802734375
pi05_full_fix,perf/vram_allocated_mb,945,1190.2492837905884,32220.013671875
pi05_full_fix,perf/vram_allocated_mb,947,1191.9044470787048,24711.57421875
pi05_full_fix,perf/vram_allocated_mb,948,1193.5634288787842,34376.921875
pi05_full_fix,perf/vram_allocated_mb,949,1195.1995358467102,32219.29296875
pi05_full_fix,perf/vram_allocated_mb,951,1196.7032489776611,24726.72265625
pi05_full_fix,perf/vram_allocated_mb,952,1198.3636026382446,32409.666015625
pi05_full_fix,perf/vram_allocated_mb,953,1200.0197925567627,32213.794921875
pi05_full_fix,perf/vram_allocated_mb,955,1201.523668050766,24726.7890625
pi05_full_fix,perf/vram_allocated_mb,956,1203.0278902053833,25279.390625
pi05_full_fix,perf/vram_allocated_mb,957,1205.018091917038,33566.8046875
pi05_full_fix,perf/vram_allocated_mb,959,1206.5217034816742,24726.72265625
pi05_full_fix,perf/vram_allocated_mb,960,1208.1590385437012,29273.408203125
pi05_full_fix,perf/vram_allocated_mb,961,1209.8540723323822,32213.84375
pi05_full_fix,perf/vram_allocated_mb,963,1211.358195066452,24726.72265625
pi05_full_fix,perf/vram_allocated_mb,964,1212.9101853370667,25338.490234375
pi05_full_fix,perf/vram_allocated_mb,965,1214.797273159027,33185.8984375
pi05_full_fix,perf/vram_allocated_mb,967,1216.3009028434753,24666.486328125
pi05_full_fix,perf/vram_allocated_mb,968,1217.8062274456024,25725.44921875
pi05_full_fix,perf/vram_allocated_mb,969,1219.7552876472473,32214.515625
pi05_full_fix,perf/vram_allocated_mb,971,1221.2592272758484,24726.72265625
pi05_full_fix,perf/vram_allocated_mb,972,1223.0165145397186,25876.21875
pi05_full_fix,perf/vram_allocated_mb,973,1224.93310213089,32214.458984375
pi05_full_fix,perf/vram_allocated_mb,975,1226.4366447925568,24726.72265625
pi05_full_fix,perf/vram_allocated_mb,976,1228.0865459442139,32008.83203125
pi05_full_fix,perf/vram_allocated_mb,977,1229.7424159049988,32219.29296875
pi05_full_fix,perf/vram_allocated_mb,979,1231.247179031372,24726.72265625
pi05_full_fix,perf/vram_allocated_mb,980,1232.9542708396912,33849.7890625
pi05_full_fix,perf/vram_allocated_mb,981,1234.8667960166931,32213.84375
pi05_full_fix,perf/vram_allocated_mb,983,1236.371610403061,24726.72265625
pi05_full_fix,perf/vram_allocated_mb,984,1238.0463066101074,34183.34375
pi05_full_fix,perf/vram_allocated_mb,985,1239.6732103824615,32213.794921875
pi05_full_fix,perf/vram_allocated_mb,987,1241.176335811615,24726.7890625
pi05_full_fix,perf/vram_allocated_mb,988,1242.8454086780548,34270.27734375
pi05_full_fix,perf/vram_allocated_mb,989,1244.8186404705048,32836.28515625
pi05_full_fix,perf/vram_allocated_mb,991,1246.3225665092468,24726.72265625
pi05_full_fix,perf/vram_allocated_mb,992,1247.9762914180756,31514.076171875
pi05_full_fix,perf/vram_allocated_mb,993,1249.6402328014374,32219.29296875
pi05_full_fix,perf/vram_allocated_mb,995,1251.1449778079987,24726.72265625
pi05_full_fix,perf/vram_allocated_mb,996,1252.7873198986053,31707.759765625
pi05_full_fix,perf/vram_allocated_mb,997,1254.4510498046875,32219.29296875
pi05_full_fix,perf/vram_allocated_mb,998,1255.9548959732056,32219.96484375
pi05_full_fix,perf/vram_allocated_mb,1000,1257.4583711624146,24624.939453125
pi05_full_fix,perf/vram_allocated_mb,1000,1259.2919800281525,24624.939453125
pi05_full_fix,perf/vram_allocated_mb,1000,1260.8223373889923,24624.939453125
pi05_full_fix,perf/vram_allocated_mb,1000,1263.5765306949615,24624.939453125
pi05_full_fix,perf/vram_allocated_mb,1000,1265.1778719425201,24624.939453125
pi05_full_fix,perf/vram_allocated_mb,1000,1266.7433259487152,24624.939453125
pi05_full_fix,perf/vram_allocated_mb,1000,1268.2834887504578,24624.939453125
pi05_full_fix,perf/vram_allocated_mb,1000,1269.90278506279,24624.939453125
pi05_full_fix,perf/vram_allocated_mb,1000,1271.4300124645233,24624.939453125
pi05_full_fix,perf/vram_allocated_mb,1000,1272.9527070522308,24624.939453125
pi05_full_fix,perf/vram_allocated_mb,1000,1274.4818558692932,24624.939453125
pi05_full_fix,perf/vram_allocated_mb,1000,1275.9948379993439,24624.939453125
pi05_full_fix,perf/vram_allocated_mb,1000,1277.5162732601166,24624.939453125
pi05_full_fix,perf/vram_allocated_mb,1000,1279.042559146881,24624.939453125
pi05_full_fix,perf/vram_allocated_mb,1000,1280.696039199829,24624.939453125
pi05_full_fix,perf/vram_allocated_mb,1000,1282.2000155448914,24624.939453125
pi05_full_fix,perf/vram_allocated_mb,1000,1283.7079799175262,24624.939453125
pi05_full_fix,perf/vram_allocated_mb,1000,1285.317719221115,24624.939453125
pi05_full_fix,perf/vram_allocated_mb,1000,1286.9486103057861,24624.939453125
pi05_full_fix,perf/vram_allocated_mb,1000,1288.4820942878723,24624.939453125
pi05_full_fix,perf/vram_allocated_mb,1000,1290.052030324936,24624.939453125
pi05_full_fix,perf/vram_allocated_mb,1000,1291.6323511600494,24624.939453125
pi05_full_fix,perf/vram_allocated_mb,1000,1293.248483657837,24624.939453125
pi05_full_fix,perf/vram_allocated_mb,1000,1294.817476272583,24624.939453125
pi05_full_fix,perf/vram_allocated_mb,1000,1296.3938105106354,24624.939453125
pi05_full_fix,perf/vram_allocated_mb,1000,1297.9090921878815,24624.939453125
pi05_full_fix,perf/vram_allocated_mb,1000,1299.4200675487518,24624.939453125
pi05_full_fix,perf/vram_allocated_mb,1000,1301.3855595588684,24624.939453125
pi05_full_fix,perf/vram_allocated_mb,1000,1302.892075061798,24624.939453125
pi05_full_fix,perf/vram_allocated_mb,1000,1304.39696931839,24624.939453125
pi05_full_fix,perf/vram_allocated_mb,1000,1305.900961637497,24624.939453125
pi05_full_fix,perf/vram_allocated_mb,1000,1307.4075944423676,24624.939453125
pi05_full_fix,perf/vram_allocated_mb,1000,1308.912166595459,24624.939453125
pi05_full_fix,perf/vram_allocated_mb,1000,1310.4167864322662,24624.939453125
pi05_full_fix,perf/vram_allocated_mb,1000,1311.920456647873,24624.939453125
pi05_full_fix,perf/vram_allocated_mb,1000,1313.7058300971985,24608.34375
pi05_full_fix,perf/vram_allocated_mb,1000,1315.2177274227142,24575.154296875
pi05_full_fix,perf/vram_allocated_mb,1000,1317.1870770454407,24575.154296875
pi05_full_fix,perf/vram_allocated_mb,1000,1318.7426447868347,24575.154296875
pi05_full_fix,perf/vram_allocated_mb,1000,1320.3376681804657,24575.154296875
pi05_full_fix,perf/vram_allocated_mb,1000,1321.9428615570068,24575.154296875
pi05_full_fix,perf/vram_allocated_mb,1000,1323.4881093502045,24575.154296875
pi05_full_fix,perf/vram_allocated_mb,1000,1325.1339614391327,24575.154296875
pi05_full_fix,perf/vram_allocated_mb,1000,1326.6527664661407,24575.154296875
pi05_full_fix,perf/vram_allocated_mb,1000,1328.1726372241974,24575.154296875
pi05_full_fix,perf/vram_allocated_mb,1000,1329.688354730606,24575.154296875
pi05_full_fix,perf/vram_allocated_mb,1000,1332.0514335632324,24575.154296875
pi05_full_fix,perf/vram_allocated_mb,1000,1333.5554287433624,24575.154296875
pi05_full_fix,perf/vram_allocated_mb,1000,1335.1724174022675,24575.154296875
pi05_full_fix,perf/vram_allocated_mb,1000,1336.7907619476318,24575.154296875
pi05_full_fix,perf/vram_allocated_mb,1000,1338.3832612037659,24575.154296875
pi05_full_fix,perf/vram_allocated_mb,1000,1339.9743461608887,24575.154296875
pi05_full_fix,perf/vram_allocated_mb,1000,1341.514378786087,24575.154296875
pi05_full_fix,perf/vram_allocated_mb,1000,1343.1483008861542,24575.154296875
pi05_full_fix,perf/vram_allocated_mb,1000,1344.6656968593597,24575.154296875
pi05_full_fix,perf/vram_allocated_mb,1000,1346.1894319057465,24575.154296875
pi05_full_fix,perf/vram_allocated_mb,1000,1347.7385528087616,24575.154296875
pi05_full_fix,perf/vram_allocated_mb,1000,1349.2592713832855,24575.154296875
pi05_full_fix,perf/vram_allocated_mb,1000,1350.796303987503,24575.154296875
pi05_full_fix,perf/vram_allocated_mb,1000,1352.7505505084991,24575.154296875
pi05_full_fix,perf/vram_allocated_mb,1000,1354.2541930675507,24575.154296875
pi05_full_fix,perf/vram_allocated_mb,1000,1355.758817911148,24575.154296875
pi05_full_fix,perf/vram_allocated_mb,1000,1357.2626526355743,24575.154296875
pi05_full_fix,perf/vram_allocated_mb,1000,1358.766622543335,24575.154296875
pi05_full_fix,perf/vram_allocated_mb,1000,1360.2706742286682,24575.154296875
pi05_full_fix,perf/vram_allocated_mb,1000,1361.7766251564026,24575.154296875
pi05_full_fix,perf/vram_allocated_mb,1000,1363.283031463623,24575.154296875
pi05_full_fix,perf/vram_reserved_mb,0,0.010232686996459961,9594.470703125
pi05_full_fix,perf/vram_reserved_mb,0,1.5144977569580078,9594.470703125
pi05_full_fix,perf/vram_reserved_mb,0,3.019068956375122,9594.470703125
pi05_full_fix,perf/vram_reserved_mb,0,4.523075342178345,9594.470703125
pi05_full_fix,perf/vram_reserved_mb,0,6.030803680419922,9594.470703125
pi05_full_fix,perf/vram_reserved_mb,0,7.535765647888184,9594.470703125
pi05_full_fix,perf/vram_reserved_mb,0,9.03977918624878,9594.470703125
pi05_full_fix,perf/vram_reserved_mb,0,10.544080972671509,9594.470703125
pi05_full_fix,perf/vram_reserved_mb,0,12.08763861656189,9594.470703125
pi05_full_fix,perf/vram_reserved_mb,0,13.617508172988892,9594.470703125
pi05_full_fix,perf/vram_reserved_mb,0,15.132130146026611,9594.470703125
pi05_full_fix,perf/vram_reserved_mb,0,16.636961221694946,9594.470703125
pi05_full_fix,perf/vram_reserved_mb,0,18.143152952194214,9594.470703125
pi05_full_fix,perf/vram_reserved_mb,0,19.64900851249695,10032.775390625
pi05_full_fix,perf/vram_reserved_mb,0,21.153061866760254,20703.083984375
pi05_full_fix,perf/vram_reserved_mb,1,22.71615695953369,40760.24609375
pi05_full_fix,perf/vram_reserved_mb,2,24.22158169746399,40915.43359375
pi05_full_fix,perf/vram_reserved_mb,3,25.83388614654541,40915.43359375
pi05_full_fix,perf/vram_reserved_mb,4,27.734946250915527,40915.43359375
pi05_full_fix,perf/vram_reserved_mb,6,29.23918342590332,40915.43359375
pi05_full_fix,perf/vram_reserved_mb,7,30.820945501327515,40915.43359375
pi05_full_fix,perf/vram_reserved_mb,8,32.615556478500366,40915.43359375
pi05_full_fix,perf/vram_reserved_mb,10,34.1196448802948,40915.43359375
pi05_full_fix,perf/vram_reserved_mb,11,35.68944191932678,40915.43359375
pi05_full_fix,perf/vram_reserved_mb,12,37.22368788719177,40917.53125
pi05_full_fix,perf/vram_reserved_mb,13,39.03590989112854,40917.53125
pi05_full_fix,perf/vram_reserved_mb,15,40.54217338562012,40917.53125
pi05_full_fix,perf/vram_reserved_mb,16,42.204787492752075,40917.53125
pi05_full_fix,perf/vram_reserved_mb,17,43.84863328933716,40917.53125
pi05_full_fix,perf/vram_reserved_mb,19,45.41879487037659,40917.53125
pi05_full_fix,perf/vram_reserved_mb,20,46.925097942352295,40917.53125
pi05_full_fix,perf/vram_reserved_mb,21,48.75557088851929,40917.53125
pi05_full_fix,perf/vram_reserved_mb,23,50.25887155532837,40917.53125
pi05_full_fix,perf/vram_reserved_mb,24,51.76379203796387,40917.53125
pi05_full_fix,perf/vram_reserved_mb,25,53.7132728099823,40917.53125
pi05_full_fix,perf/vram_reserved_mb,27,55.21687316894531,40917.53125
pi05_full_fix,perf/vram_reserved_mb,28,56.85812997817993,40917.53125
pi05_full_fix,perf/vram_reserved_mb,29,58.51360464096069,40917.53125
pi05_full_fix,perf/vram_reserved_mb,30,60.01722812652588,40917.53125
pi05_full_fix,perf/vram_reserved_mb,32,61.521499156951904,40917.53125
pi05_full_fix,perf/vram_reserved_mb,33,63.36365103721619,40917.53125
pi05_full_fix,perf/vram_reserved_mb,35,64.8670015335083,40917.53125
pi05_full_fix,perf/vram_reserved_mb,36,66.37126970291138,40917.53125
pi05_full_fix,perf/vram_reserved_mb,37,68.38196730613708,40917.53125
pi05_full_fix,perf/vram_reserved_mb,38,69.97505021095276,40917.53125
pi05_full_fix,perf/vram_reserved_mb,40,71.4783079624176,40917.53125
pi05_full_fix,perf/vram_reserved_mb,41,73.12869548797607,40917.53125
pi05_full_fix,perf/vram_reserved_mb,42,74.8004093170166,40917.53125
pi05_full_fix,perf/vram_reserved_mb,44,76.30669927597046,40917.53125
pi05_full_fix,perf/vram_reserved_mb,45,77.97631859779358,40917.53125
pi05_full_fix,perf/vram_reserved_mb,46,79.60650444030762,40917.53125
pi05_full_fix,perf/vram_reserved_mb,47,81.10999989509583,40917.53125
pi05_full_fix,perf/vram_reserved_mb,49,82.61463022232056,40917.53125
pi05_full_fix,perf/vram_reserved_mb,50,84.3830771446228,40917.53125
pi05_full_fix,perf/vram_reserved_mb,51,85.92261505126953,40917.53125
pi05_full_fix,perf/vram_reserved_mb,53,87.42587518692017,40917.53125
pi05_full_fix,perf/vram_reserved_mb,54,89.07705116271973,40917.53125
pi05_full_fix,perf/vram_reserved_mb,55,90.7799916267395,40917.53125
pi05_full_fix,perf/vram_reserved_mb,56,92.30315709114075,40917.53125
pi05_full_fix,perf/vram_reserved_mb,58,93.8099148273468,40917.53125
pi05_full_fix,perf/vram_reserved_mb,59,95.48064684867859,40917.53125
pi05_full_fix,perf/vram_reserved_mb,60,97.0954577922821,40917.53125
pi05_full_fix,perf/vram_reserved_mb,62,98.5997998714447,40917.53125
pi05_full_fix,perf/vram_reserved_mb,63,100.35296058654785,40917.53125
pi05_full_fix,perf/vram_reserved_mb,64,102.1444947719574,40917.53125
pi05_full_fix,perf/vram_reserved_mb,66,103.6491117477417,40917.53125
pi05_full_fix,perf/vram_reserved_mb,67,105.29134893417358,40917.53125
pi05_full_fix,perf/vram_reserved_mb,68,106.94187045097351,40917.53125
pi05_full_fix,perf/vram_reserved_mb,70,108.44562435150146,40917.53125
pi05_full_fix,perf/vram_reserved_mb,71,110.20833921432495,40917.53125
pi05_full_fix,perf/vram_reserved_mb,72,111.73593401908875,40917.53125
pi05_full_fix,perf/vram_reserved_mb,73,113.26239061355591,40917.53125
pi05_full_fix,perf/vram_reserved_mb,75,114.76590752601624,40917.53125
pi05_full_fix,perf/vram_reserved_mb,76,116.41978430747986,40917.53125
pi05_full_fix,perf/vram_reserved_mb,77,118.08469247817993,40917.53125
pi05_full_fix,perf/vram_reserved_mb,79,119.65929055213928,40917.53125
pi05_full_fix,perf/vram_reserved_mb,80,121.401620388031,40917.53125
pi05_full_fix,perf/vram_reserved_mb,81,122.96310257911682,40917.53125
pi05_full_fix,perf/vram_reserved_mb,82,124.55159568786621,40917.53125
pi05_full_fix,perf/vram_reserved_mb,84,126.05754375457764,40917.53125
pi05_full_fix,perf/vram_reserved_mb,85,127.69928169250488,40917.53125
pi05_full_fix,perf/vram_reserved_mb,86,129.3577938079834,40917.53125
pi05_full_fix,perf/vram_reserved_mb,88,130.8610486984253,40917.53125
pi05_full_fix,perf/vram_reserved_mb,89,132.5014684200287,40917.53125
pi05_full_fix,perf/vram_reserved_mb,90,134.15105652809143,40917.53125
pi05_full_fix,perf/vram_reserved_mb,91,135.6543731689453,40917.53125
pi05_full_fix,perf/vram_reserved_mb,93,137.15779995918274,40917.53125
pi05_full_fix,perf/vram_reserved_mb,94,138.93779969215393,40917.53125
pi05_full_fix,perf/vram_reserved_mb,95,140.44123649597168,40917.53125
pi05_full_fix,perf/vram_reserved_mb,97,141.94504928588867,40917.53125
pi05_full_fix,perf/vram_reserved_mb,98,143.79710721969604,40917.53125
pi05_full_fix,perf/vram_reserved_mb,100,145.30033659934998,40917.53125
pi05_full_fix,perf/vram_reserved_mb,101,146.8072681427002,40917.53125
pi05_full_fix,perf/vram_reserved_mb,102,148.3107147216797,40917.53125
pi05_full_fix,perf/vram_reserved_mb,103,150.27239990234375,40917.53125
pi05_full_fix,perf/vram_reserved_mb,105,151.77649450302124,40917.53125
pi05_full_fix,perf/vram_reserved_mb,106,153.44600558280945,40917.53125
pi05_full_fix,perf/vram_reserved_mb,107,155.07297015190125,40917.53125
pi05_full_fix,perf/vram_reserved_mb,108,156.59087872505188,40917.53125
pi05_full_fix,perf/vram_reserved_mb,110,158.09438347816467,40917.53125
pi05_full_fix,perf/vram_reserved_mb,111,159.72594618797302,40917.53125
pi05_full_fix,perf/vram_reserved_mb,112,161.39116835594177,40917.53125
pi05_full_fix,perf/vram_reserved_mb,114,162.89515924453735,40917.53125
pi05_full_fix,perf/vram_reserved_mb,115,164.6771981716156,40917.53125
pi05_full_fix,perf/vram_reserved_mb,116,166.18468117713928,40917.53125
pi05_full_fix,perf/vram_reserved_mb,117,167.68870306015015,40917.53125
pi05_full_fix,perf/vram_reserved_mb,119,169.19246220588684,40917.53125
pi05_full_fix,perf/vram_reserved_mb,120,170.96476697921753,40917.53125
pi05_full_fix,perf/vram_reserved_mb,121,172.48460745811462,40917.53125
pi05_full_fix,perf/vram_reserved_mb,123,173.99028158187866,40917.53125
pi05_full_fix,perf/vram_reserved_mb,124,175.63619899749756,40917.53125
pi05_full_fix,perf/vram_reserved_mb,125,177.48799753189087,40917.53125
pi05_full_fix,perf/vram_reserved_mb,127,178.99294805526733,40917.53125
pi05_full_fix,perf/vram_reserved_mb,128,180.498295545578,40917.53125
pi05_full_fix,perf/vram_reserved_mb,129,182.48047184944153,40917.53125
pi05_full_fix,perf/vram_reserved_mb,131,183.98465609550476,40917.53125
pi05_full_fix,perf/vram_reserved_mb,132,185.63533425331116,40917.53125
pi05_full_fix,perf/vram_reserved_mb,133,187.3267502784729,40917.53125
pi05_full_fix,perf/vram_reserved_mb,135,188.829895734787,40917.53125
pi05_full_fix,perf/vram_reserved_mb,136,190.33331608772278,40917.53125
pi05_full_fix,perf/vram_reserved_mb,137,192.3396065235138,40917.53125
pi05_full_fix,perf/vram_reserved_mb,139,193.84402656555176,40917.53125
pi05_full_fix,perf/vram_reserved_mb,140,195.506774187088,40917.53125
pi05_full_fix,perf/vram_reserved_mb,141,197.15331888198853,40917.53125
pi05_full_fix,perf/vram_reserved_mb,142,198.72062230110168,40917.53125
pi05_full_fix,perf/vram_reserved_mb,144,200.22418594360352,40917.53125
pi05_full_fix,perf/vram_reserved_mb,145,201.94701957702637,40917.53125
pi05_full_fix,perf/vram_reserved_mb,146,203.51331615447998,40917.53125
pi05_full_fix,perf/vram_reserved_mb,148,205.0168604850769,40917.53125
pi05_full_fix,perf/vram_reserved_mb,149,206.77966475486755,40917.53125
pi05_full_fix,perf/vram_reserved_mb,150,208.30704855918884,40917.53125
pi05_full_fix,perf/vram_reserved_mb,151,209.87290787696838,40917.53125
pi05_full_fix,perf/vram_reserved_mb,153,211.37697672843933,40917.53125
pi05_full_fix,perf/vram_reserved_mb,154,213.05853748321533,40917.53125
pi05_full_fix,perf/vram_reserved_mb,155,214.6796178817749,40917.53125
pi05_full_fix,perf/vram_reserved_mb,157,216.18877959251404,40917.53125
pi05_full_fix,perf/vram_reserved_mb,158,217.8766918182373,40917.53125
pi05_full_fix,perf/vram_reserved_mb,159,219.48750352859497,40917.53125
pi05_full_fix,perf/vram_reserved_mb,160,221.01475715637207,40917.53125
pi05_full_fix,perf/vram_reserved_mb,162,222.51973366737366,40917.53125
pi05_full_fix,perf/vram_reserved_mb,163,224.1745526790619,40917.53125
pi05_full_fix,perf/vram_reserved_mb,164,225.81653213500977,40917.53125
pi05_full_fix,perf/vram_reserved_mb,166,227.32061171531677,40917.53125
pi05_full_fix,perf/vram_reserved_mb,167,229.07771372795105,40917.53125
pi05_full_fix,perf/vram_reserved_mb,168,230.61235976219177,40917.53125
pi05_full_fix,perf/vram_reserved_mb,169,232.26137137413025,40917.53125
pi05_full_fix,perf/vram_reserved_mb,171,233.7668216228485,40917.53125
pi05_full_fix,perf/vram_reserved_mb,172,235.49100637435913,40917.53125
pi05_full_fix,perf/vram_reserved_mb,173,237.0572772026062,40917.53125
pi05_full_fix,perf/vram_reserved_mb,175,238.56160593032837,40917.53125
pi05_full_fix,perf/vram_reserved_mb,176,240.19615125656128,40917.53125
pi05_full_fix,perf/vram_reserved_mb,177,241.85211539268494,40917.53125
pi05_full_fix,perf/vram_reserved_mb,178,243.35577821731567,40917.53125
pi05_full_fix,perf/vram_reserved_mb,180,244.8606572151184,40917.53125
pi05_full_fix,perf/vram_reserved_mb,181,246.66022181510925,40917.53125
pi05_full_fix,perf/vram_reserved_mb,182,248.1677746772766,40917.53125
pi05_full_fix,perf/vram_reserved_mb,184,249.67128539085388,40917.53125
pi05_full_fix,perf/vram_reserved_mb,185,251.38714027404785,40917.53125
pi05_full_fix,perf/vram_reserved_mb,186,253.2807469367981,40917.53125
pi05_full_fix,perf/vram_reserved_mb,188,254.79074454307556,40917.53125
pi05_full_fix,perf/vram_reserved_mb,189,256.562082529068,40917.53125
pi05_full_fix,perf/vram_reserved_mb,190,258.077761888504,40917.53125
pi05_full_fix,perf/vram_reserved_mb,192,259.5862064361572,40917.53125
pi05_full_fix,perf/vram_reserved_mb,193,261.2227463722229,40917.53125
pi05_full_fix,perf/vram_reserved_mb,194,262.9638147354126,40917.53125
pi05_full_fix,perf/vram_reserved_mb,195,264.4677903652191,40917.53125
pi05_full_fix,perf/vram_reserved_mb,197,265.9713041782379,40917.53125
pi05_full_fix,perf/vram_reserved_mb,198,267.5951347351074,40917.53125
pi05_full_fix,perf/vram_reserved_mb,199,269.2533700466156,40917.53125
pi05_full_fix,perf/vram_reserved_mb,201,270.7568607330322,40917.53125
pi05_full_fix,perf/vram_reserved_mb,202,272.5340955257416,40917.53125
pi05_full_fix,perf/vram_reserved_mb,203,274.46555948257446,40917.53125
pi05_full_fix,perf/vram_reserved_mb,205,275.96976590156555,40917.53125
pi05_full_fix,perf/vram_reserved_mb,206,277.7093768119812,40917.53125
pi05_full_fix,perf/vram_reserved_mb,207,279.2614426612854,40917.53125
pi05_full_fix,perf/vram_reserved_mb,209,280.7661347389221,40917.53125
pi05_full_fix,perf/vram_reserved_mb,210,282.521630525589,40917.53125
pi05_full_fix,perf/vram_reserved_mb,211,284.06146335601807,40917.53125
pi05_full_fix,perf/vram_reserved_mb,212,285.56601452827454,40917.53125
pi05_full_fix,perf/vram_reserved_mb,214,287.07059621810913,40917.53125
pi05_full_fix,perf/vram_reserved_mb,215,288.9709551334381,40917.53125
pi05_full_fix,perf/vram_reserved_mb,217,290.4753165245056,40917.53125
pi05_full_fix,perf/vram_reserved_mb,218,291.9797828197479,40917.53125
pi05_full_fix,perf/vram_reserved_mb,219,293.90864729881287,40917.53125
pi05_full_fix,perf/vram_reserved_mb,221,295.41332960128784,40917.53125
pi05_full_fix,perf/vram_reserved_mb,222,296.91710662841797,40917.53125
pi05_full_fix,perf/vram_reserved_mb,223,298.5630819797516,40917.53125
pi05_full_fix,perf/vram_reserved_mb,224,300.2560315132141,40917.53125
pi05_full_fix,perf/vram_reserved_mb,226,301.7605130672455,40917.53125
pi05_full_fix,perf/vram_reserved_mb,227,303.4485692977905,40917.53125
pi05_full_fix,perf/vram_reserved_mb,228,305.05606174468994,40917.53125
pi05_full_fix,perf/vram_reserved_mb,230,306.5600531101227,40917.53125
pi05_full_fix,perf/vram_reserved_mb,231,308.246963262558,40917.53125
pi05_full_fix,perf/vram_reserved_mb,232,309.86195945739746,40917.53125
pi05_full_fix,perf/vram_reserved_mb,234,311.36574268341064,40917.53125
pi05_full_fix,perf/vram_reserved_mb,235,313.13621711730957,40917.53125
pi05_full_fix,perf/vram_reserved_mb,236,314.6547245979309,40917.53125
pi05_full_fix,perf/vram_reserved_mb,238,316.1588897705078,40917.53125
pi05_full_fix,perf/vram_reserved_mb,239,317.6622865200043,40917.53125
pi05_full_fix,perf/vram_reserved_mb,240,319.2779815196991,40917.53125
pi05_full_fix,perf/vram_reserved_mb,241,321.02891397476196,40917.53125
pi05_full_fix,perf/vram_reserved_mb,243,322.5330181121826,40917.53125
pi05_full_fix,perf/vram_reserved_mb,244,324.1574170589447,40917.53125
pi05_full_fix,perf/vram_reserved_mb,245,325.81878328323364,40917.53125
pi05_full_fix,perf/vram_reserved_mb,247,327.3227388858795,40917.53125
pi05_full_fix,perf/vram_reserved_mb,248,328.9667103290558,40917.53125
pi05_full_fix,perf/vram_reserved_mb,249,330.6610641479492,40917.53125
pi05_full_fix,perf/vram_reserved_mb,251,332.16507506370544,40917.53125
pi05_full_fix,perf/vram_reserved_mb,252,333.83162117004395,40917.53125
pi05_full_fix,perf/vram_reserved_mb,253,335.46333146095276,40917.53125
pi05_full_fix,perf/vram_reserved_mb,255,337.2442133426666,40917.53125
pi05_full_fix,perf/vram_reserved_mb,256,338.7670228481293,40917.53125
pi05_full_fix,perf/vram_reserved_mb,257,340.6600091457367,40917.53125
pi05_full_fix,perf/vram_reserved_mb,259,342.16360449790955,40917.53125
pi05_full_fix,perf/vram_reserved_mb,260,343.8200669288635,40917.53125
pi05_full_fix,perf/vram_reserved_mb,261,345.47851729393005,40917.53125
pi05_full_fix,perf/vram_reserved_mb,263,346.98178911209106,40917.53125
pi05_full_fix,perf/vram_reserved_mb,264,348.4855737686157,40917.53125
pi05_full_fix,perf/vram_reserved_mb,265,350.2480330467224,40917.53125
pi05_full_fix,perf/vram_reserved_mb,266,351.7827889919281,40917.53125
pi05_full_fix,perf/vram_reserved_mb,268,353.28917121887207,40917.53125
pi05_full_fix,perf/vram_reserved_mb,269,355.0012834072113,40917.53125
pi05_full_fix,perf/vram_reserved_mb,270,356.5877859592438,40917.53125
pi05_full_fix,perf/vram_reserved_mb,272,358.0920534133911,40917.53125
pi05_full_fix,perf/vram_reserved_mb,273,359.6011152267456,40917.53125
pi05_full_fix,perf/vram_reserved_mb,274,361.1405739784241,40917.53125
pi05_full_fix,perf/vram_reserved_mb,275,363.0073130130768,40917.53125
pi05_full_fix,perf/vram_reserved_mb,277,364.5157401561737,40917.53125
pi05_full_fix,perf/vram_reserved_mb,278,366.2820053100586,40917.53125
pi05_full_fix,perf/vram_reserved_mb,279,367.8101599216461,40917.53125
pi05_full_fix,perf/vram_reserved_mb,281,369.4587564468384,40917.53125
pi05_full_fix,perf/vram_reserved_mb,282,371.023398399353,40917.53125
pi05_full_fix,perf/vram_reserved_mb,283,372.8431468009949,40917.53125
pi05_full_fix,perf/vram_reserved_mb,285,374.347403049469,40917.53125
pi05_full_fix,perf/vram_reserved_mb,286,376.02179050445557,40917.53125
pi05_full_fix,perf/vram_reserved_mb,287,377.6508569717407,40917.53125
pi05_full_fix,perf/vram_reserved_mb,289,379.1602246761322,40917.53125
pi05_full_fix,perf/vram_reserved_mb,290,380.6638753414154,40917.53125
pi05_full_fix,perf/vram_reserved_mb,291,382.43723320961,40917.53125
pi05_full_fix,perf/vram_reserved_mb,292,383.9410219192505,40917.53125
pi05_full_fix,perf/vram_reserved_mb,294,385.44491314888,40917.53125
pi05_full_fix,perf/vram_reserved_mb,295,387.1164815425873,40917.53125
pi05_full_fix,perf/vram_reserved_mb,296,388.7499535083771,40917.53125
pi05_full_fix,perf/vram_reserved_mb,298,390.25418162345886,40917.53125
pi05_full_fix,perf/vram_reserved_mb,299,391.7605974674225,40917.53125
pi05_full_fix,perf/vram_reserved_mb,300,393.49932742118835,40917.53125
pi05_full_fix,perf/vram_reserved_mb,301,395.04491090774536,40917.53125
pi05_full_fix,perf/vram_reserved_mb,303,396.54905438423157,40917.53125
pi05_full_fix,perf/vram_reserved_mb,304,398.30633544921875,40917.53125
pi05_full_fix,perf/vram_reserved_mb,305,399.84535360336304,40917.53125
pi05_full_fix,perf/vram_reserved_mb,306,401.3879110813141,40917.53125
pi05_full_fix,perf/vram_reserved_mb,308,402.8914587497711,40917.53125
pi05_full_fix,perf/vram_reserved_mb,309,404.543576002121,40917.53125
pi05_full_fix,perf/vram_reserved_mb,310,406.2070894241333,40917.53125
pi05_full_fix,perf/vram_reserved_mb,312,407.71814012527466,40917.53125
pi05_full_fix,perf/vram_reserved_mb,313,409.4860887527466,40917.53125
pi05_full_fix,perf/vram_reserved_mb,314,411.0160183906555,40917.53125
pi05_full_fix,perf/vram_reserved_mb,316,412.51948857307434,40917.53125
pi05_full_fix,perf/vram_reserved_mb,317,414.02268409729004,40917.53125
pi05_full_fix,perf/vram_reserved_mb,318,415.91428661346436,40917.53125
pi05_full_fix,perf/vram_reserved_mb,320,417.42119574546814,40917.53125
pi05_full_fix,perf/vram_reserved_mb,321,418.94794940948486,40917.53125
pi05_full_fix,perf/vram_reserved_mb,322,420.8332679271698,40917.53125
pi05_full_fix,perf/vram_reserved_mb,323,422.3971121311188,40917.53125
pi05_full_fix,perf/vram_reserved_mb,325,423.90224504470825,40917.53125
pi05_full_fix,perf/vram_reserved_mb,326,425.5001983642578,40917.53125
pi05_full_fix,perf/vram_reserved_mb,327,427.1998288631439,40917.53125
pi05_full_fix,perf/vram_reserved_mb,329,428.7040979862213,40917.53125
pi05_full_fix,perf/vram_reserved_mb,330,430.3636739253998,40917.53125
pi05_full_fix,perf/vram_reserved_mb,331,432.00419425964355,40917.53125
pi05_full_fix,perf/vram_reserved_mb,332,433.5082049369812,40917.53125
pi05_full_fix,perf/vram_reserved_mb,334,435.0116548538208,40917.53125
pi05_full_fix,perf/vram_reserved_mb,335,436.66167759895325,40917.53125
pi05_full_fix,perf/vram_reserved_mb,336,438.279922246933,40917.53125
pi05_full_fix,perf/vram_reserved_mb,338,439.7834539413452,40917.53125
pi05_full_fix,perf/vram_reserved_mb,339,441.5599482059479,40917.53125
pi05_full_fix,perf/vram_reserved_mb,340,443.06788063049316,40917.53125
pi05_full_fix,perf/vram_reserved_mb,341,444.5717511177063,40917.53125
pi05_full_fix,perf/vram_reserved_mb,343,446.0751631259918,40917.53125
pi05_full_fix,perf/vram_reserved_mb,344,447.9203019142151,40917.53125
pi05_full_fix,perf/vram_reserved_mb,346,449.4242842197418,40917.53125
pi05_full_fix,perf/vram_reserved_mb,347,450.9282341003418,40917.53125
pi05_full_fix,perf/vram_reserved_mb,348,452.9203598499298,40917.53125
pi05_full_fix,perf/vram_reserved_mb,350,454.4240231513977,40917.53125
pi05_full_fix,perf/vram_reserved_mb,351,455.9274260997772,40917.53125
pi05_full_fix,perf/vram_reserved_mb,352,457.58781385421753,40917.53125
pi05_full_fix,perf/vram_reserved_mb,353,459.2422547340393,40917.53125
pi05_full_fix,perf/vram_reserved_mb,355,460.7471835613251,40917.53125
pi05_full_fix,perf/vram_reserved_mb,356,462.43537974357605,40917.53125
pi05_full_fix,perf/vram_reserved_mb,357,464.0431785583496,40917.53125
pi05_full_fix,perf/vram_reserved_mb,359,465.54837822914124,40917.53125
pi05_full_fix,perf/vram_reserved_mb,360,467.17657470703125,40917.53125
pi05_full_fix,perf/vram_reserved_mb,361,468.85068011283875,40917.53125
pi05_full_fix,perf/vram_reserved_mb,363,470.3545970916748,40917.53125
pi05_full_fix,perf/vram_reserved_mb,364,472.12193489074707,40917.53125
pi05_full_fix,perf/vram_reserved_mb,365,473.6414415836334,40917.53125
pi05_full_fix,perf/vram_reserved_mb,367,475.145911693573,40917.53125
pi05_full_fix,perf/vram_reserved_mb,368,476.65002822875977,40917.53125
pi05_full_fix,perf/vram_reserved_mb,369,478.21924328804016,40917.53125
pi05_full_fix,perf/vram_reserved_mb,370,480.0447723865509,40917.53125
pi05_full_fix,perf/vram_reserved_mb,372,481.5486238002777,40917.53125
pi05_full_fix,perf/vram_reserved_mb,373,483.1893723011017,40917.53125
pi05_full_fix,perf/vram_reserved_mb,374,484.85923314094543,40917.53125
pi05_full_fix,perf/vram_reserved_mb,376,486.5084927082062,40917.53125
pi05_full_fix,perf/vram_reserved_mb,377,488.0662703514099,40917.53125
pi05_full_fix,perf/vram_reserved_mb,378,489.87517261505127,40917.53125
pi05_full_fix,perf/vram_reserved_mb,380,491.3877749443054,40917.53125
pi05_full_fix,perf/vram_reserved_mb,381,493.0810344219208,40917.53125
pi05_full_fix,perf/vram_reserved_mb,382,494.6798219680786,40917.53125
pi05_full_fix,perf/vram_reserved_mb,384,496.37399554252625,40917.53125
pi05_full_fix,perf/vram_reserved_mb,385,497.9762055873871,40917.53125
pi05_full_fix,perf/vram_reserved_mb,386,499.72774505615234,40917.53125
pi05_full_fix,perf/vram_reserved_mb,388,501.23435258865356,40917.53125
pi05_full_fix,perf/vram_reserved_mb,389,502.89035415649414,40917.53125
pi05_full_fix,perf/vram_reserved_mb,390,504.5466034412384,40917.53125
pi05_full_fix,perf/vram_reserved_mb,392,506.0513277053833,40917.53125
pi05_full_fix,perf/vram_reserved_mb,393,507.5547139644623,40917.53125
pi05_full_fix,perf/vram_reserved_mb,394,509.30090737342834,40917.53125
pi05_full_fix,perf/vram_reserved_mb,395,510.8103094100952,40917.53125
pi05_full_fix,perf/vram_reserved_mb,397,512.3153705596924,40917.53125
pi05_full_fix,perf/vram_reserved_mb,398,513.8799896240234,40917.53125
pi05_full_fix,perf/vram_reserved_mb,399,515.6117696762085,40917.53125
pi05_full_fix,perf/vram_reserved_mb,401,517.1159074306488,40917.53125
pi05_full_fix,perf/vram_reserved_mb,402,518.6357514858246,40917.53125
pi05_full_fix,perf/vram_reserved_mb,403,520.2899346351624,40917.53125
pi05_full_fix,perf/vram_reserved_mb,404,521.9328789710999,40917.53125
pi05_full_fix,perf/vram_reserved_mb,406,523.4365348815918,40917.53125
pi05_full_fix,perf/vram_reserved_mb,407,525.0220594406128,40917.53125
pi05_full_fix,perf/vram_reserved_mb,408,526.7511267662048,40917.53125
pi05_full_fix,perf/vram_reserved_mb,410,528.4233508110046,40917.53125
pi05_full_fix,perf/vram_reserved_mb,411,529.9283239841461,40917.53125
pi05_full_fix,perf/vram_reserved_mb,412,531.8497302532196,40917.53125
pi05_full_fix,perf/vram_reserved_mb,414,533.3571062088013,40917.53125
pi05_full_fix,perf/vram_reserved_mb,415,534.9323463439941,40917.53125
pi05_full_fix,perf/vram_reserved_mb,416,536.6865019798279,40917.53125
pi05_full_fix,perf/vram_reserved_mb,418,538.3703579902649,40917.53125
pi05_full_fix,perf/vram_reserved_mb,419,539.9937226772308,40917.53125
pi05_full_fix,perf/vram_reserved_mb,420,541.7205927371979,40917.53125
pi05_full_fix,perf/vram_reserved_mb,422,543.2249240875244,40917.53125
pi05_full_fix,perf/vram_reserved_mb,423,544.8817477226257,40917.53125
pi05_full_fix,perf/vram_reserved_mb,424,546.5346901416779,40917.53125
pi05_full_fix,perf/vram_reserved_mb,426,548.0415694713593,40917.53125
pi05_full_fix,perf/vram_reserved_mb,427,549.5491378307343,40917.53125
pi05_full_fix,perf/vram_reserved_mb,428,551.0529429912567,40917.53125
pi05_full_fix,perf/vram_reserved_mb,429,552.9919130802155,40917.53125
pi05_full_fix,perf/vram_reserved_mb,431,554.4968326091766,40917.53125
pi05_full_fix,perf/vram_reserved_mb,432,556.1662888526917,40917.53125
pi05_full_fix,perf/vram_reserved_mb,433,557.8346931934357,40917.53125
pi05_full_fix,perf/vram_reserved_mb,435,559.3455021381378,40917.53125
pi05_full_fix,perf/vram_reserved_mb,436,560.8492956161499,40917.53125
pi05_full_fix,perf/vram_reserved_mb,437,562.4359929561615,40917.53125
pi05_full_fix,perf/vram_reserved_mb,438,564.2359986305237,40917.53125
pi05_full_fix,perf/vram_reserved_mb,440,565.7406811714172,40917.53125
pi05_full_fix,perf/vram_reserved_mb,441,567.3177132606506,40917.53125
pi05_full_fix,perf/vram_reserved_mb,442,569.0614049434662,40917.53125
pi05_full_fix,perf/vram_reserved_mb,443,570.6798210144043,40917.53125
pi05_full_fix,perf/vram_reserved_mb,445,572.1838490962982,40917.53125
pi05_full_fix,perf/vram_reserved_mb,446,573.8231546878815,40917.53125
pi05_full_fix,perf/vram_reserved_mb,447,575.5183544158936,40917.53125
pi05_full_fix,perf/vram_reserved_mb,449,577.022248506546,40917.53125
pi05_full_fix,perf/vram_reserved_mb,450,578.6650760173798,40917.53125
pi05_full_fix,perf/vram_reserved_mb,451,580.325879573822,40917.53125
pi05_full_fix,perf/vram_reserved_mb,453,582.1072518825531,40917.53125
pi05_full_fix,perf/vram_reserved_mb,454,583.6163868904114,40917.53125
pi05_full_fix,perf/vram_reserved_mb,455,585.5345134735107,40917.53125
pi05_full_fix,perf/vram_reserved_mb,457,587.0391013622284,40917.53125
pi05_full_fix,perf/vram_reserved_mb,458,588.7062332630157,40917.53125
pi05_full_fix,perf/vram_reserved_mb,459,590.3534429073334,40917.53125
pi05_full_fix,perf/vram_reserved_mb,461,592.1304624080658,40917.53125
pi05_full_fix,perf/vram_reserved_mb,462,593.8238136768341,40917.53125
pi05_full_fix,perf/vram_reserved_mb,463,595.4401710033417,40917.53125
pi05_full_fix,perf/vram_reserved_mb,465,596.9435889720917,40917.53125
pi05_full_fix,perf/vram_reserved_mb,466,598.6127779483795,40917.53125
pi05_full_fix,perf/vram_reserved_mb,467,600.2559475898743,40917.53125
pi05_full_fix,perf/vram_reserved_mb,469,601.7609360218048,40917.53125
pi05_full_fix,perf/vram_reserved_mb,470,603.2658581733704,40917.53125
pi05_full_fix,perf/vram_reserved_mb,471,604.8557150363922,40917.53125
pi05_full_fix,perf/vram_reserved_mb,472,606.6193642616272,40917.53125
pi05_full_fix,perf/vram_reserved_mb,474,608.124085187912,40917.53125
pi05_full_fix,perf/vram_reserved_mb,475,609.8888630867004,40917.53125
pi05_full_fix,perf/vram_reserved_mb,476,611.4217600822449,40917.53125
pi05_full_fix,perf/vram_reserved_mb,478,612.9268643856049,40917.53125
pi05_full_fix,perf/vram_reserved_mb,479,614.4308295249939,40917.53125
pi05_full_fix,perf/vram_reserved_mb,480,615.9638130664825,40917.53125
pi05_full_fix,perf/vram_reserved_mb,481,617.8087856769562,40917.53125
pi05_full_fix,perf/vram_reserved_mb,483,619.3309683799744,40917.53125
pi05_full_fix,perf/vram_reserved_mb,484,620.977187871933,40917.53125
pi05_full_fix,perf/vram_reserved_mb,485,622.6353442668915,40917.53125
pi05_full_fix,perf/vram_reserved_mb,487,624.1399836540222,40917.53125
pi05_full_fix,perf/vram_reserved_mb,488,625.6444783210754,40917.53125
pi05_full_fix,perf/vram_reserved_mb,489,627.1902697086334,40917.53125
pi05_full_fix,perf/vram_reserved_mb,490,629.0459454059601,40917.53125
pi05_full_fix,perf/vram_reserved_mb,492,630.5497336387634,40917.53125
pi05_full_fix,perf/vram_reserved_mb,493,632.2136640548706,40917.53125
pi05_full_fix,perf/vram_reserved_mb,494,633.8380787372589,40917.53125
pi05_full_fix,perf/vram_reserved_mb,496,635.6358168125153,40917.53125
pi05_full_fix,perf/vram_reserved_mb,497,637.2842547893524,40917.53125
pi05_full_fix,perf/vram_reserved_mb,498,638.941700220108,40917.53125
pi05_full_fix,perf/vram_reserved_mb,500,640.4461605548859,40917.53125
pi05_full_fix,perf/vram_reserved_mb,501,642.0848140716553,40917.53125
pi05_full_fix,perf/vram_reserved_mb,502,643.746463060379,40917.53125
pi05_full_fix,perf/vram_reserved_mb,504,645.2548248767853,40917.53125
pi05_full_fix,perf/vram_reserved_mb,505,646.7582974433899,40917.53125
pi05_full_fix,perf/vram_reserved_mb,506,648.417266368866,40917.53125
pi05_full_fix,perf/vram_reserved_mb,507,650.0790567398071,40917.53125
pi05_full_fix,perf/vram_reserved_mb,509,651.5844025611877,40917.53125
pi05_full_fix,perf/vram_reserved_mb,510,653.2299010753632,40917.53125
pi05_full_fix,perf/vram_reserved_mb,511,654.8921451568604,40917.53125
pi05_full_fix,perf/vram_reserved_mb,513,656.3975141048431,40917.53125
pi05_full_fix,perf/vram_reserved_mb,514,657.9016005992889,40917.53125
pi05_full_fix,perf/vram_reserved_mb,515,659.6557960510254,40917.53125
pi05_full_fix,perf/vram_reserved_mb,516,661.1662039756775,40917.53125
pi05_full_fix,perf/vram_reserved_mb,518,662.6708149909973,40917.53125
pi05_full_fix,perf/vram_reserved_mb,519,664.4184467792511,40917.53125
pi05_full_fix,perf/vram_reserved_mb,520,665.9733691215515,40917.53125
pi05_full_fix,perf/vram_reserved_mb,521,667.4771018028259,40917.53125
pi05_full_fix,perf/vram_reserved_mb,523,668.9809362888336,40917.53125
pi05_full_fix,perf/vram_reserved_mb,524,670.8797302246094,40917.53125
pi05_full_fix,perf/vram_reserved_mb,526,672.3846197128296,40917.53125
pi05_full_fix,perf/vram_reserved_mb,527,673.8894603252411,40917.53125
pi05_full_fix,perf/vram_reserved_mb,528,675.8359248638153,40917.53125
pi05_full_fix,perf/vram_reserved_mb,530,677.3392698764801,40917.53125
pi05_full_fix,perf/vram_reserved_mb,531,678.8428435325623,40917.53125
pi05_full_fix,perf/vram_reserved_mb,532,680.6432113647461,40917.53125
pi05_full_fix,perf/vram_reserved_mb,534,682.1475441455841,40917.53125
pi05_full_fix,perf/vram_reserved_mb,535,683.651682138443,40917.53125
pi05_full_fix,perf/vram_reserved_mb,536,685.6133317947388,40917.53125
pi05_full_fix,perf/vram_reserved_mb,538,687.1166667938232,40917.53125
pi05_full_fix,perf/vram_reserved_mb,539,689.0605370998383,40917.53125
pi05_full_fix,perf/vram_reserved_mb,540,690.6650218963623,40917.53125
pi05_full_fix,perf/vram_reserved_mb,542,692.1726133823395,40917.53125
pi05_full_fix,perf/vram_reserved_mb,543,693.8091320991516,40917.53125
pi05_full_fix,perf/vram_reserved_mb,544,695.4782822132111,40917.53125
pi05_full_fix,perf/vram_reserved_mb,546,696.9820055961609,40917.53125
pi05_full_fix,perf/vram_reserved_mb,547,698.6039657592773,40917.53125
pi05_full_fix,perf/vram_reserved_mb,548,700.49436378479,40917.53125
pi05_full_fix,perf/vram_reserved_mb,550,701.9989259243011,40917.53125
pi05_full_fix,perf/vram_reserved_mb,551,703.6448082923889,40917.53125
pi05_full_fix,perf/vram_reserved_mb,552,705.3016910552979,40917.53125
pi05_full_fix,perf/vram_reserved_mb,554,706.8052489757538,40917.53125
pi05_full_fix,perf/vram_reserved_mb,555,708.4622781276703,40917.53125
pi05_full_fix,perf/vram_reserved_mb,556,710.3740537166595,40917.53125
pi05_full_fix,perf/vram_reserved_mb,558,711.8778254985809,40917.53125
pi05_full_fix,perf/vram_reserved_mb,559,713.5337779521942,40917.53125
pi05_full_fix,perf/vram_reserved_mb,560,715.1811516284943,40917.53125
pi05_full_fix,perf/vram_reserved_mb,562,716.6859827041626,40917.53125
pi05_full_fix,perf/vram_reserved_mb,563,718.3340952396393,40917.53125
pi05_full_fix,perf/vram_reserved_mb,564,719.9832479953766,40917.53125
pi05_full_fix,perf/vram_reserved_mb,566,721.4883151054382,40917.53125
pi05_full_fix,perf/vram_reserved_mb,567,722.9922461509705,40917.53125
pi05_full_fix,perf/vram_reserved_mb,568,724.8647320270538,40917.53125
pi05_full_fix,perf/vram_reserved_mb,570,726.3693432807922,40917.53125
pi05_full_fix,perf/vram_reserved_mb,571,727.8731553554535,40917.53125
pi05_full_fix,perf/vram_reserved_mb,572,729.8178157806396,40917.53125
pi05_full_fix,perf/vram_reserved_mb,574,731.4881665706635,40917.53125
pi05_full_fix,perf/vram_reserved_mb,575,733.1206257343292,40917.53125
pi05_full_fix,perf/vram_reserved_mb,576,734.7870728969574,40917.53125
pi05_full_fix,perf/vram_reserved_mb,578,736.292501449585,40917.53125
pi05_full_fix,perf/vram_reserved_mb,579,737.9368078708649,40917.53125
pi05_full_fix,perf/vram_reserved_mb,580,739.5865001678467,40917.53125
pi05_full_fix,perf/vram_reserved_mb,582,741.0931799411774,40917.53125
pi05_full_fix,perf/vram_reserved_mb,583,742.5969724655151,40917.53125
pi05_full_fix,perf/vram_reserved_mb,584,744.2536039352417,40917.53125
pi05_full_fix,perf/vram_reserved_mb,585,745.8641469478607,40917.53125
pi05_full_fix,perf/vram_reserved_mb,587,747.3679337501526,40917.53125
pi05_full_fix,perf/vram_reserved_mb,588,749.1814932823181,40917.53125
pi05_full_fix,perf/vram_reserved_mb,589,750.6851570606232,40917.53125
pi05_full_fix,perf/vram_reserved_mb,591,752.1889281272888,40917.53125
pi05_full_fix,perf/vram_reserved_mb,592,753.692373752594,40917.53125
pi05_full_fix,perf/vram_reserved_mb,593,755.3087224960327,40917.53125
pi05_full_fix,perf/vram_reserved_mb,594,757.0269951820374,40917.53125
pi05_full_fix,perf/vram_reserved_mb,596,758.5363042354584,40917.53125
pi05_full_fix,perf/vram_reserved_mb,597,760.296560049057,40917.53125
pi05_full_fix,perf/vram_reserved_mb,598,761.8255181312561,40917.53125
pi05_full_fix,perf/vram_reserved_mb,599,763.3998653888702,40917.53125
pi05_full_fix,perf/vram_reserved_mb,601,764.904367685318,40917.53125
pi05_full_fix,perf/vram_reserved_mb,602,766.826286315918,40917.53125
pi05_full_fix,perf/vram_reserved_mb,604,768.3347930908203,40917.53125
pi05_full_fix,perf/vram_reserved_mb,605,769.8411946296692,40917.53125
pi05_full_fix,perf/vram_reserved_mb,606,771.8196377754211,40917.53125
pi05_full_fix,perf/vram_reserved_mb,608,773.5467610359192,40917.53125
pi05_full_fix,perf/vram_reserved_mb,609,775.1389017105103,40917.53125
pi05_full_fix,perf/vram_reserved_mb,610,776.9173285961151,40917.53125
pi05_full_fix,perf/vram_reserved_mb,612,778.4212663173676,40917.53125
pi05_full_fix,perf/vram_reserved_mb,613,780.1956152915955,40917.53125
pi05_full_fix,perf/vram_reserved_mb,615,781.7730867862701,40917.53125
pi05_full_fix,perf/vram_reserved_mb,616,783.5290958881378,40917.53125
pi05_full_fix,perf/vram_reserved_mb,617,785.3286340236664,40917.53125
pi05_full_fix,perf/vram_reserved_mb,618,786.8332335948944,40917.53125
pi05_full_fix,perf/vram_reserved_mb,620,788.336663722992,40917.53125
pi05_full_fix,perf/vram_reserved_mb,621,790.1986622810364,40917.53125
pi05_full_fix,perf/vram_reserved_mb,623,791.701896905899,40917.53125
pi05_full_fix,perf/vram_reserved_mb,624,793.2100291252136,40917.53125
pi05_full_fix,perf/vram_reserved_mb,625,794.713898897171,40917.53125
pi05_full_fix,perf/vram_reserved_mb,626,796.6447999477386,40917.53125
pi05_full_fix,perf/vram_reserved_mb,628,798.1509919166565,40917.53125
pi05_full_fix,perf/vram_reserved_mb,629,799.8104031085968,40917.53125
pi05_full_fix,perf/vram_reserved_mb,630,801.4547462463379,40917.53125
pi05_full_fix,perf/vram_reserved_mb,632,802.9584755897522,40917.53125
pi05_full_fix,perf/vram_reserved_mb,633,804.8098118305206,40917.53125
pi05_full_fix,perf/vram_reserved_mb,634,806.3940391540527,40917.53125
pi05_full_fix,perf/vram_reserved_mb,636,807.8971858024597,40917.53125
pi05_full_fix,perf/vram_reserved_mb,637,809.5535159111023,40917.53125
pi05_full_fix,perf/vram_reserved_mb,638,811.1999123096466,40917.53125
pi05_full_fix,perf/vram_reserved_mb,640,812.703884601593,40917.53125
pi05_full_fix,perf/vram_reserved_mb,641,814.3498365879059,40917.53125
pi05_full_fix,perf/vram_reserved_mb,642,816.2009420394897,40917.53125
pi05_full_fix,perf/vram_reserved_mb,644,817.7049131393433,40917.53125
pi05_full_fix,perf/vram_reserved_mb,645,819.3640813827515,40917.53125
pi05_full_fix,perf/vram_reserved_mb,646,821.0192103385925,40917.53125
pi05_full_fix,perf/vram_reserved_mb,648,822.5246531963348,40917.53125
pi05_full_fix,perf/vram_reserved_mb,649,824.1682028770447,40917.53125
pi05_full_fix,perf/vram_reserved_mb,650,826.0958118438721,40917.53125
pi05_full_fix,perf/vram_reserved_mb,652,827.5997383594513,40917.53125
pi05_full_fix,perf/vram_reserved_mb,653,829.3601031303406,40917.53125
pi05_full_fix,perf/vram_reserved_mb,654,830.8969502449036,40917.53125
pi05_full_fix,perf/vram_reserved_mb,656,832.4014058113098,40917.53125
pi05_full_fix,perf/vram_reserved_mb,657,834.072039604187,40917.53125
pi05_full_fix,perf/vram_reserved_mb,658,835.7138619422913,40917.53125
pi05_full_fix,perf/vram_reserved_mb,659,837.2192430496216,40917.53125
pi05_full_fix,perf/vram_reserved_mb,661,838.7229175567627,40917.53125
pi05_full_fix,perf/vram_reserved_mb,662,840.4774115085602,40917.53125
pi05_full_fix,perf/vram_reserved_mb,663,842.01637840271,40917.53125
pi05_full_fix,perf/vram_reserved_mb,665,843.5303242206573,40917.53125
pi05_full_fix,perf/vram_reserved_mb,666,845.2068791389465,40917.53125
pi05_full_fix,perf/vram_reserved_mb,667,846.8372757434845,40917.53125
pi05_full_fix,perf/vram_reserved_mb,668,848.3430035114288,40917.53125
pi05_full_fix,perf/vram_reserved_mb,670,849.8467659950256,40917.53125
pi05_full_fix,perf/vram_reserved_mb,671,851.4668328762054,40917.53125
pi05_full_fix,perf/vram_reserved_mb,672,853.1132028102875,40917.53125
pi05_full_fix,perf/vram_reserved_mb,674,854.6230013370514,40917.53125
pi05_full_fix,perf/vram_reserved_mb,675,856.2742989063263,40917.53125
pi05_full_fix,perf/vram_reserved_mb,676,857.9217112064362,40917.53125
pi05_full_fix,perf/vram_reserved_mb,677,859.4277453422546,40917.53125
pi05_full_fix,perf/vram_reserved_mb,679,860.9330492019653,40917.53125
pi05_full_fix,perf/vram_reserved_mb,680,862.6050643920898,40917.53125
pi05_full_fix,perf/vram_reserved_mb,681,864.2289681434631,40917.53125
pi05_full_fix,perf/vram_reserved_mb,683,865.7323772907257,40917.53125
pi05_full_fix,perf/vram_reserved_mb,684,867.3745489120483,40917.53125
pi05_full_fix,perf/vram_reserved_mb,685,869.1536779403687,40917.53125
pi05_full_fix,perf/vram_reserved_mb,686,870.6604919433594,40917.53125
pi05_full_fix,perf/vram_reserved_mb,688,872.1648089885712,40917.53125
pi05_full_fix,perf/vram_reserved_mb,689,873.8663992881775,40917.53125
pi05_full_fix,perf/vram_reserved_mb,690,875.4559440612793,40917.53125
pi05_full_fix,perf/vram_reserved_mb,692,876.9596178531647,40917.53125
pi05_full_fix,perf/vram_reserved_mb,693,878.618335723877,40917.53125
pi05_full_fix,perf/vram_reserved_mb,694,880.5259628295898,40917.53125
pi05_full_fix,perf/vram_reserved_mb,696,882.0364124774933,40917.53125
pi05_full_fix,perf/vram_reserved_mb,697,883.6925687789917,40917.53125
pi05_full_fix,perf/vram_reserved_mb,698,885.3294432163239,40917.53125
pi05_full_fix,perf/vram_reserved_mb,700,886.8345339298248,40917.53125
pi05_full_fix,perf/vram_reserved_mb,701,888.5869243144989,40917.53125
pi05_full_fix,perf/vram_reserved_mb,702,890.5409576892853,40917.53125
pi05_full_fix,perf/vram_reserved_mb,704,892.0470077991486,40917.53125
pi05_full_fix,perf/vram_reserved_mb,705,893.6771087646484,40917.53125
pi05_full_fix,perf/vram_reserved_mb,706,895.3293168544769,40917.53125
pi05_full_fix,perf/vram_reserved_mb,708,896.832647562027,40917.53125
pi05_full_fix,perf/vram_reserved_mb,709,898.4358956813812,40917.53125
pi05_full_fix,perf/vram_reserved_mb,710,900.1232252120972,40917.53125
pi05_full_fix,perf/vram_reserved_mb,711,901.6784515380859,40917.53125
pi05_full_fix,perf/vram_reserved_mb,713,903.1821441650391,40917.53125
pi05_full_fix,perf/vram_reserved_mb,714,904.739503622055,40917.53125
pi05_full_fix,perf/vram_reserved_mb,715,906.4878931045532,40917.53125
pi05_full_fix,perf/vram_reserved_mb,717,907.9922773838043,40917.53125
pi05_full_fix,perf/vram_reserved_mb,718,909.5512509346008,40917.53125
pi05_full_fix,perf/vram_reserved_mb,719,911.3159065246582,40917.53125
pi05_full_fix,perf/vram_reserved_mb,721,912.8244185447693,40917.53125
pi05_full_fix,perf/vram_reserved_mb,722,914.32803606987,40917.53125
pi05_full_fix,perf/vram_reserved_mb,723,916.230654001236,40917.53125
pi05_full_fix,perf/vram_reserved_mb,725,917.7346141338348,40917.53125
pi05_full_fix,perf/vram_reserved_mb,726,919.2604496479034,40917.53125
pi05_full_fix,perf/vram_reserved_mb,727,921.1456496715546,40917.53125
pi05_full_fix,perf/vram_reserved_mb,728,922.7228169441223,40917.53125
pi05_full_fix,perf/vram_reserved_mb,730,924.2274353504181,40917.53125
pi05_full_fix,perf/vram_reserved_mb,731,925.9187479019165,40917.53125
pi05_full_fix,perf/vram_reserved_mb,732,927.5244469642639,40917.53125
pi05_full_fix,perf/vram_reserved_mb,734,929.028698682785,40917.53125
pi05_full_fix,perf/vram_reserved_mb,735,930.6961057186127,40917.53125
pi05_full_fix,perf/vram_reserved_mb,736,932.3255894184113,40917.53125
pi05_full_fix,perf/vram_reserved_mb,737,933.8770928382874,40917.53125
pi05_full_fix,perf/vram_reserved_mb,739,935.3825926780701,40917.53125
pi05_full_fix,perf/vram_reserved_mb,740,936.9839060306549,40917.53125
pi05_full_fix,perf/vram_reserved_mb,741,938.6852123737335,40917.53125
pi05_full_fix,perf/vram_reserved_mb,743,940.1900026798248,40917.53125
pi05_full_fix,perf/vram_reserved_mb,744,941.8371937274933,40917.53125
pi05_full_fix,perf/vram_reserved_mb,745,943.6964130401611,40917.53125
pi05_full_fix,perf/vram_reserved_mb,747,945.2014586925507,40917.53125
pi05_full_fix,perf/vram_reserved_mb,748,946.7048034667969,40917.53125
pi05_full_fix,perf/vram_reserved_mb,749,948.6699705123901,40917.53125
pi05_full_fix,perf/vram_reserved_mb,751,950.1770870685577,40917.53125
pi05_full_fix,perf/vram_reserved_mb,752,951.8236494064331,40917.53125
pi05_full_fix,perf/vram_reserved_mb,753,953.4752190113068,40917.53125
pi05_full_fix,perf/vram_reserved_mb,754,955.0348551273346,40917.53125
pi05_full_fix,perf/vram_reserved_mb,756,956.5424625873566,40917.53125
pi05_full_fix,perf/vram_reserved_mb,757,958.1983563899994,40917.53125
pi05_full_fix,perf/vram_reserved_mb,758,959.8533270359039,40917.53125
pi05_full_fix,perf/vram_reserved_mb,760,961.3579843044281,40917.53125
pi05_full_fix,perf/vram_reserved_mb,761,963.1035578250885,40917.53125
pi05_full_fix,perf/vram_reserved_mb,762,964.6533501148224,40917.53125
pi05_full_fix,perf/vram_reserved_mb,763,966.2047142982483,40917.53125
pi05_full_fix,perf/vram_reserved_mb,765,967.7084054946899,40917.53125
pi05_full_fix,perf/vram_reserved_mb,766,969.3760368824005,40917.53125
pi05_full_fix,perf/vram_reserved_mb,767,971.0007102489471,40917.53125
pi05_full_fix,perf/vram_reserved_mb,769,972.506560087204,40917.53125
pi05_full_fix,perf/vram_reserved_mb,770,974.2349717617035,40917.53125
pi05_full_fix,perf/vram_reserved_mb,771,975.7931249141693,40917.53125
pi05_full_fix,perf/vram_reserved_mb,772,977.3671932220459,40917.53125
pi05_full_fix,perf/vram_reserved_mb,774,978.8711986541748,40917.53125
pi05_full_fix,perf/vram_reserved_mb,775,980.434487581253,40917.53125
pi05_full_fix,perf/vram_reserved_mb,776,982.1665575504303,40917.53125
pi05_full_fix,perf/vram_reserved_mb,778,983.66992354393,40917.53125
pi05_full_fix,perf/vram_reserved_mb,779,985.4108510017395,40917.53125
pi05_full_fix,perf/vram_reserved_mb,780,986.9542455673218,40917.53125
pi05_full_fix,perf/vram_reserved_mb,781,988.513445854187,40917.53125
pi05_full_fix,perf/vram_reserved_mb,783,990.0187990665436,40917.53125
pi05_full_fix,perf/vram_reserved_mb,784,991.640433549881,40917.53125
pi05_full_fix,perf/vram_reserved_mb,785,993.3011662960052,40917.53125
pi05_full_fix,perf/vram_reserved_mb,787,994.8054640293121,40917.53125
pi05_full_fix,perf/vram_reserved_mb,788,996.5401036739349,40917.53125
pi05_full_fix,perf/vram_reserved_mb,789,998.4731268882751,40917.53125
pi05_full_fix,perf/vram_reserved_mb,791,999.9788677692413,40917.53125
pi05_full_fix,perf/vram_reserved_mb,792,1001.7328903675079,40917.53125
pi05_full_fix,perf/vram_reserved_mb,793,1003.2675702571869,40917.53125
pi05_full_fix,perf/vram_reserved_mb,795,1004.7712624073029,40917.53125
pi05_full_fix,perf/vram_reserved_mb,796,1006.5364813804626,40917.53125
pi05_full_fix,perf/vram_reserved_mb,797,1008.1985287666321,40917.53125
pi05_full_fix,perf/vram_reserved_mb,799,1009.7035436630249,40917.53125
pi05_full_fix,perf/vram_reserved_mb,800,1011.3754887580872,40917.53125
pi05_full_fix,perf/vram_reserved_mb,801,1012.9977703094482,40917.53125
pi05_full_fix,perf/vram_reserved_mb,803,1014.5020616054535,40917.53125
pi05_full_fix,perf/vram_reserved_mb,804,1016.2748029232025,40917.53125
pi05_full_fix,perf/vram_reserved_mb,805,1017.7853267192841,40917.53125
pi05_full_fix,perf/vram_reserved_mb,806,1019.359302520752,40917.53125
pi05_full_fix,perf/vram_reserved_mb,808,1020.8630146980286,40917.53125
pi05_full_fix,perf/vram_reserved_mb,809,1022.408252954483,40917.53125
pi05_full_fix,perf/vram_reserved_mb,810,1024.165640115738,40917.53125
pi05_full_fix,perf/vram_reserved_mb,812,1025.6710648536682,40917.53125
pi05_full_fix,perf/vram_reserved_mb,813,1027.440337896347,40917.53125
pi05_full_fix,perf/vram_reserved_mb,814,1028.9509286880493,40917.53125
pi05_full_fix,perf/vram_reserved_mb,815,1030.496028661728,40917.53125
pi05_full_fix,perf/vram_reserved_mb,817,1032.0002241134644,40917.53125
pi05_full_fix,perf/vram_reserved_mb,818,1033.753863811493,40917.53125
pi05_full_fix,perf/vram_reserved_mb,819,1035.294044494629,40917.53125
pi05_full_fix,perf/vram_reserved_mb,821,1036.7992179393768,40917.53125
pi05_full_fix,perf/vram_reserved_mb,822,1038.5553443431854,40917.53125
pi05_full_fix,perf/vram_reserved_mb,823,1040.0958712100983,40917.53125
pi05_full_fix,perf/vram_reserved_mb,824,1041.6736376285553,40984.640625
pi05_full_fix,perf/vram_reserved_mb,826,1043.1780335903168,40984.640625
pi05_full_fix,perf/vram_reserved_mb,827,1044.8131713867188,40984.640625
pi05_full_fix,perf/vram_reserved_mb,828,1046.4693183898926,40984.640625
pi05_full_fix,perf/vram_reserved_mb,830,1047.9732103347778,40984.640625
pi05_full_fix,perf/vram_reserved_mb,831,1049.7060256004333,40984.640625
pi05_full_fix,perf/vram_reserved_mb,832,1051.2653877735138,40984.640625
pi05_full_fix,perf/vram_reserved_mb,833,1052.9233424663544,40984.640625
pi05_full_fix,perf/vram_reserved_mb,835,1054.4296090602875,40984.640625
pi05_full_fix,perf/vram_reserved_mb,836,1056.180820941925,40984.640625
pi05_full_fix,perf/vram_reserved_mb,837,1057.7247462272644,40984.640625
pi05_full_fix,perf/vram_reserved_mb,839,1059.233252286911,40984.640625
pi05_full_fix,perf/vram_reserved_mb,840,1060.911493062973,40984.640625
pi05_full_fix,perf/vram_reserved_mb,841,1062.5346341133118,40984.640625
pi05_full_fix,perf/vram_reserved_mb,842,1064.098192691803,40984.640625
pi05_full_fix,perf/vram_reserved_mb,844,1065.6028220653534,40984.640625
pi05_full_fix,perf/vram_reserved_mb,845,1067.2763931751251,40984.640625
pi05_full_fix,perf/vram_reserved_mb,846,1068.9175770282745,40984.640625
pi05_full_fix,perf/vram_reserved_mb,848,1070.4206275939941,40984.640625
pi05_full_fix,perf/vram_reserved_mb,849,1071.9945402145386,40984.640625
pi05_full_fix,perf/vram_reserved_mb,850,1073.7400777339935,40984.640625
pi05_full_fix,perf/vram_reserved_mb,852,1075.2436311244965,40984.640625
pi05_full_fix,perf/vram_reserved_mb,853,1076.748123884201,40984.640625
pi05_full_fix,perf/vram_reserved_mb,854,1078.6147241592407,40984.640625
pi05_full_fix,perf/vram_reserved_mb,856,1080.1191091537476,40984.640625
pi05_full_fix,perf/vram_reserved_mb,857,1081.6238541603088,40984.640625
pi05_full_fix,perf/vram_reserved_mb,858,1083.5619485378265,40984.640625
pi05_full_fix,perf/vram_reserved_mb,859,1085.0671472549438,40984.640625
pi05_full_fix,perf/vram_reserved_mb,861,1086.574758052826,40984.640625
pi05_full_fix,perf/vram_reserved_mb,862,1088.3394820690155,40984.640625
pi05_full_fix,perf/vram_reserved_mb,863,1089.8644342422485,40984.640625
pi05_full_fix,perf/vram_reserved_mb,865,1091.3678879737854,40984.640625
pi05_full_fix,perf/vram_reserved_mb,866,1093.0145900249481,40984.640625
pi05_full_fix,perf/vram_reserved_mb,867,1094.6740250587463,40984.640625
pi05_full_fix,perf/vram_reserved_mb,869,1096.3598747253418,40984.640625
pi05_full_fix,perf/vram_reserved_mb,870,1098.025188922882,40984.640625
pi05_full_fix,perf/vram_reserved_mb,871,1099.656167268753,40984.640625
pi05_full_fix,perf/vram_reserved_mb,873,1101.160650253296,40984.640625
pi05_full_fix,perf/vram_reserved_mb,874,1102.8369586467743,40984.640625
pi05_full_fix,perf/vram_reserved_mb,875,1104.4615671634674,40984.640625
pi05_full_fix,perf/vram_reserved_mb,877,1105.965569972992,40984.640625
pi05_full_fix,perf/vram_reserved_mb,878,1107.553169965744,40984.640625
pi05_full_fix,perf/vram_reserved_mb,879,1109.33798122406,40984.640625
pi05_full_fix,perf/vram_reserved_mb,881,1110.8416411876678,40984.640625
pi05_full_fix,perf/vram_reserved_mb,882,1112.4904174804688,40984.640625
pi05_full_fix,perf/vram_reserved_mb,883,1114.1599173545837,40984.640625
pi05_full_fix,perf/vram_reserved_mb,885,1115.6632537841797,40984.640625
pi05_full_fix,perf/vram_reserved_mb,886,1117.1667149066925,40984.640625
pi05_full_fix,perf/vram_reserved_mb,887,1119.0382041931152,40984.640625
pi05_full_fix,perf/vram_reserved_mb,889,1120.5422751903534,40984.640625
pi05_full_fix,perf/vram_reserved_mb,890,1122.04550075531,40984.640625
pi05_full_fix,perf/vram_reserved_mb,891,1123.974987745285,40984.640625
pi05_full_fix,perf/vram_reserved_mb,893,1125.478993654251,40984.640625
pi05_full_fix,perf/vram_reserved_mb,894,1127.0293507575989,40984.640625
pi05_full_fix,perf/vram_reserved_mb,895,1128.9105467796326,40984.640625
pi05_full_fix,perf/vram_reserved_mb,897,1130.4139387607574,40984.640625
pi05_full_fix,perf/vram_reserved_mb,898,1131.917638540268,40984.640625
pi05_full_fix,perf/vram_reserved_mb,899,1133.868186712265,40984.640625
pi05_full_fix,perf/vram_reserved_mb,901,1135.371838092804,40984.640625
pi05_full_fix,perf/vram_reserved_mb,902,1137.0088975429535,40984.640625
pi05_full_fix,perf/vram_reserved_mb,903,1138.8838012218475,40984.640625
pi05_full_fix,perf/vram_reserved_mb,905,1140.3874051570892,40984.640625
pi05_full_fix,perf/vram_reserved_mb,906,1141.999212026596,40984.640625
pi05_full_fix,perf/vram_reserved_mb,907,1143.7027933597565,40984.640625
pi05_full_fix,perf/vram_reserved_mb,909,1145.2086701393127,40984.640625
pi05_full_fix,perf/vram_reserved_mb,910,1146.8276801109314,40984.640625
pi05_full_fix,perf/vram_reserved_mb,911,1148.5235967636108,40984.640625
pi05_full_fix,perf/vram_reserved_mb,913,1150.0304181575775,40984.640625
pi05_full_fix,perf/vram_reserved_mb,914,1151.5338988304138,40984.640625
pi05_full_fix,perf/vram_reserved_mb,915,1153.276041507721,40984.640625
pi05_full_fix,perf/vram_reserved_mb,916,1154.7797434329987,40984.640625
pi05_full_fix,perf/vram_reserved_mb,918,1156.292317867279,40984.640625
pi05_full_fix,perf/vram_reserved_mb,919,1158.0558931827545,40984.640625
pi05_full_fix,perf/vram_reserved_mb,920,1159.5598013401031,40984.640625
pi05_full_fix,perf/vram_reserved_mb,922,1161.0632908344269,40984.640625
pi05_full_fix,perf/vram_reserved_mb,923,1162.5677251815796,40984.640625
pi05_full_fix,perf/vram_reserved_mb,924,1164.5511348247528,40984.640625
pi05_full_fix,perf/vram_reserved_mb,926,1166.0546777248383,40984.640625
pi05_full_fix,perf/vram_reserved_mb,927,1167.7129590511322,40984.640625
pi05_full_fix,perf/vram_reserved_mb,928,1169.3537230491638,40984.640625
pi05_full_fix,perf/vram_reserved_mb,930,1170.8681383132935,40984.640625
pi05_full_fix,perf/vram_reserved_mb,931,1172.371161699295,40984.640625
pi05_full_fix,perf/vram_reserved_mb,932,1173.9750730991364,40984.640625
pi05_full_fix,perf/vram_reserved_mb,933,1175.6150212287903,40984.640625
pi05_full_fix,perf/vram_reserved_mb,935,1177.1198859214783,40984.640625
pi05_full_fix,perf/vram_reserved_mb,936,1178.7849247455597,40984.640625
pi05_full_fix,perf/vram_reserved_mb,937,1180.429919242859,40984.640625
pi05_full_fix,perf/vram_reserved_mb,939,1181.9367852210999,40984.640625
pi05_full_fix,perf/vram_reserved_mb,940,1183.4400660991669,40984.640625
pi05_full_fix,perf/vram_reserved_mb,941,1185.3096561431885,40984.640625
pi05_full_fix,perf/vram_reserved_mb,943,1186.8130910396576,40984.640625
pi05_full_fix,perf/vram_reserved_mb,944,1188.3172953128815,40984.640625
pi05_full_fix,perf/vram_reserved_mb,945,1190.2493166923523,40984.640625
pi05_full_fix,perf/vram_reserved_mb,947,1191.9044823646545,40984.640625
pi05_full_fix,perf/vram_reserved_mb,948,1193.5634639263153,40984.640625
pi05_full_fix,perf/vram_reserved_mb,949,1195.1995694637299,40984.640625
pi05_full_fix,perf/vram_reserved_mb,951,1196.7032828330994,40984.640625
pi05_full_fix,perf/vram_reserved_mb,952,1198.36363863945,40984.640625
pi05_full_fix,perf/vram_reserved_mb,953,1200.019844532013,40984.640625
pi05_full_fix,perf/vram_reserved_mb,955,1201.52370095253,40984.640625
pi05_full_fix,perf/vram_reserved_mb,956,1203.027930021286,40984.640625
pi05_full_fix,perf/vram_reserved_mb,957,1205.018128156662,40984.640625
pi05_full_fix,perf/vram_reserved_mb,959,1206.5217401981354,40984.640625
pi05_full_fix,perf/vram_reserved_mb,960,1208.1590776443481,40984.640625
pi05_full_fix,perf/vram_reserved_mb,961,1209.854109287262,40984.640625
pi05_full_fix,perf/vram_reserved_mb,963,1211.3582320213318,40984.640625
pi05_full_fix,perf/vram_reserved_mb,964,1212.9102237224579,40984.640625
pi05_full_fix,perf/vram_reserved_mb,965,1214.7973115444183,40984.640625
pi05_full_fix,perf/vram_reserved_mb,967,1216.3009383678436,40984.640625
pi05_full_fix,perf/vram_reserved_mb,968,1217.8062698841095,40984.640625
pi05_full_fix,perf/vram_reserved_mb,969,1219.755333185196,40984.640625
pi05_full_fix,perf/vram_reserved_mb,971,1221.259260892868,40984.640625
pi05_full_fix,perf/vram_reserved_mb,972,1223.0165619850159,40984.640625
pi05_full_fix,perf/vram_reserved_mb,973,1224.9331452846527,40984.640625
pi05_full_fix,perf/vram_reserved_mb,975,1226.4366812705994,40984.640625
pi05_full_fix,perf/vram_reserved_mb,976,1228.086592912674,40984.640625
pi05_full_fix,perf/vram_reserved_mb,977,1229.7424657344818,40984.640625
pi05_full_fix,perf/vram_reserved_mb,979,1231.2472131252289,40984.640625
pi05_full_fix,perf/vram_reserved_mb,980,1232.954311132431,40984.640625
pi05_full_fix,perf/vram_reserved_mb,981,1234.8668348789215,40984.640625
pi05_full_fix,perf/vram_reserved_mb,983,1236.3716456890106,40984.640625
pi05_full_fix,perf/vram_reserved_mb,984,1238.0463466644287,40984.640625
pi05_full_fix,perf/vram_reserved_mb,985,1239.6732478141785,40984.640625
pi05_full_fix,perf/vram_reserved_mb,987,1241.1763725280762,40984.640625
pi05_full_fix,perf/vram_reserved_mb,988,1242.8454430103302,40984.640625
pi05_full_fix,perf/vram_reserved_mb,989,1244.8186764717102,40984.640625
pi05_full_fix,perf/vram_reserved_mb,991,1246.3226022720337,40984.640625
pi05_full_fix,perf/vram_reserved_mb,992,1247.976327419281,40984.640625
pi05_full_fix,perf/vram_reserved_mb,993,1249.6402673721313,40984.640625
pi05_full_fix,perf/vram_reserved_mb,995,1251.1450221538544,40984.640625
pi05_full_fix,perf/vram_reserved_mb,996,1252.787356376648,40984.640625
pi05_full_fix,perf/vram_reserved_mb,997,1254.4510900974274,40984.640625
pi05_full_fix,perf/vram_reserved_mb,998,1255.954929113388,40984.640625
pi05_full_fix,perf/vram_reserved_mb,1000,1257.4584047794342,40984.640625
pi05_full_fix,perf/vram_reserved_mb,1000,1259.2920136451721,40984.640625
pi05_full_fix,perf/vram_reserved_mb,1000,1260.8223695755005,40984.640625
pi05_full_fix,perf/vram_reserved_mb,1000,1263.576563835144,40984.640625
pi05_full_fix,perf/vram_reserved_mb,1000,1265.1779046058655,40984.640625
pi05_full_fix,perf/vram_reserved_mb,1000,1266.743358373642,40984.640625
pi05_full_fix,perf/vram_reserved_mb,1000,1268.2835326194763,40984.640625
pi05_full_fix,perf/vram_reserved_mb,1000,1269.9028162956238,40984.640625
pi05_full_fix,perf/vram_reserved_mb,1000,1271.4300453662872,40984.640625
pi05_full_fix,perf/vram_reserved_mb,1000,1272.9527435302734,40984.640625
pi05_full_fix,perf/vram_reserved_mb,1000,1274.481891155243,40984.640625
pi05_full_fix,perf/vram_reserved_mb,1000,1275.9948706626892,40984.640625
pi05_full_fix,perf/vram_reserved_mb,1000,1277.5163099765778,40984.640625
pi05_full_fix,perf/vram_reserved_mb,1000,1279.0425992012024,40984.640625
pi05_full_fix,perf/vram_reserved_mb,1000,1280.6960761547089,40984.640625
pi05_full_fix,perf/vram_reserved_mb,1000,1282.2000482082367,40984.640625
pi05_full_fix,perf/vram_reserved_mb,1000,1283.708014011383,40984.640625
pi05_full_fix,perf/vram_reserved_mb,1000,1285.3177535533905,40984.640625
pi05_full_fix,perf/vram_reserved_mb,1000,1286.9486513137817,40984.640625
pi05_full_fix,perf/vram_reserved_mb,1000,1288.4821269512177,40984.640625
pi05_full_fix,perf/vram_reserved_mb,1000,1290.0520648956299,40984.640625
pi05_full_fix,perf/vram_reserved_mb,1000,1291.6323821544647,40984.640625
pi05_full_fix,perf/vram_reserved_mb,1000,1293.2489285469055,40984.640625
pi05_full_fix,perf/vram_reserved_mb,1000,1294.8175067901611,40984.640625
pi05_full_fix,perf/vram_reserved_mb,1000,1296.3938429355621,40984.640625
pi05_full_fix,perf/vram_reserved_mb,1000,1297.909125328064,40984.640625
pi05_full_fix,perf/vram_reserved_mb,1000,1299.420104265213,40984.640625
pi05_full_fix,perf/vram_reserved_mb,1000,1301.385593175888,40984.640625
pi05_full_fix,perf/vram_reserved_mb,1000,1302.892114162445,40984.640625
pi05_full_fix,perf/vram_reserved_mb,1000,1304.3970019817352,40984.640625
pi05_full_fix,perf/vram_reserved_mb,1000,1305.9009938240051,40984.640625
pi05_full_fix,perf/vram_reserved_mb,1000,1307.4076352119446,40984.640625
pi05_full_fix,perf/vram_reserved_mb,1000,1308.9121992588043,40984.640625
pi05_full_fix,perf/vram_reserved_mb,1000,1310.416818857193,40984.640625
pi05_full_fix,perf/vram_reserved_mb,1000,1311.9204907417297,40984.640625
pi05_full_fix,perf/vram_reserved_mb,1000,1313.7058637142181,40984.640625
pi05_full_fix,perf/vram_reserved_mb,1000,1315.2177600860596,40984.640625
pi05_full_fix,perf/vram_reserved_mb,1000,1317.1871085166931,40984.640625
pi05_full_fix,perf/vram_reserved_mb,1000,1318.7426776885986,40984.640625
pi05_full_fix,perf/vram_reserved_mb,1000,1320.3376994132996,40984.640625
pi05_full_fix,perf/vram_reserved_mb,1000,1321.942893743515,40984.640625
pi05_full_fix,perf/vram_reserved_mb,1000,1323.4881491661072,40984.640625
pi05_full_fix,perf/vram_reserved_mb,1000,1325.133995294571,40984.640625
pi05_full_fix,perf/vram_reserved_mb,1000,1326.6527988910675,40984.640625
pi05_full_fix,perf/vram_reserved_mb,1000,1328.172670841217,40984.640625
pi05_full_fix,perf/vram_reserved_mb,1000,1329.6883881092072,40984.640625
pi05_full_fix,perf/vram_reserved_mb,1000,1332.0514645576477,40984.640625
pi05_full_fix,perf/vram_reserved_mb,1000,1333.555461883545,40984.640625
pi05_full_fix,perf/vram_reserved_mb,1000,1335.1724503040314,40984.640625
pi05_full_fix,perf/vram_reserved_mb,1000,1336.7907938957214,40984.640625
pi05_full_fix,perf/vram_reserved_mb,1000,1338.383294582367,40984.640625
pi05_full_fix,perf/vram_reserved_mb,1000,1339.9743795394897,40984.640625
pi05_full_fix,perf/vram_reserved_mb,1000,1341.5144128799438,40984.640625
pi05_full_fix,perf/vram_reserved_mb,1000,1343.1483335494995,40984.640625
pi05_full_fix,perf/vram_reserved_mb,1000,1344.6657280921936,40984.640625
pi05_full_fix,perf/vram_reserved_mb,1000,1346.1894640922546,40984.640625
pi05_full_fix,perf/vram_reserved_mb,1000,1347.7385940551758,40984.640625
pi05_full_fix,perf/vram_reserved_mb,1000,1349.2593050003052,40984.640625
pi05_full_fix,perf/vram_reserved_mb,1000,1350.7963423728943,40984.640625
pi05_full_fix,perf/vram_reserved_mb,1000,1352.7505843639374,40984.640625
pi05_full_fix,perf/vram_reserved_mb,1000,1354.254225730896,40984.640625
pi05_full_fix,perf/vram_reserved_mb,1000,1355.758849620819,40984.640625
pi05_full_fix,perf/vram_reserved_mb,1000,1357.262685060501,40984.640625
pi05_full_fix,perf/vram_reserved_mb,1000,1358.7666532993317,40984.640625
pi05_full_fix,perf/vram_reserved_mb,1000,1360.2707073688507,40984.640625
pi05_full_fix,perf/vram_reserved_mb,1000,1361.7766587734222,40984.640625
pi05_full_fix,perf/vram_reserved_mb,1000,1363.2830657958984,40984.640625
pi05_full_fix,perf/vram_peak_mb,0,0.010242938995361328,9356.0185546875
pi05_full_fix,perf/vram_peak_mb,0,1.5145068168640137,9356.0185546875
pi05_full_fix,perf/vram_peak_mb,0,3.019078493118286,9356.0185546875
pi05_full_fix,perf/vram_peak_mb,0,4.523084878921509,9356.0185546875
pi05_full_fix,perf/vram_peak_mb,0,6.030816555023193,9356.0185546875
pi05_full_fix,perf/vram_peak_mb,0,7.535775661468506,9356.0185546875
pi05_full_fix,perf/vram_peak_mb,0,9.03978943824768,9356.0185546875
pi05_full_fix,perf/vram_peak_mb,0,10.544089555740356,9356.0185546875
pi05_full_fix,perf/vram_peak_mb,0,12.087647438049316,9356.0185546875
pi05_full_fix,perf/vram_peak_mb,0,13.617530584335327,9356.0185546875
pi05_full_fix,perf/vram_peak_mb,0,15.132143020629883,9356.0185546875
pi05_full_fix,perf/vram_peak_mb,0,16.63697123527527,9356.0185546875
pi05_full_fix,perf/vram_peak_mb,0,18.143162965774536,9356.0185546875
pi05_full_fix,perf/vram_peak_mb,0,19.649017572402954,9669.9111328125
pi05_full_fix,perf/vram_peak_mb,0,21.15307116508484,20143.81640625
pi05_full_fix,perf/vram_peak_mb,1,22.716166973114014,39713.40234375
pi05_full_fix,perf/vram_peak_mb,2,24.221591234207153,39792.1875
pi05_full_fix,perf/vram_peak_mb,3,25.833895206451416,39793.3125
pi05_full_fix,perf/vram_peak_mb,4,27.734955310821533,39796.703125
pi05_full_fix,perf/vram_peak_mb,6,29.239192008972168,39796.703125
pi05_full_fix,perf/vram_peak_mb,7,30.8209547996521,39796.703125
pi05_full_fix,perf/vram_peak_mb,8,32.61556887626648,39796.703125
pi05_full_fix,perf/vram_peak_mb,10,34.11965370178223,39796.703125
pi05_full_fix,perf/vram_peak_mb,11,35.68945097923279,39796.703125
pi05_full_fix,perf/vram_peak_mb,12,37.223697900772095,39796.703125
pi05_full_fix,perf/vram_peak_mb,13,39.03591966629028,39796.703125
pi05_full_fix,perf/vram_peak_mb,15,40.54218626022339,39796.703125
pi05_full_fix,perf/vram_peak_mb,16,42.204798460006714,39796.703125
pi05_full_fix,perf/vram_peak_mb,17,43.848641872406006,39796.703125
pi05_full_fix,perf/vram_peak_mb,19,45.41880702972412,39796.703125
pi05_full_fix,perf/vram_peak_mb,20,46.92510771751404,39796.703125
pi05_full_fix,perf/vram_peak_mb,21,48.75558018684387,39796.703125
pi05_full_fix,perf/vram_peak_mb,23,50.258880615234375,39796.703125
pi05_full_fix,perf/vram_peak_mb,24,51.76380658149719,39796.703125
pi05_full_fix,perf/vram_peak_mb,25,53.71328544616699,39796.703125
pi05_full_fix,perf/vram_peak_mb,27,55.216882944107056,39796.703125
pi05_full_fix,perf/vram_peak_mb,28,56.85813927650452,39796.703125
pi05_full_fix,perf/vram_peak_mb,29,58.51361393928528,39796.703125
pi05_full_fix,perf/vram_peak_mb,30,60.017237424850464,39796.703125
pi05_full_fix,perf/vram_peak_mb,32,61.521509408950806,39796.703125
pi05_full_fix,perf/vram_peak_mb,33,63.363659381866455,39796.703125
pi05_full_fix,perf/vram_peak_mb,35,64.86701345443726,39796.703125
pi05_full_fix,perf/vram_peak_mb,36,66.37127923965454,39796.703125
pi05_full_fix,perf/vram_peak_mb,37,68.38197660446167,39796.703125
pi05_full_fix,perf/vram_peak_mb,38,69.9750599861145,39796.703125
pi05_full_fix,perf/vram_peak_mb,40,71.47831749916077,39796.703125
pi05_full_fix,perf/vram_peak_mb,41,73.12870502471924,39796.703125
pi05_full_fix,perf/vram_peak_mb,42,74.80041813850403,39796.703125
pi05_full_fix,perf/vram_peak_mb,44,76.30671000480652,39796.703125
pi05_full_fix,perf/vram_peak_mb,45,77.97632718086243,39796.703125
pi05_full_fix,perf/vram_peak_mb,46,79.60651326179504,39796.703125
pi05_full_fix,perf/vram_peak_mb,47,81.11000943183899,39796.703125
pi05_full_fix,perf/vram_peak_mb,49,82.61464190483093,39796.703125
pi05_full_fix,perf/vram_peak_mb,50,84.38308644294739,39796.703125
pi05_full_fix,perf/vram_peak_mb,51,85.92262434959412,39796.703125
pi05_full_fix,perf/vram_peak_mb,53,87.42588496208191,39796.703125
pi05_full_fix,perf/vram_peak_mb,54,89.07706069946289,39796.703125
pi05_full_fix,perf/vram_peak_mb,55,90.78000140190125,39796.703125
pi05_full_fix,perf/vram_peak_mb,56,92.30316710472107,39796.703125
pi05_full_fix,perf/vram_peak_mb,58,93.80992412567139,39796.703125
pi05_full_fix,perf/vram_peak_mb,59,95.48067879676819,39796.703125
pi05_full_fix,perf/vram_peak_mb,60,97.09547448158264,39796.703125
pi05_full_fix,perf/vram_peak_mb,62,98.59982466697693,39796.703125
pi05_full_fix,perf/vram_peak_mb,63,100.35297107696533,39796.703125
pi05_full_fix,perf/vram_peak_mb,64,102.14450335502625,39796.703125
pi05_full_fix,perf/vram_peak_mb,66,103.64912128448486,39796.703125
pi05_full_fix,perf/vram_peak_mb,67,105.29135870933533,39796.703125
pi05_full_fix,perf/vram_peak_mb,68,106.94188261032104,39796.703125
pi05_full_fix,perf/vram_peak_mb,70,108.44563364982605,39796.703125
pi05_full_fix,perf/vram_peak_mb,71,110.20834922790527,39796.703125
pi05_full_fix,perf/vram_peak_mb,72,111.73594284057617,39796.703125
pi05_full_fix,perf/vram_peak_mb,73,113.2623999118805,39796.703125
pi05_full_fix,perf/vram_peak_mb,75,114.76591634750366,39796.703125
pi05_full_fix,perf/vram_peak_mb,76,116.4197928905487,39796.703125
pi05_full_fix,perf/vram_peak_mb,77,118.08470153808594,39796.703125
pi05_full_fix,perf/vram_peak_mb,79,119.65929937362671,39796.703125
pi05_full_fix,perf/vram_peak_mb,80,121.40163016319275,39796.703125
pi05_full_fix,perf/vram_peak_mb,81,122.96311163902283,39796.703125
pi05_full_fix,perf/vram_peak_mb,82,124.55160546302795,39796.703125
pi05_full_fix,perf/vram_peak_mb,84,126.05755519866943,39796.703125
pi05_full_fix,perf/vram_peak_mb,85,127.69929099082947,39796.703125
pi05_full_fix,perf/vram_peak_mb,86,129.3578028678894,39796.703125
pi05_full_fix,perf/vram_peak_mb,88,130.8610577583313,39796.703125
pi05_full_fix,perf/vram_peak_mb,89,132.50147795677185,39796.703125
pi05_full_fix,perf/vram_peak_mb,90,134.15106558799744,39796.703125
pi05_full_fix,perf/vram_peak_mb,91,135.6543824672699,39796.703125
pi05_full_fix,perf/vram_peak_mb,93,137.15780925750732,39796.703125
pi05_full_fix,perf/vram_peak_mb,94,138.9378080368042,39796.703125
pi05_full_fix,perf/vram_peak_mb,95,140.4412453174591,39796.703125
pi05_full_fix,perf/vram_peak_mb,97,141.9450614452362,39796.703125
pi05_full_fix,perf/vram_peak_mb,98,143.7971167564392,39796.703125
pi05_full_fix,perf/vram_peak_mb,100,145.30034518241882,39796.703125
pi05_full_fix,perf/vram_peak_mb,101,146.80727696418762,39796.703125
pi05_full_fix,perf/vram_peak_mb,102,148.31072306632996,39796.703125
pi05_full_fix,perf/vram_peak_mb,103,150.2724094390869,39796.703125
pi05_full_fix,perf/vram_peak_mb,105,151.7765040397644,39796.703125
pi05_full_fix,perf/vram_peak_mb,106,153.44601440429688,39796.703125
pi05_full_fix,perf/vram_peak_mb,107,155.07297945022583,39796.703125
pi05_full_fix,perf/vram_peak_mb,108,156.59089183807373,39796.703125
pi05_full_fix,perf/vram_peak_mb,110,158.0943958759308,39796.703125
pi05_full_fix,perf/vram_peak_mb,111,159.72595477104187,39796.703125
pi05_full_fix,perf/vram_peak_mb,112,161.39117693901062,39796.703125
pi05_full_fix,perf/vram_peak_mb,114,162.89516925811768,39796.703125
pi05_full_fix,perf/vram_peak_mb,115,164.67720651626587,39796.703125
pi05_full_fix,perf/vram_peak_mb,116,166.1846902370453,39796.703125
pi05_full_fix,perf/vram_peak_mb,117,167.6887128353119,39796.703125
pi05_full_fix,perf/vram_peak_mb,119,169.19247102737427,39796.703125
pi05_full_fix,perf/vram_peak_mb,120,170.96477627754211,39796.703125
pi05_full_fix,perf/vram_peak_mb,121,172.48461651802063,39796.703125
pi05_full_fix,perf/vram_peak_mb,123,173.9902904033661,39796.703125
pi05_full_fix,perf/vram_peak_mb,124,175.63620829582214,39796.703125
pi05_full_fix,perf/vram_peak_mb,125,177.48800611495972,39796.703125
pi05_full_fix,perf/vram_peak_mb,127,178.99295663833618,39796.703125
pi05_full_fix,perf/vram_peak_mb,128,180.49830555915833,39796.703125
pi05_full_fix,perf/vram_peak_mb,129,182.48048496246338,39796.703125
pi05_full_fix,perf/vram_peak_mb,131,183.98466539382935,39796.703125
pi05_full_fix,perf/vram_peak_mb,132,185.63534355163574,39796.703125
pi05_full_fix,perf/vram_peak_mb,133,187.3267593383789,39796.703125
pi05_full_fix,perf/vram_peak_mb,135,188.82990431785583,39796.703125
pi05_full_fix,perf/vram_peak_mb,136,190.33332562446594,39796.703125
pi05_full_fix,perf/vram_peak_mb,137,192.3396327495575,39796.703125
pi05_full_fix,perf/vram_peak_mb,139,193.8440351486206,39796.703125
pi05_full_fix,perf/vram_peak_mb,140,195.50678300857544,39796.703125
pi05_full_fix,perf/vram_peak_mb,141,197.1533329486847,39796.703125
pi05_full_fix,perf/vram_peak_mb,142,198.7206311225891,39796.703125
pi05_full_fix,perf/vram_peak_mb,144,200.22419476509094,39796.703125
pi05_full_fix,perf/vram_peak_mb,145,201.94703316688538,39796.703125
pi05_full_fix,perf/vram_peak_mb,146,203.51332664489746,39796.703125
pi05_full_fix,perf/vram_peak_mb,148,205.0168685913086,39796.703125
pi05_full_fix,perf/vram_peak_mb,149,206.77967476844788,39796.703125
pi05_full_fix,perf/vram_peak_mb,150,208.3070569038391,39796.703125
pi05_full_fix,perf/vram_peak_mb,151,209.8729169368744,39796.703125
pi05_full_fix,perf/vram_peak_mb,153,211.37698602676392,39796.703125
pi05_full_fix,perf/vram_peak_mb,154,213.0585470199585,39796.703125
pi05_full_fix,perf/vram_peak_mb,155,214.67962765693665,39796.703125
pi05_full_fix,perf/vram_peak_mb,157,216.18878936767578,39796.703125
pi05_full_fix,perf/vram_peak_mb,158,217.87670016288757,39796.703125
pi05_full_fix,perf/vram_peak_mb,159,219.48751211166382,39796.703125
pi05_full_fix,perf/vram_peak_mb,160,221.01476669311523,39796.703125
pi05_full_fix,perf/vram_peak_mb,162,222.51974201202393,39796.703125
pi05_full_fix,perf/vram_peak_mb,163,224.1745617389679,39796.703125
pi05_full_fix,perf/vram_peak_mb,164,225.81654357910156,39796.703125
pi05_full_fix,perf/vram_peak_mb,166,227.32062101364136,39796.703125
pi05_full_fix,perf/vram_peak_mb,167,229.0777223110199,39796.703125
pi05_full_fix,perf/vram_peak_mb,168,230.6123707294464,39796.703125
pi05_full_fix,perf/vram_peak_mb,169,232.26138067245483,39796.703125
pi05_full_fix,perf/vram_peak_mb,171,233.76683068275452,39796.703125
pi05_full_fix,perf/vram_peak_mb,172,235.4910159111023,39796.703125
pi05_full_fix,perf/vram_peak_mb,173,237.05728602409363,39796.703125
pi05_full_fix,perf/vram_peak_mb,175,238.56161451339722,39796.703125
pi05_full_fix,perf/vram_peak_mb,176,240.19616413116455,39796.703125
pi05_full_fix,perf/vram_peak_mb,177,241.85212421417236,39796.703125
pi05_full_fix,perf/vram_peak_mb,178,243.3557870388031,39796.703125
pi05_full_fix,perf/vram_peak_mb,180,244.86066675186157,39796.703125
pi05_full_fix,perf/vram_peak_mb,181,246.660231590271,39796.703125
pi05_full_fix,perf/vram_peak_mb,182,248.16778326034546,39796.703125
pi05_full_fix,perf/vram_peak_mb,184,249.67129468917847,39796.703125
pi05_full_fix,perf/vram_peak_mb,185,251.3871488571167,39796.703125
pi05_full_fix,perf/vram_peak_mb,186,253.28075647354126,39796.703125
pi05_full_fix,perf/vram_peak_mb,188,254.79075455665588,39796.703125
pi05_full_fix,perf/vram_peak_mb,189,256.5620913505554,39796.703125
pi05_full_fix,perf/vram_peak_mb,190,258.0777711868286,39796.703125
pi05_full_fix,perf/vram_peak_mb,192,259.5862166881561,39796.703125
pi05_full_fix,perf/vram_peak_mb,193,261.2227554321289,39796.703125
pi05_full_fix,perf/vram_peak_mb,194,262.9638247489929,39796.703125
pi05_full_fix,perf/vram_peak_mb,195,264.4677999019623,39796.703125
pi05_full_fix,perf/vram_peak_mb,197,265.97131395339966,39796.703125
pi05_full_fix,perf/vram_peak_mb,198,267.59514451026917,39796.703125
pi05_full_fix,perf/vram_peak_mb,199,269.25337982177734,39796.703125
pi05_full_fix,perf/vram_peak_mb,201,270.7568693161011,39796.703125
pi05_full_fix,perf/vram_peak_mb,202,272.53410506248474,39796.703125
pi05_full_fix,perf/vram_peak_mb,203,274.4655706882477,39796.703125
pi05_full_fix,perf/vram_peak_mb,205,275.969774723053,39796.703125
pi05_full_fix,perf/vram_peak_mb,206,277.70938515663147,39796.703125
pi05_full_fix,perf/vram_peak_mb,207,279.26145219802856,39796.703125
pi05_full_fix,perf/vram_peak_mb,209,280.7661437988281,39796.703125
pi05_full_fix,perf/vram_peak_mb,210,282.5216398239136,39796.703125
pi05_full_fix,perf/vram_peak_mb,211,284.0614721775055,39796.703125
pi05_full_fix,perf/vram_peak_mb,212,285.5660231113434,39796.703125
pi05_full_fix,perf/vram_peak_mb,214,287.07060527801514,39796.703125
pi05_full_fix,perf/vram_peak_mb,215,288.9709641933441,39796.703125
pi05_full_fix,perf/vram_peak_mb,217,290.4753260612488,39796.703125
pi05_full_fix,perf/vram_peak_mb,218,291.97979283332825,39796.703125
pi05_full_fix,perf/vram_peak_mb,219,293.9086563587189,39796.703125
pi05_full_fix,perf/vram_peak_mb,221,295.41333842277527,39796.703125
pi05_full_fix,perf/vram_peak_mb,222,296.91713309288025,39796.703125
pi05_full_fix,perf/vram_peak_mb,223,298.56309151649475,39796.703125
pi05_full_fix,perf/vram_peak_mb,224,300.2560439109802,39796.703125
pi05_full_fix,perf/vram_peak_mb,226,301.7605381011963,39796.703125
pi05_full_fix,perf/vram_peak_mb,227,303.44857931137085,39796.703125
pi05_full_fix,perf/vram_peak_mb,228,305.0560700893402,39796.703125
pi05_full_fix,perf/vram_peak_mb,230,306.5600616931915,39796.703125
pi05_full_fix,perf/vram_peak_mb,231,308.2469730377197,39796.703125
pi05_full_fix,perf/vram_peak_mb,232,309.8619680404663,39796.703125
pi05_full_fix,perf/vram_peak_mb,234,311.36575150489807,39796.703125
pi05_full_fix,perf/vram_peak_mb,235,313.1362318992615,39796.703125
pi05_full_fix,perf/vram_peak_mb,236,314.65473318099976,39796.703125
pi05_full_fix,perf/vram_peak_mb,238,316.1589000225067,39796.703125
pi05_full_fix,perf/vram_peak_mb,239,317.66229605674744,39796.703125
pi05_full_fix,perf/vram_peak_mb,240,319.2779903411865,39796.703125
pi05_full_fix,perf/vram_peak_mb,241,321.0289239883423,39796.703125
pi05_full_fix,perf/vram_peak_mb,243,322.5330283641815,39796.703125
pi05_full_fix,perf/vram_peak_mb,244,324.15742659568787,39796.703125
pi05_full_fix,perf/vram_peak_mb,245,325.81879138946533,39796.703125
pi05_full_fix,perf/vram_peak_mb,247,327.3227479457855,39796.703125
pi05_full_fix,perf/vram_peak_mb,248,328.96672010421753,39796.703125
pi05_full_fix,perf/vram_peak_mb,249,330.6610732078552,39796.703125
pi05_full_fix,perf/vram_peak_mb,251,332.16508412361145,39796.703125
pi05_full_fix,perf/vram_peak_mb,252,333.8316297531128,39796.703125
pi05_full_fix,perf/vram_peak_mb,253,335.46334075927734,39796.703125
pi05_full_fix,perf/vram_peak_mb,255,337.24422430992126,39796.703125
pi05_full_fix,perf/vram_peak_mb,256,338.76703214645386,39796.703125
pi05_full_fix,perf/vram_peak_mb,257,340.6600182056427,39796.703125
pi05_full_fix,perf/vram_peak_mb,259,342.1636140346527,39796.703125
pi05_full_fix,perf/vram_peak_mb,260,343.82007598876953,39796.703125
pi05_full_fix,perf/vram_peak_mb,261,345.4785361289978,39796.703125
pi05_full_fix,perf/vram_peak_mb,263,346.9817988872528,39796.703125
pi05_full_fix,perf/vram_peak_mb,264,348.48558259010315,39796.703125
pi05_full_fix,perf/vram_peak_mb,265,350.24804186820984,39796.703125
pi05_full_fix,perf/vram_peak_mb,266,351.7827982902527,39796.703125
pi05_full_fix,perf/vram_peak_mb,268,353.2891957759857,39796.703125
pi05_full_fix,perf/vram_peak_mb,269,355.00129318237305,39796.703125
pi05_full_fix,perf/vram_peak_mb,270,356.58779525756836,39796.703125
pi05_full_fix,perf/vram_peak_mb,272,358.0920624732971,39796.703125
pi05_full_fix,perf/vram_peak_mb,273,359.60115146636963,39796.703125
pi05_full_fix,perf/vram_peak_mb,274,361.1405837535858,39796.703125
pi05_full_fix,perf/vram_peak_mb,275,363.0073218345642,39796.703125
pi05_full_fix,perf/vram_peak_mb,277,364.5157494544983,39796.703125
pi05_full_fix,perf/vram_peak_mb,278,366.28201508522034,39796.703125
pi05_full_fix,perf/vram_peak_mb,279,367.8101739883423,39796.703125
pi05_full_fix,perf/vram_peak_mb,281,369.45876574516296,39796.703125
pi05_full_fix,perf/vram_peak_mb,282,371.02340817451477,39796.703125
pi05_full_fix,perf/vram_peak_mb,283,372.84317278862,39796.703125
pi05_full_fix,perf/vram_peak_mb,285,374.347412109375,39796.703125
pi05_full_fix,perf/vram_peak_mb,286,376.0217995643616,39796.703125
pi05_full_fix,perf/vram_peak_mb,287,377.650865316391,39796.703125
pi05_full_fix,perf/vram_peak_mb,289,379.16023540496826,39796.703125
pi05_full_fix,perf/vram_peak_mb,290,380.6638960838318,39796.703125
pi05_full_fix,perf/vram_peak_mb,291,382.43724179267883,39796.703125
pi05_full_fix,perf/vram_peak_mb,292,383.9410307407379,39796.703125
pi05_full_fix,perf/vram_peak_mb,294,385.44492292404175,39796.703125
pi05_full_fix,perf/vram_peak_mb,295,387.1164906024933,39796.703125
pi05_full_fix,perf/vram_peak_mb,296,388.7499625682831,39796.703125
pi05_full_fix,perf/vram_peak_mb,298,390.25419092178345,39796.703125
pi05_full_fix,perf/vram_peak_mb,299,391.76060938835144,39796.703125
pi05_full_fix,perf/vram_peak_mb,300,393.49933671951294,39796.703125
pi05_full_fix,perf/vram_peak_mb,301,395.04492020606995,39796.703125
pi05_full_fix,perf/vram_peak_mb,303,396.5490629673004,39796.703125
pi05_full_fix,perf/vram_peak_mb,304,398.30634474754333,39796.703125
pi05_full_fix,perf/vram_peak_mb,305,399.84536266326904,39796.703125
pi05_full_fix,perf/vram_peak_mb,306,401.38792085647583,39796.703125
pi05_full_fix,perf/vram_peak_mb,308,402.89146757125854,39796.703125
pi05_full_fix,perf/vram_peak_mb,309,404.5435860157013,39796.703125
pi05_full_fix,perf/vram_peak_mb,310,406.2070984840393,39796.703125
pi05_full_fix,perf/vram_peak_mb,312,407.7181487083435,39796.703125
pi05_full_fix,perf/vram_peak_mb,313,409.48610639572144,39796.703125
pi05_full_fix,perf/vram_peak_mb,314,411.0160274505615,39796.703125
pi05_full_fix,perf/vram_peak_mb,316,412.51950097084045,39796.703125
pi05_full_fix,perf/vram_peak_mb,317,414.0226936340332,39796.703125
pi05_full_fix,perf/vram_peak_mb,318,415.9142961502075,39796.703125
pi05_full_fix,perf/vram_peak_mb,320,417.42120480537415,39796.703125
pi05_full_fix,perf/vram_peak_mb,321,418.9479591846466,39796.703125
pi05_full_fix,perf/vram_peak_mb,322,420.833304643631,39796.703125
pi05_full_fix,perf/vram_peak_mb,323,422.3971223831177,39796.703125
pi05_full_fix,perf/vram_peak_mb,325,423.90226125717163,39796.703125
pi05_full_fix,perf/vram_peak_mb,326,425.50020813941956,39796.703125
pi05_full_fix,perf/vram_peak_mb,327,427.1998391151428,39796.703125
pi05_full_fix,perf/vram_peak_mb,329,428.7041075229645,39796.703125
pi05_full_fix,perf/vram_peak_mb,330,430.36368227005005,39796.703125
pi05_full_fix,perf/vram_peak_mb,331,432.00420355796814,39796.703125
pi05_full_fix,perf/vram_peak_mb,332,433.5082139968872,39796.703125
pi05_full_fix,perf/vram_peak_mb,334,435.0116651058197,39796.703125
pi05_full_fix,perf/vram_peak_mb,335,436.66168689727783,39796.703125
pi05_full_fix,perf/vram_peak_mb,336,438.27993273735046,39796.703125
pi05_full_fix,perf/vram_peak_mb,338,439.78346252441406,39796.703125
pi05_full_fix,perf/vram_peak_mb,339,441.5599579811096,39796.703125
pi05_full_fix,perf/vram_peak_mb,340,443.0679006576538,39796.703125
pi05_full_fix,perf/vram_peak_mb,341,444.5717601776123,39796.703125
pi05_full_fix,perf/vram_peak_mb,343,446.07517552375793,39796.703125
pi05_full_fix,perf/vram_peak_mb,344,447.9203112125397,39796.703125
pi05_full_fix,perf/vram_peak_mb,346,449.4242925643921,39796.703125
pi05_full_fix,perf/vram_peak_mb,347,450.92824387550354,39796.703125
pi05_full_fix,perf/vram_peak_mb,348,452.9203689098358,39796.703125
pi05_full_fix,perf/vram_peak_mb,350,454.42403173446655,39796.703125
pi05_full_fix,perf/vram_peak_mb,351,455.9274353981018,39796.703125
pi05_full_fix,perf/vram_peak_mb,352,457.58782386779785,39796.703125
pi05_full_fix,perf/vram_peak_mb,353,459.2422637939453,39796.703125
pi05_full_fix,perf/vram_peak_mb,355,460.7471926212311,39796.703125
pi05_full_fix,perf/vram_peak_mb,356,462.4353938102722,39796.703125
pi05_full_fix,perf/vram_peak_mb,357,464.04319047927856,39796.703125
pi05_full_fix,perf/vram_peak_mb,359,465.5483877658844,39796.703125
pi05_full_fix,perf/vram_peak_mb,360,467.176584482193,39796.703125
pi05_full_fix,perf/vram_peak_mb,361,468.850688457489,39796.703125
pi05_full_fix,perf/vram_peak_mb,363,470.35460662841797,39796.703125
pi05_full_fix,perf/vram_peak_mb,364,472.121945142746,39796.703125
pi05_full_fix,perf/vram_peak_mb,365,473.64145517349243,39796.703125
pi05_full_fix,perf/vram_peak_mb,367,475.14592027664185,39796.703125
pi05_full_fix,perf/vram_peak_mb,368,476.6500380039215,39796.703125
pi05_full_fix,perf/vram_peak_mb,369,478.21925163269043,39796.703125
pi05_full_fix,perf/vram_peak_mb,370,480.0447814464569,39796.703125
pi05_full_fix,perf/vram_peak_mb,372,481.5486340522766,39796.703125
pi05_full_fix,perf/vram_peak_mb,373,483.1893813610077,39796.703125
pi05_full_fix,perf/vram_peak_mb,374,484.85924220085144,39796.703125
pi05_full_fix,perf/vram_peak_mb,376,486.50854086875916,39796.703125
pi05_full_fix,perf/vram_peak_mb,377,488.06627893447876,39796.703125
pi05_full_fix,perf/vram_peak_mb,378,489.8751816749573,39796.703125
pi05_full_fix,perf/vram_peak_mb,380,491.38778424263,39796.703125
pi05_full_fix,perf/vram_peak_mb,381,493.0810434818268,39796.703125
pi05_full_fix,perf/vram_peak_mb,382,494.6798348426819,39796.703125
pi05_full_fix,perf/vram_peak_mb,384,496.374005317688,39796.703125
pi05_full_fix,perf/vram_peak_mb,385,497.9762153625488,39796.703125
pi05_full_fix,perf/vram_peak_mb,386,499.7277548313141,39796.703125
pi05_full_fix,perf/vram_peak_mb,388,501.23436284065247,39796.703125
pi05_full_fix,perf/vram_peak_mb,389,502.89036297798157,39796.703125
pi05_full_fix,perf/vram_peak_mb,390,504.54661321640015,39796.703125
pi05_full_fix,perf/vram_peak_mb,392,506.0513379573822,39796.703125
pi05_full_fix,perf/vram_peak_mb,393,507.55472207069397,39796.703125
pi05_full_fix,perf/vram_peak_mb,394,509.30091738700867,39796.703125
pi05_full_fix,perf/vram_peak_mb,395,510.8103189468384,39796.703125
pi05_full_fix,perf/vram_peak_mb,397,512.3153793811798,39796.703125
pi05_full_fix,perf/vram_peak_mb,398,513.8799991607666,39796.703125
pi05_full_fix,perf/vram_peak_mb,399,515.6117784976959,39796.703125
pi05_full_fix,perf/vram_peak_mb,401,517.1159179210663,39796.703125
pi05_full_fix,perf/vram_peak_mb,402,518.635760307312,39796.703125
pi05_full_fix,perf/vram_peak_mb,403,520.2899446487427,39796.703125
pi05_full_fix,perf/vram_peak_mb,404,521.9328873157501,39796.703125
pi05_full_fix,perf/vram_peak_mb,406,523.4365458488464,39796.703125
pi05_full_fix,perf/vram_peak_mb,407,525.0220687389374,39796.703125
pi05_full_fix,perf/vram_peak_mb,408,526.7511396408081,39796.703125
pi05_full_fix,perf/vram_peak_mb,410,528.4233641624451,39796.703125
pi05_full_fix,perf/vram_peak_mb,411,529.9283330440521,39796.703125
pi05_full_fix,perf/vram_peak_mb,412,531.8497385978699,39796.703125
pi05_full_fix,perf/vram_peak_mb,414,533.3571155071259,39796.703125
pi05_full_fix,perf/vram_peak_mb,415,534.9323573112488,39796.703125
pi05_full_fix,perf/vram_peak_mb,416,536.6865112781525,39796.703125
pi05_full_fix,perf/vram_peak_mb,418,538.3703670501709,39796.703125
pi05_full_fix,perf/vram_peak_mb,419,539.993732213974,39796.703125
pi05_full_fix,perf/vram_peak_mb,420,541.7206063270569,39796.703125
pi05_full_fix,perf/vram_peak_mb,422,543.224933385849,39796.703125
pi05_full_fix,perf/vram_peak_mb,423,544.8817567825317,39796.703125
pi05_full_fix,perf/vram_peak_mb,424,546.5346989631653,39796.703125
pi05_full_fix,perf/vram_peak_mb,426,548.0415799617767,39796.703125
pi05_full_fix,perf/vram_peak_mb,427,549.5491471290588,39796.703125
pi05_full_fix,perf/vram_peak_mb,428,551.0529522895813,39796.703125
pi05_full_fix,perf/vram_peak_mb,429,552.9919228553772,39796.703125
pi05_full_fix,perf/vram_peak_mb,431,554.4968430995941,39796.703125
pi05_full_fix,perf/vram_peak_mb,432,556.1662983894348,39796.703125
pi05_full_fix,perf/vram_peak_mb,433,557.834703207016,39796.703125
pi05_full_fix,perf/vram_peak_mb,435,559.3455135822296,39796.703125
pi05_full_fix,perf/vram_peak_mb,436,560.8493056297302,39796.703125
pi05_full_fix,perf/vram_peak_mb,437,562.4360017776489,39796.703125
pi05_full_fix,perf/vram_peak_mb,438,564.2360088825226,39796.703125
pi05_full_fix,perf/vram_peak_mb,440,565.7406902313232,39796.703125
pi05_full_fix,perf/vram_peak_mb,441,567.3177220821381,39796.703125
pi05_full_fix,perf/vram_peak_mb,442,569.0614142417908,39796.703125
pi05_full_fix,perf/vram_peak_mb,443,570.6798303127289,39796.703125
pi05_full_fix,perf/vram_peak_mb,445,572.1838583946228,39796.703125
pi05_full_fix,perf/vram_peak_mb,446,573.823163986206,39796.703125
pi05_full_fix,perf/vram_peak_mb,447,575.5183634757996,39796.703125
pi05_full_fix,perf/vram_peak_mb,449,577.0222573280334,39796.703125
pi05_full_fix,perf/vram_peak_mb,450,578.6650898456573,39796.703125
pi05_full_fix,perf/vram_peak_mb,451,580.3258883953094,39796.703125
pi05_full_fix,perf/vram_peak_mb,453,582.1072618961334,39796.703125
pi05_full_fix,perf/vram_peak_mb,454,583.6163985729218,39796.703125
pi05_full_fix,perf/vram_peak_mb,455,585.5345344543457,39796.703125
pi05_full_fix,perf/vram_peak_mb,457,587.0391116142273,39796.703125
pi05_full_fix,perf/vram_peak_mb,458,588.7062425613403,39796.703125
pi05_full_fix,perf/vram_peak_mb,459,590.3534507751465,39796.703125
pi05_full_fix,perf/vram_peak_mb,461,592.1304714679718,39796.703125
pi05_full_fix,perf/vram_peak_mb,462,593.8238229751587,39796.703125
pi05_full_fix,perf/vram_peak_mb,463,595.4401795864105,39796.703125
pi05_full_fix,perf/vram_peak_mb,465,596.9435977935791,39796.703125
pi05_full_fix,perf/vram_peak_mb,466,598.6127879619598,39796.703125
pi05_full_fix,perf/vram_peak_mb,467,600.2559561729431,39796.703125
pi05_full_fix,perf/vram_peak_mb,469,601.7609493732452,39796.703125
pi05_full_fix,perf/vram_peak_mb,470,603.265867471695,39796.703125
pi05_full_fix,perf/vram_peak_mb,471,604.8557245731354,39796.703125
pi05_full_fix,perf/vram_peak_mb,472,606.6193735599518,39796.703125
pi05_full_fix,perf/vram_peak_mb,474,608.1240954399109,39796.703125
pi05_full_fix,perf/vram_peak_mb,475,609.888872385025,39796.703125
pi05_full_fix,perf/vram_peak_mb,476,611.4217689037323,39796.703125
pi05_full_fix,perf/vram_peak_mb,478,612.9268741607666,39796.703125
pi05_full_fix,perf/vram_peak_mb,479,614.4308388233185,39796.703125
pi05_full_fix,perf/vram_peak_mb,480,615.9638223648071,39796.703125
pi05_full_fix,perf/vram_peak_mb,481,617.8087954521179,39796.703125
pi05_full_fix,perf/vram_peak_mb,483,619.3309772014618,39796.703125
pi05_full_fix,perf/vram_peak_mb,484,620.9772024154663,39796.703125
pi05_full_fix,perf/vram_peak_mb,485,622.6353538036346,39796.703125
pi05_full_fix,perf/vram_peak_mb,487,624.1399927139282,39796.703125
pi05_full_fix,perf/vram_peak_mb,488,625.6444869041443,39796.703125
pi05_full_fix,perf/vram_peak_mb,489,627.1902813911438,39796.703125
pi05_full_fix,perf/vram_peak_mb,490,629.0459537506104,39796.703125
pi05_full_fix,perf/vram_peak_mb,492,630.5497426986694,39796.703125
pi05_full_fix,perf/vram_peak_mb,493,632.2136740684509,39796.703125
pi05_full_fix,perf/vram_peak_mb,494,633.8380994796753,39796.703125
pi05_full_fix,perf/vram_peak_mb,496,635.6358261108398,39796.703125
pi05_full_fix,perf/vram_peak_mb,497,637.2842643260956,39796.703125
pi05_full_fix,perf/vram_peak_mb,498,638.941709280014,39796.703125
pi05_full_fix,perf/vram_peak_mb,500,640.446170091629,39796.703125
pi05_full_fix,perf/vram_peak_mb,501,642.084823846817,39796.703125
pi05_full_fix,perf/vram_peak_mb,502,643.7464714050293,39796.703125
pi05_full_fix,perf/vram_peak_mb,504,645.2548339366913,39796.703125
pi05_full_fix,perf/vram_peak_mb,505,646.7583074569702,39796.703125
pi05_full_fix,perf/vram_peak_mb,506,648.4172759056091,39796.703125
pi05_full_fix,perf/vram_peak_mb,507,650.0790660381317,39796.703125
pi05_full_fix,perf/vram_peak_mb,509,651.5844116210938,39796.703125
pi05_full_fix,perf/vram_peak_mb,510,653.2299101352692,39796.703125
pi05_full_fix,perf/vram_peak_mb,511,654.8921549320221,39796.703125
pi05_full_fix,perf/vram_peak_mb,513,656.3975412845612,39796.703125
pi05_full_fix,perf/vram_peak_mb,514,657.901609659195,39796.703125
pi05_full_fix,perf/vram_peak_mb,515,659.6558086872101,39796.703125
pi05_full_fix,perf/vram_peak_mb,516,661.1662139892578,39796.703125
pi05_full_fix,perf/vram_peak_mb,518,662.6708240509033,39796.703125
pi05_full_fix,perf/vram_peak_mb,519,664.4184563159943,39796.703125
pi05_full_fix,perf/vram_peak_mb,520,665.9733784198761,39796.703125
pi05_full_fix,perf/vram_peak_mb,521,667.4771115779877,39796.703125
pi05_full_fix,perf/vram_peak_mb,523,668.980945110321,39796.703125
pi05_full_fix,perf/vram_peak_mb,524,670.879739522934,39796.703125
pi05_full_fix,perf/vram_peak_mb,526,672.3846323490143,39796.703125
pi05_full_fix,perf/vram_peak_mb,527,673.8894703388214,39796.703125
pi05_full_fix,perf/vram_peak_mb,528,675.8359341621399,39796.703125
pi05_full_fix,perf/vram_peak_mb,530,677.339278459549,39796.703125
pi05_full_fix,perf/vram_peak_mb,531,678.8428554534912,39796.703125
pi05_full_fix,perf/vram_peak_mb,532,680.6432209014893,39796.703125
pi05_full_fix,perf/vram_peak_mb,534,682.1475560665131,39796.703125
pi05_full_fix,perf/vram_peak_mb,535,683.651691198349,39796.703125
pi05_full_fix,perf/vram_peak_mb,536,685.6133444309235,39796.703125
pi05_full_fix,perf/vram_peak_mb,538,687.1166758537292,39796.703125
pi05_full_fix,perf/vram_peak_mb,539,689.0605480670929,39796.703125
pi05_full_fix,perf/vram_peak_mb,540,690.6650357246399,39796.703125
pi05_full_fix,perf/vram_peak_mb,542,692.1726224422455,39796.703125
pi05_full_fix,perf/vram_peak_mb,543,693.8091430664062,39796.703125
pi05_full_fix,perf/vram_peak_mb,544,695.4782915115356,39796.703125
pi05_full_fix,perf/vram_peak_mb,546,696.9820148944855,39796.703125
pi05_full_fix,perf/vram_peak_mb,547,698.6039755344391,39796.703125
pi05_full_fix,perf/vram_peak_mb,548,700.4943737983704,39796.703125
pi05_full_fix,perf/vram_peak_mb,550,701.9989392757416,39796.703125
pi05_full_fix,perf/vram_peak_mb,551,703.6448197364807,39796.703125
pi05_full_fix,perf/vram_peak_mb,552,705.301700592041,39796.703125
pi05_full_fix,perf/vram_peak_mb,554,706.805258512497,39796.703125
pi05_full_fix,perf/vram_peak_mb,555,708.4622955322266,39796.703125
pi05_full_fix,perf/vram_peak_mb,556,710.3740630149841,39796.703125
pi05_full_fix,perf/vram_peak_mb,558,711.8778338432312,39796.703125
pi05_full_fix,perf/vram_peak_mb,559,713.5337874889374,39796.703125
pi05_full_fix,perf/vram_peak_mb,560,715.1811609268188,39796.703125
pi05_full_fix,perf/vram_peak_mb,562,716.68599152565,39796.703125
pi05_full_fix,perf/vram_peak_mb,563,718.3341047763824,39796.703125
pi05_full_fix,perf/vram_peak_mb,564,719.9832577705383,39796.703125
pi05_full_fix,perf/vram_peak_mb,566,721.4883244037628,39796.703125
pi05_full_fix,perf/vram_peak_mb,567,722.9922568798065,39796.703125
pi05_full_fix,perf/vram_peak_mb,568,724.864743232727,39796.703125
pi05_full_fix,perf/vram_peak_mb,570,726.3693578243256,39796.703125
pi05_full_fix,perf/vram_peak_mb,571,727.8731667995453,39796.703125
pi05_full_fix,perf/vram_peak_mb,572,729.8178253173828,39796.703125
pi05_full_fix,perf/vram_peak_mb,574,731.4881761074066,39796.703125
pi05_full_fix,perf/vram_peak_mb,575,733.1206381320953,39796.703125
pi05_full_fix,perf/vram_peak_mb,576,734.7870824337006,39796.703125
pi05_full_fix,perf/vram_peak_mb,578,736.2925102710724,39796.703125
pi05_full_fix,perf/vram_peak_mb,579,737.9368171691895,39796.703125
pi05_full_fix,perf/vram_peak_mb,580,739.5865097045898,39796.703125
pi05_full_fix,perf/vram_peak_mb,582,741.0931885242462,39796.75
pi05_full_fix,perf/vram_peak_mb,583,742.5969812870026,39796.75
pi05_full_fix,perf/vram_peak_mb,584,744.2536163330078,39796.75
pi05_full_fix,perf/vram_peak_mb,585,745.8641560077667,39796.75
pi05_full_fix,perf/vram_peak_mb,587,747.3679480552673,39796.75
pi05_full_fix,perf/vram_peak_mb,588,749.1815032958984,39796.75
pi05_full_fix,perf/vram_peak_mb,589,750.6851692199707,39796.75
pi05_full_fix,perf/vram_peak_mb,591,752.1889374256134,39796.75
pi05_full_fix,perf/vram_peak_mb,592,753.6923835277557,39796.75
pi05_full_fix,perf/vram_peak_mb,593,755.3087310791016,39796.75
pi05_full_fix,perf/vram_peak_mb,594,757.0270071029663,39796.75
pi05_full_fix,perf/vram_peak_mb,596,758.5363128185272,39796.75
pi05_full_fix,perf/vram_peak_mb,597,760.2965693473816,39796.75
pi05_full_fix,perf/vram_peak_mb,598,761.8255391120911,39796.75
pi05_full_fix,perf/vram_peak_mb,599,763.3998861312866,39796.75
pi05_full_fix,perf/vram_peak_mb,601,764.9043757915497,39796.75
pi05_full_fix,perf/vram_peak_mb,602,766.8262958526611,39796.75
pi05_full_fix,perf/vram_peak_mb,604,768.3348033428192,39796.75
pi05_full_fix,perf/vram_peak_mb,605,769.8412051200867,39796.75
pi05_full_fix,perf/vram_peak_mb,606,771.8196470737457,39796.75
pi05_full_fix,perf/vram_peak_mb,608,773.5467729568481,39796.75
pi05_full_fix,perf/vram_peak_mb,609,775.138911485672,39796.75
pi05_full_fix,perf/vram_peak_mb,610,776.9173378944397,39796.75
pi05_full_fix,perf/vram_peak_mb,612,778.421275138855,39796.75
pi05_full_fix,perf/vram_peak_mb,613,780.1956250667572,39796.75
pi05_full_fix,perf/vram_peak_mb,615,781.7730967998505,39796.75
pi05_full_fix,perf/vram_peak_mb,616,783.5291075706482,39796.75
pi05_full_fix,perf/vram_peak_mb,617,785.328643321991,39796.75
pi05_full_fix,perf/vram_peak_mb,618,786.833247423172,39796.75
pi05_full_fix,perf/vram_peak_mb,620,788.336672782898,39796.75
pi05_full_fix,perf/vram_peak_mb,621,790.1986713409424,39796.75
pi05_full_fix,perf/vram_peak_mb,623,791.7019073963165,39796.75
pi05_full_fix,perf/vram_peak_mb,624,793.210039138794,39796.75
pi05_full_fix,perf/vram_peak_mb,625,794.713907957077,39796.75
pi05_full_fix,perf/vram_peak_mb,626,796.6448097229004,39796.75
pi05_full_fix,perf/vram_peak_mb,628,798.1510009765625,39796.75
pi05_full_fix,perf/vram_peak_mb,629,799.8104131221771,39796.75
pi05_full_fix,perf/vram_peak_mb,630,801.4547550678253,39796.75
pi05_full_fix,perf/vram_peak_mb,632,802.9584877490997,39796.75
pi05_full_fix,perf/vram_peak_mb,633,804.809820652008,39796.75
pi05_full_fix,perf/vram_peak_mb,634,806.3940486907959,39796.75
pi05_full_fix,perf/vram_peak_mb,636,807.8971951007843,39796.75
pi05_full_fix,perf/vram_peak_mb,637,809.5535354614258,39796.75
pi05_full_fix,perf/vram_peak_mb,638,811.1999218463898,39796.75
pi05_full_fix,perf/vram_peak_mb,640,812.7038953304291,39796.75
pi05_full_fix,perf/vram_peak_mb,641,814.349846124649,39796.75
pi05_full_fix,perf/vram_peak_mb,642,816.2009515762329,39796.75
pi05_full_fix,perf/vram_peak_mb,644,817.7049224376678,39796.75
pi05_full_fix,perf/vram_peak_mb,645,819.3640904426575,39796.75
pi05_full_fix,perf/vram_peak_mb,646,821.0192196369171,39796.75
pi05_full_fix,perf/vram_peak_mb,648,822.5246624946594,39796.75
pi05_full_fix,perf/vram_peak_mb,649,824.1682114601135,39796.75
pi05_full_fix,perf/vram_peak_mb,650,826.0958216190338,39796.75
pi05_full_fix,perf/vram_peak_mb,652,827.5997483730316,39796.75
pi05_full_fix,perf/vram_peak_mb,653,829.3601126670837,39796.75
pi05_full_fix,perf/vram_peak_mb,654,830.8969593048096,39796.75
pi05_full_fix,perf/vram_peak_mb,656,832.401415348053,39796.75
pi05_full_fix,perf/vram_peak_mb,657,834.072048664093,39796.75
pi05_full_fix,perf/vram_peak_mb,658,835.7138705253601,39796.75
pi05_full_fix,perf/vram_peak_mb,659,837.2192523479462,39796.75
pi05_full_fix,perf/vram_peak_mb,661,838.7229261398315,39796.75
pi05_full_fix,perf/vram_peak_mb,662,840.477420091629,39796.75
pi05_full_fix,perf/vram_peak_mb,663,842.0163879394531,39796.75
pi05_full_fix,perf/vram_peak_mb,665,843.5303330421448,39796.75
pi05_full_fix,perf/vram_peak_mb,666,845.2068889141083,39796.75
pi05_full_fix,perf/vram_peak_mb,667,846.837287902832,39796.75
pi05_full_fix,perf/vram_peak_mb,668,848.3430123329163,39796.75
pi05_full_fix,perf/vram_peak_mb,670,849.8467755317688,39796.75
pi05_full_fix,perf/vram_peak_mb,671,851.4668426513672,39796.75
pi05_full_fix,perf/vram_peak_mb,672,853.1132116317749,39796.75
pi05_full_fix,perf/vram_peak_mb,674,854.6230244636536,39796.75
pi05_full_fix,perf/vram_peak_mb,675,856.2743079662323,39796.75
pi05_full_fix,perf/vram_peak_mb,676,857.9217200279236,39796.75
pi05_full_fix,perf/vram_peak_mb,677,859.4277536869049,39796.75
pi05_full_fix,perf/vram_peak_mb,679,860.9330585002899,39796.75
pi05_full_fix,perf/vram_peak_mb,680,862.605073928833,39796.75
pi05_full_fix,perf/vram_peak_mb,681,864.2289843559265,39796.75
pi05_full_fix,perf/vram_peak_mb,683,865.7323887348175,39796.75
pi05_full_fix,perf/vram_peak_mb,684,867.3745586872101,39796.75
pi05_full_fix,perf/vram_peak_mb,685,869.1536870002747,39796.75
pi05_full_fix,perf/vram_peak_mb,686,870.6605017185211,39796.75
pi05_full_fix,perf/vram_peak_mb,688,872.1648278236389,39796.75
pi05_full_fix,perf/vram_peak_mb,689,873.8664085865021,39796.75
pi05_full_fix,perf/vram_peak_mb,690,875.4559559822083,39796.75
pi05_full_fix,perf/vram_peak_mb,692,876.9596257209778,39796.75
pi05_full_fix,perf/vram_peak_mb,693,878.6183445453644,39796.75
pi05_full_fix,perf/vram_peak_mb,694,880.5259749889374,39796.75
pi05_full_fix,perf/vram_peak_mb,696,882.0364234447479,39796.75
pi05_full_fix,perf/vram_peak_mb,697,883.6925792694092,39796.75
pi05_full_fix,perf/vram_peak_mb,698,885.3294522762299,39796.75
pi05_full_fix,perf/vram_peak_mb,700,886.8345441818237,39796.75
pi05_full_fix,perf/vram_peak_mb,701,888.5869340896606,39796.75
pi05_full_fix,perf/vram_peak_mb,702,890.540967464447,39796.75
pi05_full_fix,perf/vram_peak_mb,704,892.047016620636,39796.75
pi05_full_fix,perf/vram_peak_mb,705,893.6771183013916,39796.75
pi05_full_fix,perf/vram_peak_mb,706,895.3293271064758,39796.75
pi05_full_fix,perf/vram_peak_mb,708,896.832656621933,39796.75
pi05_full_fix,perf/vram_peak_mb,709,898.435905456543,39796.75
pi05_full_fix,perf/vram_peak_mb,710,900.1232342720032,39796.75
pi05_full_fix,perf/vram_peak_mb,711,901.6784601211548,39796.75
pi05_full_fix,perf/vram_peak_mb,713,903.1821534633636,39796.75
pi05_full_fix,perf/vram_peak_mb,714,904.7395136356354,39796.75
pi05_full_fix,perf/vram_peak_mb,715,906.4879021644592,39796.75
pi05_full_fix,perf/vram_peak_mb,717,907.9922864437103,39796.75
pi05_full_fix,perf/vram_peak_mb,718,909.5512609481812,39796.75
pi05_full_fix,perf/vram_peak_mb,719,911.3159160614014,39796.75
pi05_full_fix,perf/vram_peak_mb,721,912.8244321346283,39796.75
pi05_full_fix,perf/vram_peak_mb,722,914.3280453681946,39796.75
pi05_full_fix,perf/vram_peak_mb,723,916.2306635379791,39796.75
pi05_full_fix,perf/vram_peak_mb,725,917.734623670578,39796.75
pi05_full_fix,perf/vram_peak_mb,726,919.2604591846466,39796.75
pi05_full_fix,perf/vram_peak_mb,727,921.1456587314606,39796.75
pi05_full_fix,perf/vram_peak_mb,728,922.7228257656097,39796.75
pi05_full_fix,perf/vram_peak_mb,730,924.2274446487427,39796.75
pi05_full_fix,perf/vram_peak_mb,731,925.9187572002411,39796.75
pi05_full_fix,perf/vram_peak_mb,732,927.5244560241699,39796.75
pi05_full_fix,perf/vram_peak_mb,734,929.0287075042725,39796.75
pi05_full_fix,perf/vram_peak_mb,735,930.6961147785187,39796.75
pi05_full_fix,perf/vram_peak_mb,736,932.3255987167358,39796.75
pi05_full_fix,perf/vram_peak_mb,737,933.8771057128906,39796.75
pi05_full_fix,perf/vram_peak_mb,739,935.3826022148132,39796.75
pi05_full_fix,perf/vram_peak_mb,740,936.9839158058167,39796.75
pi05_full_fix,perf/vram_peak_mb,741,938.6852223873138,39796.75
pi05_full_fix,perf/vram_peak_mb,743,940.1900112628937,39796.75
pi05_full_fix,perf/vram_peak_mb,744,941.8372030258179,39796.75
pi05_full_fix,perf/vram_peak_mb,745,943.6964223384857,39796.75
pi05_full_fix,perf/vram_peak_mb,747,945.2014675140381,39796.75
pi05_full_fix,perf/vram_peak_mb,748,946.7048125267029,39796.75
pi05_full_fix,perf/vram_peak_mb,749,948.6699850559235,39796.75
pi05_full_fix,perf/vram_peak_mb,751,950.1770989894867,39796.75
pi05_full_fix,perf/vram_peak_mb,752,951.8236582279205,39796.75
pi05_full_fix,perf/vram_peak_mb,753,953.4752280712128,39796.75
pi05_full_fix,perf/vram_peak_mb,754,955.0348641872406,39796.75
pi05_full_fix,perf/vram_peak_mb,756,956.5424716472626,39796.75
pi05_full_fix,perf/vram_peak_mb,757,958.1983654499054,39796.75
pi05_full_fix,perf/vram_peak_mb,758,959.8533358573914,39796.75
pi05_full_fix,perf/vram_peak_mb,760,961.3579931259155,39796.75
pi05_full_fix,perf/vram_peak_mb,761,963.1035678386688,39796.75
pi05_full_fix,perf/vram_peak_mb,762,964.6533582210541,39796.75
pi05_full_fix,perf/vram_peak_mb,763,966.2047231197357,39796.75
pi05_full_fix,perf/vram_peak_mb,765,967.708414554596,39796.75
pi05_full_fix,perf/vram_peak_mb,766,969.3760457038879,39796.75
pi05_full_fix,perf/vram_peak_mb,767,971.0007190704346,39796.75
pi05_full_fix,perf/vram_peak_mb,769,972.5065732002258,39796.75
pi05_full_fix,perf/vram_peak_mb,770,974.2349808216095,39796.75
pi05_full_fix,perf/vram_peak_mb,771,975.7931337356567,39796.75
pi05_full_fix,perf/vram_peak_mb,772,977.3672022819519,39796.75
pi05_full_fix,perf/vram_peak_mb,774,978.8712079524994,39796.75
pi05_full_fix,perf/vram_peak_mb,775,980.4344980716705,39796.75
pi05_full_fix,perf/vram_peak_mb,776,982.1665682792664,39796.75
pi05_full_fix,perf/vram_peak_mb,778,983.6699326038361,39796.75
pi05_full_fix,perf/vram_peak_mb,779,985.4108605384827,39796.75
pi05_full_fix,perf/vram_peak_mb,780,986.9542553424835,39796.75
pi05_full_fix,perf/vram_peak_mb,781,988.5134546756744,39796.75
pi05_full_fix,perf/vram_peak_mb,783,990.0188105106354,39796.75
pi05_full_fix,perf/vram_peak_mb,784,991.6404423713684,39796.75
pi05_full_fix,perf/vram_peak_mb,785,993.3011751174927,39796.75
pi05_full_fix,perf/vram_peak_mb,787,994.8054735660553,39796.75
pi05_full_fix,perf/vram_peak_mb,788,996.5401127338409,39796.75
pi05_full_fix,perf/vram_peak_mb,789,998.4731395244598,39796.75
pi05_full_fix,perf/vram_peak_mb,791,999.9788780212402,39796.75
pi05_full_fix,perf/vram_peak_mb,792,1001.7329006195068,39796.75
pi05_full_fix,perf/vram_peak_mb,793,1003.2675795555115,39796.75
pi05_full_fix,perf/vram_peak_mb,795,1004.7712726593018,39796.75
pi05_full_fix,perf/vram_peak_mb,796,1006.5364909172058,39796.75
pi05_full_fix,perf/vram_peak_mb,797,1008.1985397338867,39796.75
pi05_full_fix,perf/vram_peak_mb,799,1009.7035572528839,39796.75
pi05_full_fix,perf/vram_peak_mb,800,1011.3754980564117,39796.75
pi05_full_fix,perf/vram_peak_mb,801,1012.9977786540985,39796.75
pi05_full_fix,perf/vram_peak_mb,803,1014.5020711421967,39796.75
pi05_full_fix,perf/vram_peak_mb,804,1016.2748138904572,39796.75
pi05_full_fix,perf/vram_peak_mb,805,1017.7853353023529,39796.75
pi05_full_fix,perf/vram_peak_mb,806,1019.3593111038208,39796.75
pi05_full_fix,perf/vram_peak_mb,808,1020.8630242347717,39796.75
pi05_full_fix,perf/vram_peak_mb,809,1022.408262014389,39796.75
pi05_full_fix,perf/vram_peak_mb,810,1024.165649652481,39796.75
pi05_full_fix,perf/vram_peak_mb,812,1025.6710777282715,39796.75
pi05_full_fix,perf/vram_peak_mb,813,1027.4403457641602,39796.75
pi05_full_fix,perf/vram_peak_mb,814,1028.950939655304,39796.75
pi05_full_fix,perf/vram_peak_mb,815,1030.4960379600525,39796.75
pi05_full_fix,perf/vram_peak_mb,817,1032.0002326965332,39796.75
pi05_full_fix,perf/vram_peak_mb,818,1033.7538731098175,39796.75
pi05_full_fix,perf/vram_peak_mb,819,1035.2940542697906,39796.75
pi05_full_fix,perf/vram_peak_mb,821,1036.799226284027,39796.75
pi05_full_fix,perf/vram_peak_mb,822,1038.5553560256958,39796.75
pi05_full_fix,perf/vram_peak_mb,823,1040.0958807468414,39796.75
pi05_full_fix,perf/vram_peak_mb,824,1041.6736495494843,39796.89453125
pi05_full_fix,perf/vram_peak_mb,826,1043.1780426502228,39796.89453125
pi05_full_fix,perf/vram_peak_mb,827,1044.8131811618805,39796.89453125
pi05_full_fix,perf/vram_peak_mb,828,1046.4693269729614,39796.89453125
pi05_full_fix,perf/vram_peak_mb,830,1047.9732193946838,39796.89453125
pi05_full_fix,perf/vram_peak_mb,831,1049.7060351371765,39796.89453125
pi05_full_fix,perf/vram_peak_mb,832,1051.2653965950012,39796.89453125
pi05_full_fix,perf/vram_peak_mb,833,1052.923351764679,39796.89453125
pi05_full_fix,perf/vram_peak_mb,835,1054.4296176433563,39796.89453125
pi05_full_fix,perf/vram_peak_mb,836,1056.1808297634125,39796.89453125
pi05_full_fix,perf/vram_peak_mb,837,1057.7247595787048,39796.89453125
pi05_full_fix,perf/vram_peak_mb,839,1059.2332618236542,39796.89453125
pi05_full_fix,perf/vram_peak_mb,840,1060.9115018844604,39796.89453125
pi05_full_fix,perf/vram_peak_mb,841,1062.5346429347992,39796.89453125
pi05_full_fix,perf/vram_peak_mb,842,1064.0982012748718,39796.89453125
pi05_full_fix,perf/vram_peak_mb,844,1065.6028308868408,39796.89453125
pi05_full_fix,perf/vram_peak_mb,845,1067.2764022350311,39796.89453125
pi05_full_fix,perf/vram_peak_mb,846,1068.9175870418549,39796.89453125
pi05_full_fix,perf/vram_peak_mb,848,1070.420636177063,39796.89453125
pi05_full_fix,perf/vram_peak_mb,849,1071.994550704956,39796.89453125
pi05_full_fix,perf/vram_peak_mb,850,1073.7401099205017,39796.89453125
pi05_full_fix,perf/vram_peak_mb,852,1075.243640422821,39796.89453125
pi05_full_fix,perf/vram_peak_mb,853,1076.748132944107,39796.89453125
pi05_full_fix,perf/vram_peak_mb,854,1078.6147365570068,39796.89453125
pi05_full_fix,perf/vram_peak_mb,856,1080.1191220283508,39796.89453125
pi05_full_fix,perf/vram_peak_mb,857,1081.6238641738892,39796.89453125
pi05_full_fix,perf/vram_peak_mb,858,1083.5619575977325,39796.89453125
pi05_full_fix,perf/vram_peak_mb,859,1085.0671572685242,39796.89453125
pi05_full_fix,perf/vram_peak_mb,861,1086.574767589569,39796.89453125
pi05_full_fix,perf/vram_peak_mb,862,1088.3394944667816,39796.89453125
pi05_full_fix,perf/vram_peak_mb,863,1089.8644433021545,39796.89453125
pi05_full_fix,perf/vram_peak_mb,865,1091.3678975105286,39796.89453125
pi05_full_fix,perf/vram_peak_mb,866,1093.0145995616913,39796.89453125
pi05_full_fix,perf/vram_peak_mb,867,1094.6740338802338,39796.89453125
pi05_full_fix,perf/vram_peak_mb,869,1096.359884262085,39796.89453125
pi05_full_fix,perf/vram_peak_mb,870,1098.0251986980438,39796.89453125
pi05_full_fix,perf/vram_peak_mb,871,1099.656176328659,39796.89453125
pi05_full_fix,perf/vram_peak_mb,873,1101.160662651062,39796.89453125
pi05_full_fix,perf/vram_peak_mb,874,1102.8369681835175,39796.89453125
pi05_full_fix,perf/vram_peak_mb,875,1104.4615783691406,39796.89453125
pi05_full_fix,perf/vram_peak_mb,877,1105.9655849933624,39796.89453125
pi05_full_fix,perf/vram_peak_mb,878,1107.5531797409058,39796.89453125
pi05_full_fix,perf/vram_peak_mb,879,1109.3379893302917,39796.89453125
pi05_full_fix,perf/vram_peak_mb,881,1110.8416500091553,39796.89453125
pi05_full_fix,perf/vram_peak_mb,882,1112.4904265403748,39796.89453125
pi05_full_fix,perf/vram_peak_mb,883,1114.1599266529083,39796.89453125
pi05_full_fix,perf/vram_peak_mb,885,1115.6632628440857,39796.89453125
pi05_full_fix,perf/vram_peak_mb,886,1117.166724205017,39796.89453125
pi05_full_fix,perf/vram_peak_mb,887,1119.038212776184,39796.89453125
pi05_full_fix,perf/vram_peak_mb,889,1120.5422842502594,39796.89453125
pi05_full_fix,perf/vram_peak_mb,890,1122.0455090999603,39796.89453125
pi05_full_fix,perf/vram_peak_mb,891,1123.9749970436096,39796.89453125
pi05_full_fix,perf/vram_peak_mb,893,1125.479002714157,39796.89453125
pi05_full_fix,perf/vram_peak_mb,894,1127.0293595790863,39796.89453125
pi05_full_fix,perf/vram_peak_mb,895,1128.9105570316315,39796.89453125
pi05_full_fix,perf/vram_peak_mb,897,1130.4139475822449,39796.89453125
pi05_full_fix,perf/vram_peak_mb,898,1131.9176485538483,39796.89453125
pi05_full_fix,perf/vram_peak_mb,899,1133.8681952953339,39796.89453125
pi05_full_fix,perf/vram_peak_mb,901,1135.371850013733,39796.89453125
pi05_full_fix,perf/vram_peak_mb,902,1137.0089070796967,39796.89453125
pi05_full_fix,perf/vram_peak_mb,903,1138.8838102817535,39796.89453125
pi05_full_fix,perf/vram_peak_mb,905,1140.387413740158,39796.89453125
pi05_full_fix,perf/vram_peak_mb,906,1141.9992220401764,39796.89453125
pi05_full_fix,perf/vram_peak_mb,907,1143.7028019428253,39796.89453125
pi05_full_fix,perf/vram_peak_mb,909,1145.2086791992188,39796.89453125
pi05_full_fix,perf/vram_peak_mb,910,1146.8276896476746,39796.89453125
pi05_full_fix,perf/vram_peak_mb,911,1148.523606300354,39796.89453125
pi05_full_fix,perf/vram_peak_mb,913,1150.030427455902,39796.89453125
pi05_full_fix,perf/vram_peak_mb,914,1151.5339090824127,39796.89453125
pi05_full_fix,perf/vram_peak_mb,915,1153.2760498523712,39796.89453125
pi05_full_fix,perf/vram_peak_mb,916,1154.779752254486,39796.89453125
pi05_full_fix,perf/vram_peak_mb,918,1156.2923276424408,39796.89453125
pi05_full_fix,perf/vram_peak_mb,919,1158.055902481079,39796.89453125
pi05_full_fix,perf/vram_peak_mb,920,1159.5598104000092,39796.89453125
pi05_full_fix,perf/vram_peak_mb,922,1161.0633001327515,39796.89453125
pi05_full_fix,perf/vram_peak_mb,923,1162.5677373409271,39796.89453125
pi05_full_fix,perf/vram_peak_mb,924,1164.5511434078217,39796.89453125
pi05_full_fix,perf/vram_peak_mb,926,1166.0546875,39796.89453125
pi05_full_fix,perf/vram_peak_mb,927,1167.712969303131,39796.89453125
pi05_full_fix,perf/vram_peak_mb,928,1169.3537318706512,39796.89453125
pi05_full_fix,perf/vram_peak_mb,930,1170.8681471347809,39796.89453125
pi05_full_fix,perf/vram_peak_mb,931,1172.3711705207825,39796.89453125
pi05_full_fix,perf/vram_peak_mb,932,1173.975082874298,39796.89453125
pi05_full_fix,perf/vram_peak_mb,933,1175.6150302886963,39796.89453125
pi05_full_fix,perf/vram_peak_mb,935,1177.1198947429657,39796.89453125
pi05_full_fix,perf/vram_peak_mb,936,1178.7849333286285,39796.89453125
pi05_full_fix,perf/vram_peak_mb,937,1180.429928302765,39796.89453125
pi05_full_fix,perf/vram_peak_mb,939,1181.9367942810059,39796.89453125
pi05_full_fix,perf/vram_peak_mb,940,1183.44007563591,39796.89453125
pi05_full_fix,perf/vram_peak_mb,941,1185.309664964676,39796.89453125
pi05_full_fix,perf/vram_peak_mb,943,1186.8130993843079,39796.89453125
pi05_full_fix,perf/vram_peak_mb,944,1188.3173048496246,39796.89453125
pi05_full_fix,perf/vram_peak_mb,945,1190.2493259906769,39796.89453125
pi05_full_fix,perf/vram_peak_mb,947,1191.9044942855835,39796.89453125
pi05_full_fix,perf/vram_peak_mb,948,1193.5634729862213,39796.89453125
pi05_full_fix,perf/vram_peak_mb,949,1195.1995792388916,39796.89453125
pi05_full_fix,perf/vram_peak_mb,951,1196.7032914161682,39796.89453125
pi05_full_fix,perf/vram_peak_mb,952,1198.3636474609375,39796.89453125
pi05_full_fix,perf/vram_peak_mb,953,1200.0198538303375,39796.89453125
pi05_full_fix,perf/vram_peak_mb,955,1201.5237092971802,39796.89453125
pi05_full_fix,perf/vram_peak_mb,956,1203.0279421806335,39796.89453125
pi05_full_fix,perf/vram_peak_mb,957,1205.0181376934052,39796.89453125
pi05_full_fix,perf/vram_peak_mb,959,1206.5217490196228,39796.89453125
pi05_full_fix,perf/vram_peak_mb,960,1208.15908741951,39796.89453125
pi05_full_fix,perf/vram_peak_mb,961,1209.8541188240051,39796.89453125
pi05_full_fix,perf/vram_peak_mb,963,1211.358241558075,39796.89453125
pi05_full_fix,perf/vram_peak_mb,964,1212.9102330207825,39796.89453125
pi05_full_fix,perf/vram_peak_mb,965,1214.79732131958,39796.89453125
pi05_full_fix,perf/vram_peak_mb,967,1216.3009474277496,39796.89453125
pi05_full_fix,perf/vram_peak_mb,968,1217.806282043457,39796.89453125
pi05_full_fix,perf/vram_peak_mb,969,1219.7553453445435,39796.89453125
pi05_full_fix,perf/vram_peak_mb,971,1221.2592701911926,39796.89453125
pi05_full_fix,perf/vram_peak_mb,972,1223.016571521759,39796.89453125
pi05_full_fix,perf/vram_peak_mb,973,1224.933155298233,39796.89453125
pi05_full_fix,perf/vram_peak_mb,975,1226.4366900920868,39796.89453125
pi05_full_fix,perf/vram_peak_mb,976,1228.0866029262543,39796.89453125
pi05_full_fix,perf/vram_peak_mb,977,1229.742476940155,39796.89453125
pi05_full_fix,perf/vram_peak_mb,979,1231.247222185135,39796.89453125
pi05_full_fix,perf/vram_peak_mb,980,1232.9543206691742,39796.89453125
pi05_full_fix,perf/vram_peak_mb,981,1234.866844177246,39796.89453125
pi05_full_fix,perf/vram_peak_mb,983,1236.3716554641724,39796.89453125
pi05_full_fix,perf/vram_peak_mb,984,1238.0463573932648,39796.89453125
pi05_full_fix,perf/vram_peak_mb,985,1239.6732573509216,39796.89453125
pi05_full_fix,perf/vram_peak_mb,987,1241.1763818264008,39796.89453125
pi05_full_fix,perf/vram_peak_mb,988,1242.8454523086548,39796.89453125
pi05_full_fix,perf/vram_peak_mb,989,1244.8186857700348,39796.89453125
pi05_full_fix,perf/vram_peak_mb,991,1246.3226120471954,39796.89453125
pi05_full_fix,perf/vram_peak_mb,992,1247.976336479187,39796.89453125
pi05_full_fix,perf/vram_peak_mb,993,1249.6402759552002,39796.89453125
pi05_full_fix,perf/vram_peak_mb,995,1251.1450326442719,39796.89453125
pi05_full_fix,perf/vram_peak_mb,996,1252.787365436554,39796.89453125
pi05_full_fix,perf/vram_peak_mb,997,1254.4510991573334,39796.89453125
pi05_full_fix,perf/vram_peak_mb,998,1255.9549384117126,39796.89453125
pi05_full_fix,perf/vram_peak_mb,1000,1257.458413362503,39796.89453125
pi05_full_fix,perf/vram_peak_mb,1000,1259.2920224666595,39796.89453125
pi05_full_fix,perf/vram_peak_mb,1000,1260.8223791122437,39796.89453125
pi05_full_fix,perf/vram_peak_mb,1000,1263.57657289505,39796.89453125
pi05_full_fix,perf/vram_peak_mb,1000,1265.177913427353,39796.89453125
pi05_full_fix,perf/vram_peak_mb,1000,1266.743367433548,39796.89453125
pi05_full_fix,perf/vram_peak_mb,1000,1268.2835433483124,39796.89453125
pi05_full_fix,perf/vram_peak_mb,1000,1269.9028255939484,39796.89453125
pi05_full_fix,perf/vram_peak_mb,1000,1271.430053949356,39796.89453125
pi05_full_fix,perf/vram_peak_mb,1000,1272.9527525901794,39796.89453125
pi05_full_fix,perf/vram_peak_mb,1000,1274.4819004535675,39796.89453125
pi05_full_fix,perf/vram_peak_mb,1000,1275.9948790073395,39796.89453125
pi05_full_fix,perf/vram_peak_mb,1000,1277.5163226127625,39796.89453125
pi05_full_fix,perf/vram_peak_mb,1000,1279.0426683425903,39796.89453125
pi05_full_fix,perf/vram_peak_mb,1000,1280.6960880756378,39796.89453125
pi05_full_fix,perf/vram_peak_mb,1000,1282.200058221817,39796.89453125
pi05_full_fix,perf/vram_peak_mb,1000,1283.7080235481262,39796.89453125
pi05_full_fix,perf/vram_peak_mb,1000,1285.3177635669708,39796.89453125
pi05_full_fix,perf/vram_peak_mb,1000,1286.9486639499664,39796.89453125
pi05_full_fix,perf/vram_peak_mb,1000,1288.4821360111237,39796.89453125
pi05_full_fix,perf/vram_peak_mb,1000,1290.0520737171173,39796.89453125
pi05_full_fix,perf/vram_peak_mb,1000,1291.6323909759521,39796.89453125
pi05_full_fix,perf/vram_peak_mb,1000,1293.2489416599274,39796.89453125
pi05_full_fix,perf/vram_peak_mb,1000,1294.8175163269043,39796.89453125
pi05_full_fix,perf/vram_peak_mb,1000,1296.3938522338867,39796.89453125
pi05_full_fix,perf/vram_peak_mb,1000,1297.9091353416443,39796.89453125
pi05_full_fix,perf/vram_peak_mb,1000,1299.420113325119,39796.89453125
pi05_full_fix,perf/vram_peak_mb,1000,1301.3856029510498,39796.89453125
pi05_full_fix,perf/vram_peak_mb,1000,1302.8921246528625,39796.89453125
pi05_full_fix,perf/vram_peak_mb,1000,1304.3970110416412,39796.89453125
pi05_full_fix,perf/vram_peak_mb,1000,1305.9010031223297,39796.89453125
pi05_full_fix,perf/vram_peak_mb,1000,1307.407645225525,39796.89453125
pi05_full_fix,perf/vram_peak_mb,1000,1308.912208557129,39796.89453125
pi05_full_fix,perf/vram_peak_mb,1000,1310.4168276786804,39796.89453125
pi05_full_fix,perf/vram_peak_mb,1000,1311.9205000400543,39796.89453125
pi05_full_fix,perf/vram_peak_mb,1000,1313.705872297287,39796.89453125
pi05_full_fix,perf/vram_peak_mb,1000,1315.2177693843842,39796.89453125
pi05_full_fix,perf/vram_peak_mb,1000,1317.187117099762,39796.89453125
pi05_full_fix,perf/vram_peak_mb,1000,1318.7426874637604,39796.89453125
pi05_full_fix,perf/vram_peak_mb,1000,1320.3377079963684,39796.89453125
pi05_full_fix,perf/vram_peak_mb,1000,1321.9429032802582,39796.89453125
pi05_full_fix,perf/vram_peak_mb,1000,1323.4881584644318,39796.89453125
pi05_full_fix,perf/vram_peak_mb,1000,1325.134004354477,39796.89453125
pi05_full_fix,perf/vram_peak_mb,1000,1326.652808189392,39796.89453125
pi05_full_fix,perf/vram_peak_mb,1000,1328.1726801395416,39796.89453125
pi05_full_fix,perf/vram_peak_mb,1000,1329.6883971691132,39796.89453125
pi05_full_fix,perf/vram_peak_mb,1000,1332.0514731407166,39796.89453125
pi05_full_fix,perf/vram_peak_mb,1000,1333.555470943451,39796.89453125
pi05_full_fix,perf/vram_peak_mb,1000,1335.172459602356,39796.89453125
pi05_full_fix,perf/vram_peak_mb,1000,1336.7908029556274,39796.89453125
pi05_full_fix,perf/vram_peak_mb,1000,1338.383303642273,39796.89453125
pi05_full_fix,perf/vram_peak_mb,1000,1339.9743885993958,39796.89453125
pi05_full_fix,perf/vram_peak_mb,1000,1341.514422416687,39796.89453125
pi05_full_fix,perf/vram_peak_mb,1000,1343.148342370987,39796.89453125
pi05_full_fix,perf/vram_peak_mb,1000,1344.6657361984253,39796.89453125
pi05_full_fix,perf/vram_peak_mb,1000,1346.1894733905792,39796.89453125
pi05_full_fix,perf/vram_peak_mb,1000,1347.7386045455933,39796.89453125
pi05_full_fix,perf/vram_peak_mb,1000,1349.2593140602112,39796.89453125
pi05_full_fix,perf/vram_peak_mb,1000,1350.7963514328003,39796.89453125
pi05_full_fix,perf/vram_peak_mb,1000,1352.7505941390991,39796.89453125
pi05_full_fix,perf/vram_peak_mb,1000,1354.2542345523834,39796.89453125
pi05_full_fix,perf/vram_peak_mb,1000,1355.7588589191437,39796.89453125
pi05_full_fix,perf/vram_peak_mb,1000,1357.26269364357,39796.89453125
pi05_full_fix,perf/vram_peak_mb,1000,1358.7666618824005,39796.89453125
pi05_full_fix,perf/vram_peak_mb,1000,1360.2707161903381,39796.89453125
pi05_full_fix,perf/vram_peak_mb,1000,1361.776666879654,39796.89453125
pi05_full_fix,perf/vram_peak_mb,1000,1363.2830746173859,39796.89453125
pi05_full_fix,perf/gpu_util_pct,0,0.01025080680847168,0.0
pi05_full_fix,perf/gpu_util_pct,0,1.5145134925842285,0.0
pi05_full_fix,perf/gpu_util_pct,0,3.019085168838501,0.0
pi05_full_fix,perf/gpu_util_pct,0,4.5230913162231445,0.0
pi05_full_fix,perf/gpu_util_pct,0,6.030827283859253,0.0
pi05_full_fix,perf/gpu_util_pct,0,7.5357825756073,0.0
pi05_full_fix,perf/gpu_util_pct,0,9.039796352386475,0.0
pi05_full_fix,perf/gpu_util_pct,0,10.544095754623413,0.0
pi05_full_fix,perf/gpu_util_pct,0,12.08765435218811,0.0
pi05_full_fix,perf/gpu_util_pct,0,13.617539167404175,0.0
pi05_full_fix,perf/gpu_util_pct,0,15.1321542263031,0.0
pi05_full_fix,perf/gpu_util_pct,0,16.636978149414062,0.0
pi05_full_fix,perf/gpu_util_pct,0,18.14316987991333,0.0
pi05_full_fix,perf/gpu_util_pct,0,19.64902400970459,0.0
pi05_full_fix,perf/gpu_util_pct,0,21.153078079223633,12.0
pi05_full_fix,perf/gpu_util_pct,1,22.716173887252808,32.0
pi05_full_fix,perf/gpu_util_pct,2,24.221599578857422,86.0
pi05_full_fix,perf/gpu_util_pct,3,25.83390164375305,0.0
pi05_full_fix,perf/gpu_util_pct,4,27.734962224960327,100.0
pi05_full_fix,perf/gpu_util_pct,6,29.239198684692383,100.0
pi05_full_fix,perf/gpu_util_pct,7,30.82096219062805,96.0
pi05_full_fix,perf/gpu_util_pct,8,32.61557865142822,100.0
pi05_full_fix,perf/gpu_util_pct,10,34.11966061592102,100.0
pi05_full_fix,perf/gpu_util_pct,11,35.689457654953,100.0
pi05_full_fix,perf/gpu_util_pct,12,37.22370457649231,0.0
pi05_full_fix,perf/gpu_util_pct,13,39.03592658042908,100.0
pi05_full_fix,perf/gpu_util_pct,15,40.5421929359436,100.0
pi05_full_fix,perf/gpu_util_pct,16,42.204805850982666,100.0
pi05_full_fix,perf/gpu_util_pct,17,43.8486487865448,100.0
pi05_full_fix,perf/gpu_util_pct,19,45.41881585121155,81.0
pi05_full_fix,perf/gpu_util_pct,20,46.925113916397095,96.0
pi05_full_fix,perf/gpu_util_pct,21,48.75558662414551,100.0
pi05_full_fix,perf/gpu_util_pct,23,50.25888705253601,100.0
pi05_full_fix,perf/gpu_util_pct,24,51.76381587982178,96.0
pi05_full_fix,perf/gpu_util_pct,25,53.713294506073,100.0
pi05_full_fix,perf/gpu_util_pct,27,55.21688961982727,84.0
pi05_full_fix,perf/gpu_util_pct,28,56.85814571380615,100.0
pi05_full_fix,perf/gpu_util_pct,29,58.51362109184265,100.0
pi05_full_fix,perf/gpu_util_pct,30,60.01724410057068,100.0
pi05_full_fix,perf/gpu_util_pct,32,61.5215163230896,100.0
pi05_full_fix,perf/gpu_util_pct,33,63.36366605758667,100.0
pi05_full_fix,perf/gpu_util_pct,35,64.86702060699463,100.0
pi05_full_fix,perf/gpu_util_pct,36,66.37128520011902,100.0
pi05_full_fix,perf/gpu_util_pct,37,68.38198399543762,100.0
pi05_full_fix,perf/gpu_util_pct,38,69.97506666183472,100.0
pi05_full_fix,perf/gpu_util_pct,40,71.47832465171814,90.0
pi05_full_fix,perf/gpu_util_pct,41,73.12871170043945,100.0
pi05_full_fix,perf/gpu_util_pct,42,74.8004240989685,100.0
pi05_full_fix,perf/gpu_util_pct,44,76.30671787261963,94.0
pi05_full_fix,perf/gpu_util_pct,45,77.9763343334198,100.0
pi05_full_fix,perf/gpu_util_pct,46,79.606529712677,100.0
pi05_full_fix,perf/gpu_util_pct,47,81.11001586914062,100.0
pi05_full_fix,perf/gpu_util_pct,49,82.61464929580688,91.0
pi05_full_fix,perf/gpu_util_pct,50,84.38309288024902,100.0
pi05_full_fix,perf/gpu_util_pct,51,85.92263126373291,100.0
pi05_full_fix,perf/gpu_util_pct,53,87.42589211463928,86.0
pi05_full_fix,perf/gpu_util_pct,54,89.0770673751831,100.0
pi05_full_fix,perf/gpu_util_pct,55,90.78000926971436,100.0
pi05_full_fix,perf/gpu_util_pct,56,92.30317425727844,100.0
pi05_full_fix,perf/gpu_util_pct,58,93.80993056297302,90.0
pi05_full_fix,perf/gpu_util_pct,59,95.48070168495178,100.0
pi05_full_fix,perf/gpu_util_pct,60,97.09548735618591,100.0
pi05_full_fix,perf/gpu_util_pct,62,98.59983348846436,90.0
pi05_full_fix,perf/gpu_util_pct,63,100.35297870635986,100.0
pi05_full_fix,perf/gpu_util_pct,64,102.1445095539093,100.0
pi05_full_fix,perf/gpu_util_pct,66,103.64912819862366,92.0
pi05_full_fix,perf/gpu_util_pct,67,105.2913658618927,100.0
pi05_full_fix,perf/gpu_util_pct,68,106.94189214706421,100.0
pi05_full_fix,perf/gpu_util_pct,70,108.445641040802,83.0
pi05_full_fix,perf/gpu_util_pct,71,110.20835590362549,100.0
pi05_full_fix,perf/gpu_util_pct,72,111.73594927787781,100.0
pi05_full_fix,perf/gpu_util_pct,73,113.26240634918213,100.0
pi05_full_fix,perf/gpu_util_pct,75,114.7659227848053,83.0
pi05_full_fix,perf/gpu_util_pct,76,116.4197998046875,100.0
pi05_full_fix,perf/gpu_util_pct,77,118.08470821380615,100.0
pi05_full_fix,perf/gpu_util_pct,79,119.65930557250977,90.0
pi05_full_fix,perf/gpu_util_pct,80,121.40163683891296,95.0
pi05_full_fix,perf/gpu_util_pct,81,122.96311783790588,100.0
pi05_full_fix,perf/gpu_util_pct,82,124.55161213874817,100.0
pi05_full_fix,perf/gpu_util_pct,84,126.05756378173828,90.0
pi05_full_fix,perf/gpu_util_pct,85,127.69929695129395,100.0
pi05_full_fix,perf/gpu_util_pct,86,129.35780882835388,100.0
pi05_full_fix,perf/gpu_util_pct,88,130.8610644340515,90.0
pi05_full_fix,perf/gpu_util_pct,89,132.5014841556549,100.0
pi05_full_fix,perf/gpu_util_pct,90,134.15107226371765,100.0
pi05_full_fix,perf/gpu_util_pct,91,135.6543893814087,100.0
pi05_full_fix,perf/gpu_util_pct,93,137.15781617164612,86.0
pi05_full_fix,perf/gpu_util_pct,94,138.93781423568726,100.0
pi05_full_fix,perf/gpu_util_pct,95,140.44125151634216,100.0
pi05_full_fix,perf/gpu_util_pct,97,141.94507098197937,89.0
pi05_full_fix,perf/gpu_util_pct,98,143.79712343215942,100.0
pi05_full_fix,perf/gpu_util_pct,100,145.3003523349762,100.0
pi05_full_fix,perf/gpu_util_pct,101,146.80728387832642,92.0
pi05_full_fix,perf/gpu_util_pct,102,148.310729265213,100.0
pi05_full_fix,perf/gpu_util_pct,103,150.2724165916443,100.0
pi05_full_fix,perf/gpu_util_pct,105,151.77651071548462,92.0
pi05_full_fix,perf/gpu_util_pct,106,153.44602036476135,100.0
pi05_full_fix,perf/gpu_util_pct,107,155.07298612594604,100.0
pi05_full_fix,perf/gpu_util_pct,108,156.59090113639832,100.0
pi05_full_fix,perf/gpu_util_pct,110,158.09440565109253,86.0
pi05_full_fix,perf/gpu_util_pct,111,159.72596144676208,100.0
pi05_full_fix,perf/gpu_util_pct,112,161.39118313789368,100.0
pi05_full_fix,perf/gpu_util_pct,114,162.8951759338379,90.0
pi05_full_fix,perf/gpu_util_pct,115,164.6772129535675,100.0
pi05_full_fix,perf/gpu_util_pct,116,166.18469667434692,100.0
pi05_full_fix,perf/gpu_util_pct,117,167.688720703125,100.0
pi05_full_fix,perf/gpu_util_pct,119,169.19247817993164,93.0
pi05_full_fix,perf/gpu_util_pct,120,170.96478271484375,100.0
pi05_full_fix,perf/gpu_util_pct,121,172.48462295532227,100.0
pi05_full_fix,perf/gpu_util_pct,123,173.9902970790863,90.0
pi05_full_fix,perf/gpu_util_pct,124,175.63621520996094,100.0
pi05_full_fix,perf/gpu_util_pct,125,177.4880120754242,100.0
pi05_full_fix,perf/gpu_util_pct,127,178.99296307563782,100.0
pi05_full_fix,perf/gpu_util_pct,128,180.49831247329712,100.0
pi05_full_fix,perf/gpu_util_pct,129,182.48049187660217,100.0
pi05_full_fix,perf/gpu_util_pct,131,183.9846727848053,100.0
pi05_full_fix,perf/gpu_util_pct,132,185.6353497505188,100.0
pi05_full_fix,perf/gpu_util_pct,133,187.3267662525177,100.0
pi05_full_fix,perf/gpu_util_pct,135,188.82991123199463,100.0
pi05_full_fix,perf/gpu_util_pct,136,190.33333230018616,100.0
pi05_full_fix,perf/gpu_util_pct,137,192.33965468406677,100.0
pi05_full_fix,perf/gpu_util_pct,139,193.84404182434082,89.0
pi05_full_fix,perf/gpu_util_pct,140,195.5067892074585,100.0
pi05_full_fix,perf/gpu_util_pct,141,197.15334367752075,100.0
pi05_full_fix,perf/gpu_util_pct,142,198.72063827514648,100.0
pi05_full_fix,perf/gpu_util_pct,144,200.22420144081116,100.0
pi05_full_fix,perf/gpu_util_pct,145,201.9470431804657,100.0
pi05_full_fix,perf/gpu_util_pct,146,203.51333475112915,100.0
pi05_full_fix,perf/gpu_util_pct,148,205.01687479019165,95.0
pi05_full_fix,perf/gpu_util_pct,149,206.7796814441681,100.0
pi05_full_fix,perf/gpu_util_pct,150,208.30706310272217,100.0
pi05_full_fix,perf/gpu_util_pct,151,209.87292385101318,100.0
pi05_full_fix,perf/gpu_util_pct,153,211.37699246406555,93.0
pi05_full_fix,perf/gpu_util_pct,154,213.05855441093445,100.0
pi05_full_fix,perf/gpu_util_pct,155,214.6796338558197,100.0
pi05_full_fix,perf/gpu_util_pct,157,216.18879556655884,92.0
pi05_full_fix,perf/gpu_util_pct,158,217.87670636177063,100.0
pi05_full_fix,perf/gpu_util_pct,159,219.48751831054688,100.0
pi05_full_fix,perf/gpu_util_pct,160,221.01477336883545,100.0
pi05_full_fix,perf/gpu_util_pct,162,222.51974821090698,81.0
pi05_full_fix,perf/gpu_util_pct,163,224.17456817626953,100.0
pi05_full_fix,perf/gpu_util_pct,164,225.81655025482178,100.0
pi05_full_fix,perf/gpu_util_pct,166,227.32062816619873,81.0
pi05_full_fix,perf/gpu_util_pct,167,229.07772850990295,100.0
pi05_full_fix,perf/gpu_util_pct,168,230.61237740516663,100.0
pi05_full_fix,perf/gpu_util_pct,169,232.26138758659363,100.0
pi05_full_fix,perf/gpu_util_pct,171,233.766836643219,93.0
pi05_full_fix,perf/gpu_util_pct,172,235.49102210998535,100.0
pi05_full_fix,perf/gpu_util_pct,173,237.05729222297668,100.0
pi05_full_fix,perf/gpu_util_pct,175,238.56162095069885,93.0
pi05_full_fix,perf/gpu_util_pct,176,240.19617319107056,96.0
pi05_full_fix,perf/gpu_util_pct,177,241.85213112831116,100.0
pi05_full_fix,perf/gpu_util_pct,178,243.35579323768616,100.0
pi05_full_fix,perf/gpu_util_pct,180,244.8606731891632,100.0
pi05_full_fix,perf/gpu_util_pct,181,246.6602385044098,100.0
pi05_full_fix,perf/gpu_util_pct,182,248.1677930355072,100.0
pi05_full_fix,perf/gpu_util_pct,184,249.6713011264801,100.0
pi05_full_fix,perf/gpu_util_pct,185,251.3871555328369,100.0
pi05_full_fix,perf/gpu_util_pct,186,253.28076338768005,100.0
pi05_full_fix,perf/gpu_util_pct,188,254.79076075553894,94.0
pi05_full_fix,perf/gpu_util_pct,189,256.56209778785706,100.0
pi05_full_fix,perf/gpu_util_pct,190,258.0777790546417,100.0
pi05_full_fix,perf/gpu_util_pct,192,259.5862236022949,92.0
pi05_full_fix,perf/gpu_util_pct,193,261.2227625846863,88.0
pi05_full_fix,perf/gpu_util_pct,194,262.9638316631317,100.0
pi05_full_fix,perf/gpu_util_pct,195,264.4678065776825,100.0
pi05_full_fix,perf/gpu_util_pct,197,265.9713206291199,93.0
pi05_full_fix,perf/gpu_util_pct,198,267.5951519012451,100.0
pi05_full_fix,perf/gpu_util_pct,199,269.253386259079,100.0
pi05_full_fix,perf/gpu_util_pct,201,270.7568757534027,89.0
pi05_full_fix,perf/gpu_util_pct,202,272.5341114997864,97.0
pi05_full_fix,perf/gpu_util_pct,203,274.46557688713074,100.0
pi05_full_fix,perf/gpu_util_pct,205,275.96978092193604,92.0
pi05_full_fix,perf/gpu_util_pct,206,277.7093915939331,100.0
pi05_full_fix,perf/gpu_util_pct,207,279.26145911216736,100.0
pi05_full_fix,perf/gpu_util_pct,209,280.7661511898041,87.0
pi05_full_fix,perf/gpu_util_pct,210,282.52164602279663,100.0
pi05_full_fix,perf/gpu_util_pct,211,284.0614881515503,100.0
pi05_full_fix,perf/gpu_util_pct,212,285.56602931022644,100.0
pi05_full_fix,perf/gpu_util_pct,214,287.0706114768982,84.0
pi05_full_fix,perf/gpu_util_pct,215,288.97097063064575,100.0
pi05_full_fix,perf/gpu_util_pct,217,290.47533321380615,100.0
pi05_full_fix,perf/gpu_util_pct,218,291.97979950904846,96.0
pi05_full_fix,perf/gpu_util_pct,219,293.90866231918335,100.0
pi05_full_fix,perf/gpu_util_pct,221,295.4133448600769,88.0
pi05_full_fix,perf/gpu_util_pct,222,296.91714215278625,88.0
pi05_full_fix,perf/gpu_util_pct,223,298.56309819221497,100.0
pi05_full_fix,perf/gpu_util_pct,224,300.2560532093048,100.0
pi05_full_fix,perf/gpu_util_pct,226,301.7605469226837,89.0
pi05_full_fix,perf/gpu_util_pct,227,303.44858622550964,100.0
pi05_full_fix,perf/gpu_util_pct,228,305.05607628822327,100.0
pi05_full_fix,perf/gpu_util_pct,230,306.5600678920746,84.0
pi05_full_fix,perf/gpu_util_pct,231,308.2469799518585,100.0
pi05_full_fix,perf/gpu_util_pct,232,309.86197447776794,100.0
pi05_full_fix,perf/gpu_util_pct,234,311.3657577037811,91.0
pi05_full_fix,perf/gpu_util_pct,235,313.1362428665161,100.0
pi05_full_fix,perf/gpu_util_pct,236,314.65474033355713,100.0
pi05_full_fix,perf/gpu_util_pct,238,316.15890622138977,90.0
pi05_full_fix,perf/gpu_util_pct,239,317.66230273246765,100.0
pi05_full_fix,perf/gpu_util_pct,240,319.2779974937439,90.0
pi05_full_fix,perf/gpu_util_pct,241,321.0289304256439,100.0
pi05_full_fix,perf/gpu_util_pct,243,322.5330355167389,100.0
pi05_full_fix,perf/gpu_util_pct,244,324.1574339866638,100.0
pi05_full_fix,perf/gpu_util_pct,245,325.81879782676697,100.0
pi05_full_fix,perf/gpu_util_pct,247,327.3227548599243,89.0
pi05_full_fix,perf/gpu_util_pct,248,328.9667270183563,100.0
pi05_full_fix,perf/gpu_util_pct,249,330.66107988357544,100.0
pi05_full_fix,perf/gpu_util_pct,251,332.1650905609131,85.0
pi05_full_fix,perf/gpu_util_pct,252,333.831636428833,100.0
pi05_full_fix,perf/gpu_util_pct,253,335.46334743499756,100.0
pi05_full_fix,perf/gpu_util_pct,255,337.24423265457153,0.0
pi05_full_fix,perf/gpu_util_pct,256,338.76703906059265,98.0
pi05_full_fix,perf/gpu_util_pct,257,340.66002464294434,100.0
pi05_full_fix,perf/gpu_util_pct,259,342.1636209487915,85.0
pi05_full_fix,perf/gpu_util_pct,260,343.8200829029083,100.0
pi05_full_fix,perf/gpu_util_pct,261,345.478542804718,100.0
pi05_full_fix,perf/gpu_util_pct,263,346.98180532455444,84.0
pi05_full_fix,perf/gpu_util_pct,264,348.4855897426605,92.0
pi05_full_fix,perf/gpu_util_pct,265,350.2480480670929,100.0
pi05_full_fix,perf/gpu_util_pct,266,351.7828052043915,100.0
pi05_full_fix,perf/gpu_util_pct,268,353.2892065048218,93.0
pi05_full_fix,perf/gpu_util_pct,269,355.0013003349304,100.0
pi05_full_fix,perf/gpu_util_pct,270,356.58780121803284,100.0
pi05_full_fix,perf/gpu_util_pct,272,358.09206914901733,93.0
pi05_full_fix,perf/gpu_util_pct,273,359.601181268692,98.0
pi05_full_fix,perf/gpu_util_pct,274,361.14059019088745,89.0
pi05_full_fix,perf/gpu_util_pct,275,363.00732827186584,100.0
pi05_full_fix,perf/gpu_util_pct,277,364.51575660705566,93.0
pi05_full_fix,perf/gpu_util_pct,278,366.2820212841034,100.0
pi05_full_fix,perf/gpu_util_pct,279,367.8101854324341,100.0
pi05_full_fix,perf/gpu_util_pct,281,369.458771944046,47.0
pi05_full_fix,perf/gpu_util_pct,282,371.0234146118164,89.0
pi05_full_fix,perf/gpu_util_pct,283,372.84318470954895,100.0
pi05_full_fix,perf/gpu_util_pct,285,374.3474180698395,91.0
pi05_full_fix,perf/gpu_util_pct,286,376.02180552482605,100.0
pi05_full_fix,perf/gpu_util_pct,287,377.6508717536926,100.0
pi05_full_fix,perf/gpu_util_pct,289,379.1602418422699,90.0
pi05_full_fix,perf/gpu_util_pct,290,380.6639053821564,80.0
pi05_full_fix,perf/gpu_util_pct,291,382.4372487068176,100.0
pi05_full_fix,perf/gpu_util_pct,292,383.94103717803955,100.0
pi05_full_fix,perf/gpu_util_pct,294,385.44492983818054,84.0
pi05_full_fix,perf/gpu_util_pct,295,387.1164975166321,100.0
pi05_full_fix,perf/gpu_util_pct,296,388.74996876716614,100.0
pi05_full_fix,perf/gpu_util_pct,298,390.2541973590851,90.0
pi05_full_fix,perf/gpu_util_pct,299,391.7606189250946,100.0
pi05_full_fix,perf/gpu_util_pct,300,393.4993484020233,100.0
pi05_full_fix,perf/gpu_util_pct,301,395.0449261665344,100.0
pi05_full_fix,perf/gpu_util_pct,303,396.54906940460205,100.0
pi05_full_fix,perf/gpu_util_pct,304,398.30635118484497,100.0
pi05_full_fix,perf/gpu_util_pct,305,399.8453691005707,100.0
pi05_full_fix,perf/gpu_util_pct,306,401.3879277706146,100.0
pi05_full_fix,perf/gpu_util_pct,308,402.891473531723,92.0
pi05_full_fix,perf/gpu_util_pct,309,404.5435926914215,83.0
pi05_full_fix,perf/gpu_util_pct,310,406.20710468292236,100.0
pi05_full_fix,perf/gpu_util_pct,312,407.718154668808,93.0
pi05_full_fix,perf/gpu_util_pct,313,409.4861159324646,100.0
pi05_full_fix,perf/gpu_util_pct,314,411.0160367488861,100.0
pi05_full_fix,perf/gpu_util_pct,316,412.5195107460022,100.0
pi05_full_fix,perf/gpu_util_pct,317,414.02269983291626,95.0
pi05_full_fix,perf/gpu_util_pct,318,415.91430282592773,100.0
pi05_full_fix,perf/gpu_util_pct,320,417.42121148109436,79.0
pi05_full_fix,perf/gpu_util_pct,321,418.9479651451111,93.0
pi05_full_fix,perf/gpu_util_pct,322,420.83331179618835,100.0
pi05_full_fix,perf/gpu_util_pct,323,422.3971290588379,100.0
pi05_full_fix,perf/gpu_util_pct,325,423.9022681713104,88.0
pi05_full_fix,perf/gpu_util_pct,326,425.5002145767212,100.0
pi05_full_fix,perf/gpu_util_pct,327,427.1998450756073,100.0
pi05_full_fix,perf/gpu_util_pct,329,428.7041139602661,88.0
pi05_full_fix,perf/gpu_util_pct,330,430.36368894577026,100.0
pi05_full_fix,perf/gpu_util_pct,331,432.0042095184326,100.0
pi05_full_fix,perf/gpu_util_pct,332,433.5082206726074,100.0
pi05_full_fix,perf/gpu_util_pct,334,435.01167154312134,100.0
pi05_full_fix,perf/gpu_util_pct,335,436.6616930961609,100.0
pi05_full_fix,perf/gpu_util_pct,336,438.27993965148926,100.0
pi05_full_fix,perf/gpu_util_pct,338,439.7834687232971,94.0
pi05_full_fix,perf/gpu_util_pct,339,441.55996465682983,100.0
pi05_full_fix,perf/gpu_util_pct,340,443.0679075717926,100.0
pi05_full_fix,perf/gpu_util_pct,341,444.5717668533325,100.0
pi05_full_fix,perf/gpu_util_pct,343,446.0751838684082,100.0
pi05_full_fix,perf/gpu_util_pct,344,447.9203178882599,100.0
pi05_full_fix,perf/gpu_util_pct,346,449.42429876327515,100.0
pi05_full_fix,perf/gpu_util_pct,347,450.92825055122375,100.0
pi05_full_fix,perf/gpu_util_pct,348,452.9203758239746,100.0
pi05_full_fix,perf/gpu_util_pct,350,454.4240381717682,100.0
pi05_full_fix,perf/gpu_util_pct,351,455.9274413585663,93.0
pi05_full_fix,perf/gpu_util_pct,352,457.5878300666809,100.0
pi05_full_fix,perf/gpu_util_pct,353,459.24227118492126,100.0
pi05_full_fix,perf/gpu_util_pct,355,460.7471995353699,89.0
pi05_full_fix,perf/gpu_util_pct,356,462.43540382385254,100.0
pi05_full_fix,perf/gpu_util_pct,357,464.04319977760315,100.0
pi05_full_fix,perf/gpu_util_pct,359,465.5483944416046,92.0
pi05_full_fix,perf/gpu_util_pct,360,467.1765911579132,100.0
pi05_full_fix,perf/gpu_util_pct,361,468.8506944179535,100.0
pi05_full_fix,perf/gpu_util_pct,363,470.3546130657196,94.0
pi05_full_fix,perf/gpu_util_pct,364,472.1219515800476,100.0
pi05_full_fix,perf/gpu_util_pct,365,473.6414656639099,100.0
pi05_full_fix,perf/gpu_util_pct,367,475.1459264755249,89.0
pi05_full_fix,perf/gpu_util_pct,368,476.6500449180603,83.0
pi05_full_fix,perf/gpu_util_pct,369,478.21925830841064,100.0
pi05_full_fix,perf/gpu_util_pct,370,480.04478764533997,100.0
pi05_full_fix,perf/gpu_util_pct,372,481.5486407279968,92.0
pi05_full_fix,perf/gpu_util_pct,373,483.1893877983093,95.0
pi05_full_fix,perf/gpu_util_pct,374,484.85924887657166,100.0
pi05_full_fix,perf/gpu_util_pct,376,486.50855016708374,100.0
pi05_full_fix,perf/gpu_util_pct,377,488.066285610199,88.0
pi05_full_fix,perf/gpu_util_pct,378,489.87518858909607,100.0
pi05_full_fix,perf/gpu_util_pct,380,491.38779067993164,93.0
pi05_full_fix,perf/gpu_util_pct,381,493.0810503959656,100.0
pi05_full_fix,perf/gpu_util_pct,382,494.6798446178436,100.0
pi05_full_fix,perf/gpu_util_pct,384,496.3740119934082,86.0
pi05_full_fix,perf/gpu_util_pct,385,497.9762227535248,87.0
pi05_full_fix,perf/gpu_util_pct,386,499.7277612686157,100.0
pi05_full_fix,perf/gpu_util_pct,388,501.2343695163727,100.0
pi05_full_fix,perf/gpu_util_pct,389,502.8903696537018,100.0
pi05_full_fix,perf/gpu_util_pct,390,504.5466196537018,100.0
pi05_full_fix,perf/gpu_util_pct,392,506.0513446331024,89.0
pi05_full_fix,perf/gpu_util_pct,393,507.5547285079956,87.0
pi05_full_fix,perf/gpu_util_pct,394,509.3009235858917,100.0
pi05_full_fix,perf/gpu_util_pct,395,510.8103258609772,100.0
pi05_full_fix,perf/gpu_util_pct,397,512.3153865337372,83.0
pi05_full_fix,perf/gpu_util_pct,398,513.880006313324,100.0
pi05_full_fix,perf/gpu_util_pct,399,515.6117844581604,100.0
pi05_full_fix,perf/gpu_util_pct,401,517.1159243583679,84.0
pi05_full_fix,perf/gpu_util_pct,402,518.6357669830322,100.0
pi05_full_fix,perf/gpu_util_pct,403,520.2899518013,100.0
pi05_full_fix,perf/gpu_util_pct,404,521.9328939914703,100.0
pi05_full_fix,perf/gpu_util_pct,406,523.4365527629852,100.0
pi05_full_fix,perf/gpu_util_pct,407,525.0220749378204,86.0
pi05_full_fix,perf/gpu_util_pct,408,526.751149892807,100.0
pi05_full_fix,perf/gpu_util_pct,410,528.4233736991882,56.0
pi05_full_fix,perf/gpu_util_pct,411,529.9283399581909,96.0
pi05_full_fix,perf/gpu_util_pct,412,531.8497450351715,100.0
pi05_full_fix,perf/gpu_util_pct,414,533.3571224212646,89.0
pi05_full_fix,perf/gpu_util_pct,415,534.9323642253876,86.0
pi05_full_fix,perf/gpu_util_pct,416,536.686527967453,100.0
pi05_full_fix,perf/gpu_util_pct,418,538.3703734874725,100.0
pi05_full_fix,perf/gpu_util_pct,419,539.9937391281128,86.0
pi05_full_fix,perf/gpu_util_pct,420,541.7206161022186,100.0
pi05_full_fix,perf/gpu_util_pct,422,543.2249410152435,100.0
pi05_full_fix,perf/gpu_util_pct,423,544.8817627429962,100.0
pi05_full_fix,perf/gpu_util_pct,424,546.5347054004669,100.0
pi05_full_fix,perf/gpu_util_pct,426,548.0415871143341,90.0
pi05_full_fix,perf/gpu_util_pct,427,549.5491535663605,92.0
pi05_full_fix,perf/gpu_util_pct,428,551.0529594421387,100.0
pi05_full_fix,perf/gpu_util_pct,429,552.991929769516,100.0
pi05_full_fix,perf/gpu_util_pct,431,554.4968497753143,100.0
pi05_full_fix,perf/gpu_util_pct,432,556.166305065155,100.0
pi05_full_fix,perf/gpu_util_pct,433,557.8347098827362,100.0
pi05_full_fix,perf/gpu_util_pct,435,559.3455317020416,97.0
pi05_full_fix,perf/gpu_util_pct,436,560.8493123054504,98.0
pi05_full_fix,perf/gpu_util_pct,437,562.4360091686249,87.0
pi05_full_fix,perf/gpu_util_pct,438,564.2360165119171,100.0
pi05_full_fix,perf/gpu_util_pct,440,565.7406964302063,88.0
pi05_full_fix,perf/gpu_util_pct,441,567.3177287578583,100.0
pi05_full_fix,perf/gpu_util_pct,442,569.0614206790924,100.0
pi05_full_fix,perf/gpu_util_pct,443,570.6798374652863,100.0
pi05_full_fix,perf/gpu_util_pct,445,572.1838648319244,88.0
pi05_full_fix,perf/gpu_util_pct,446,573.8231706619263,100.0
pi05_full_fix,perf/gpu_util_pct,447,575.5183703899384,100.0
pi05_full_fix,perf/gpu_util_pct,449,577.0222640037537,85.0
pi05_full_fix,perf/gpu_util_pct,450,578.665100812912,100.0
pi05_full_fix,perf/gpu_util_pct,451,580.3258953094482,100.0
pi05_full_fix,perf/gpu_util_pct,453,582.1072685718536,0.0
pi05_full_fix,perf/gpu_util_pct,454,583.616405248642,94.0
pi05_full_fix,perf/gpu_util_pct,455,585.5345418453217,100.0
pi05_full_fix,perf/gpu_util_pct,457,587.0391187667847,85.0
pi05_full_fix,perf/gpu_util_pct,458,588.7062623500824,100.0
pi05_full_fix,perf/gpu_util_pct,459,590.3534569740295,100.0
pi05_full_fix,perf/gpu_util_pct,461,592.1304779052734,0.0
pi05_full_fix,perf/gpu_util_pct,462,593.8238291740417,100.0
pi05_full_fix,perf/gpu_util_pct,463,595.4401857852936,100.0
pi05_full_fix,perf/gpu_util_pct,465,596.9436042308807,85.0
pi05_full_fix,perf/gpu_util_pct,466,598.61279463768,100.0
pi05_full_fix,perf/gpu_util_pct,467,600.2559630870819,100.0
pi05_full_fix,perf/gpu_util_pct,469,601.760959148407,89.0
pi05_full_fix,perf/gpu_util_pct,470,603.2658739089966,97.0
pi05_full_fix,perf/gpu_util_pct,471,604.8557314872742,81.0
pi05_full_fix,perf/gpu_util_pct,472,606.6193807125092,100.0
pi05_full_fix,perf/gpu_util_pct,474,608.1241021156311,100.0
pi05_full_fix,perf/gpu_util_pct,475,609.8888792991638,100.0
pi05_full_fix,perf/gpu_util_pct,476,611.4217755794525,100.0
pi05_full_fix,perf/gpu_util_pct,478,612.9268808364868,100.0
pi05_full_fix,perf/gpu_util_pct,479,614.4308457374573,91.0
pi05_full_fix,perf/gpu_util_pct,480,615.9638288021088,87.0
pi05_full_fix,perf/gpu_util_pct,481,617.8088026046753,100.0
pi05_full_fix,perf/gpu_util_pct,483,619.3309841156006,99.0
pi05_full_fix,perf/gpu_util_pct,484,620.9772131443024,100.0
pi05_full_fix,perf/gpu_util_pct,485,622.6353604793549,100.0
pi05_full_fix,perf/gpu_util_pct,487,624.1399991512299,98.0
pi05_full_fix,perf/gpu_util_pct,488,625.6444928646088,100.0
pi05_full_fix,perf/gpu_util_pct,489,627.190288066864,88.0
pi05_full_fix,perf/gpu_util_pct,490,629.0459604263306,100.0
pi05_full_fix,perf/gpu_util_pct,492,630.5497491359711,91.0
pi05_full_fix,perf/gpu_util_pct,493,632.2136814594269,100.0
pi05_full_fix,perf/gpu_util_pct,494,633.8381156921387,100.0
pi05_full_fix,perf/gpu_util_pct,496,635.6358325481415,0.0
pi05_full_fix,perf/gpu_util_pct,497,637.2842707633972,100.0
pi05_full_fix,perf/gpu_util_pct,498,638.9417161941528,100.0
pi05_full_fix,perf/gpu_util_pct,500,640.4461765289307,85.0
pi05_full_fix,perf/gpu_util_pct,501,642.0848309993744,100.0
pi05_full_fix,perf/gpu_util_pct,502,643.7464776039124,100.0
pi05_full_fix,perf/gpu_util_pct,504,645.2548403739929,93.0
pi05_full_fix,perf/gpu_util_pct,505,646.7583134174347,90.0
pi05_full_fix,perf/gpu_util_pct,506,648.4172825813293,100.0
pi05_full_fix,perf/gpu_util_pct,507,650.0790727138519,100.0
pi05_full_fix,perf/gpu_util_pct,509,651.5844185352325,89.0
pi05_full_fix,perf/gpu_util_pct,510,653.2299168109894,100.0
pi05_full_fix,perf/gpu_util_pct,511,654.8921613693237,100.0
pi05_full_fix,perf/gpu_util_pct,513,656.3975520133972,91.0
pi05_full_fix,perf/gpu_util_pct,514,657.901615858078,92.0
pi05_full_fix,perf/gpu_util_pct,515,659.6558177471161,100.0
pi05_full_fix,perf/gpu_util_pct,516,661.1662204265594,100.0
pi05_full_fix,perf/gpu_util_pct,518,662.6708309650421,92.0
pi05_full_fix,perf/gpu_util_pct,519,664.418463230133,100.0
pi05_full_fix,perf/gpu_util_pct,520,665.9733855724335,100.0
pi05_full_fix,perf/gpu_util_pct,521,667.4771189689636,100.0
pi05_full_fix,perf/gpu_util_pct,523,668.9809517860413,91.0
pi05_full_fix,perf/gpu_util_pct,524,670.8797454833984,100.0
pi05_full_fix,perf/gpu_util_pct,526,672.3846402168274,100.0
pi05_full_fix,perf/gpu_util_pct,527,673.8894815444946,92.0
pi05_full_fix,perf/gpu_util_pct,528,675.8359405994415,100.0
pi05_full_fix,perf/gpu_util_pct,530,677.339284658432,100.0
pi05_full_fix,perf/gpu_util_pct,531,678.842865228653,0.0
pi05_full_fix,perf/gpu_util_pct,532,680.6432275772095,100.0
pi05_full_fix,perf/gpu_util_pct,534,682.1475656032562,100.0
pi05_full_fix,perf/gpu_util_pct,535,683.6516976356506,100.0
pi05_full_fix,perf/gpu_util_pct,536,685.6133549213409,100.0
pi05_full_fix,perf/gpu_util_pct,538,687.1166830062866,100.0
pi05_full_fix,perf/gpu_util_pct,539,689.0605545043945,100.0
pi05_full_fix,perf/gpu_util_pct,540,690.6650462150574,100.0
pi05_full_fix,perf/gpu_util_pct,542,692.1726291179657,90.0
pi05_full_fix,perf/gpu_util_pct,543,693.8091495037079,100.0
pi05_full_fix,perf/gpu_util_pct,544,695.4782981872559,100.0
pi05_full_fix,perf/gpu_util_pct,546,696.9820213317871,91.0
pi05_full_fix,perf/gpu_util_pct,547,698.6039814949036,100.0
pi05_full_fix,perf/gpu_util_pct,548,700.4943804740906,100.0
pi05_full_fix,perf/gpu_util_pct,550,701.9989492893219,100.0
pi05_full_fix,perf/gpu_util_pct,551,703.6448266506195,100.0
pi05_full_fix,perf/gpu_util_pct,552,705.3017070293427,100.0
pi05_full_fix,perf/gpu_util_pct,554,706.8052651882172,100.0
pi05_full_fix,perf/gpu_util_pct,555,708.4623024463654,100.0
pi05_full_fix,perf/gpu_util_pct,556,710.3740692138672,100.0
pi05_full_fix,perf/gpu_util_pct,558,711.8778398036957,89.0
pi05_full_fix,perf/gpu_util_pct,559,713.5337941646576,100.0
pi05_full_fix,perf/gpu_util_pct,560,715.1811673641205,100.0
pi05_full_fix,perf/gpu_util_pct,562,716.6859982013702,87.0
pi05_full_fix,perf/gpu_util_pct,563,718.3341112136841,100.0
pi05_full_fix,perf/gpu_util_pct,564,719.9832646846771,100.0
pi05_full_fix,perf/gpu_util_pct,566,721.4883306026459,100.0
pi05_full_fix,perf/gpu_util_pct,567,722.9922640323639,84.0
pi05_full_fix,perf/gpu_util_pct,568,724.8647496700287,100.0
pi05_full_fix,perf/gpu_util_pct,570,726.3693685531616,100.0
pi05_full_fix,perf/gpu_util_pct,571,727.8731751441956,97.0
pi05_full_fix,perf/gpu_util_pct,572,729.817831993103,100.0
pi05_full_fix,perf/gpu_util_pct,574,731.4881830215454,55.0
pi05_full_fix,perf/gpu_util_pct,575,733.1206474304199,100.0
pi05_full_fix,perf/gpu_util_pct,576,734.7870893478394,100.0
pi05_full_fix,perf/gpu_util_pct,578,736.2925169467926,91.0
pi05_full_fix,perf/gpu_util_pct,579,737.9368240833282,100.0
pi05_full_fix,perf/gpu_util_pct,580,739.5865161418915,100.0
pi05_full_fix,perf/gpu_util_pct,582,741.0931951999664,89.0
pi05_full_fix,perf/gpu_util_pct,583,742.5969879627228,0.0
pi05_full_fix,perf/gpu_util_pct,584,744.2536253929138,100.0
pi05_full_fix,perf/gpu_util_pct,585,745.8641629219055,100.0
pi05_full_fix,perf/gpu_util_pct,587,747.3679583072662,94.0
pi05_full_fix,perf/gpu_util_pct,588,749.1815102100372,100.0
pi05_full_fix,perf/gpu_util_pct,589,750.6851780414581,100.0
pi05_full_fix,perf/gpu_util_pct,591,752.1889431476593,93.0
pi05_full_fix,perf/gpu_util_pct,592,753.692390203476,81.0
pi05_full_fix,perf/gpu_util_pct,593,755.3087382316589,100.0
pi05_full_fix,perf/gpu_util_pct,594,757.0270154476166,100.0
pi05_full_fix,perf/gpu_util_pct,596,758.5363190174103,79.0
pi05_full_fix,perf/gpu_util_pct,597,760.296576499939,100.0
pi05_full_fix,perf/gpu_util_pct,598,761.8255472183228,100.0
pi05_full_fix,perf/gpu_util_pct,599,763.3998930454254,100.0
pi05_full_fix,perf/gpu_util_pct,601,764.9043822288513,90.0
pi05_full_fix,perf/gpu_util_pct,602,766.8263027667999,100.0
pi05_full_fix,perf/gpu_util_pct,604,768.334810256958,100.0
pi05_full_fix,perf/gpu_util_pct,605,769.8412148952484,96.0
pi05_full_fix,perf/gpu_util_pct,606,771.8196542263031,100.0
pi05_full_fix,perf/gpu_util_pct,608,773.5467798709869,0.0
pi05_full_fix,perf/gpu_util_pct,609,775.1389200687408,87.0
pi05_full_fix,perf/gpu_util_pct,610,776.9173452854156,100.0
pi05_full_fix,perf/gpu_util_pct,612,778.4212815761566,100.0
pi05_full_fix,perf/gpu_util_pct,613,780.195631980896,100.0
pi05_full_fix,perf/gpu_util_pct,615,781.7731034755707,100.0
pi05_full_fix,perf/gpu_util_pct,616,783.5291166305542,0.0
pi05_full_fix,perf/gpu_util_pct,617,785.3286502361298,100.0
pi05_full_fix,perf/gpu_util_pct,618,786.8332574367523,100.0
pi05_full_fix,perf/gpu_util_pct,620,788.3366787433624,89.0
pi05_full_fix,perf/gpu_util_pct,621,790.1986782550812,100.0
pi05_full_fix,perf/gpu_util_pct,623,791.7019138336182,100.0
pi05_full_fix,perf/gpu_util_pct,624,793.2100460529327,90.0
pi05_full_fix,perf/gpu_util_pct,625,794.7139148712158,96.0
pi05_full_fix,perf/gpu_util_pct,626,796.6448163986206,100.0
pi05_full_fix,perf/gpu_util_pct,628,798.1510074138641,93.0
pi05_full_fix,perf/gpu_util_pct,629,799.8104195594788,96.0
pi05_full_fix,perf/gpu_util_pct,630,801.4547612667084,100.0
pi05_full_fix,perf/gpu_util_pct,632,802.9584970474243,93.0
pi05_full_fix,perf/gpu_util_pct,633,804.8098275661469,100.0
pi05_full_fix,perf/gpu_util_pct,634,806.3940553665161,100.0
pi05_full_fix,perf/gpu_util_pct,636,807.8972022533417,89.0
pi05_full_fix,perf/gpu_util_pct,637,809.5535430908203,100.0
pi05_full_fix,perf/gpu_util_pct,638,811.1999282836914,100.0
pi05_full_fix,perf/gpu_util_pct,640,812.7039017677307,87.0
pi05_full_fix,perf/gpu_util_pct,641,814.3498528003693,100.0
pi05_full_fix,perf/gpu_util_pct,642,816.2009580135345,100.0
pi05_full_fix,perf/gpu_util_pct,644,817.7049293518066,89.0
pi05_full_fix,perf/gpu_util_pct,645,819.3640971183777,100.0
pi05_full_fix,perf/gpu_util_pct,646,821.0192260742188,100.0
pi05_full_fix,perf/gpu_util_pct,648,822.5246686935425,81.0
pi05_full_fix,perf/gpu_util_pct,649,824.1682183742523,100.0
pi05_full_fix,perf/gpu_util_pct,650,826.095828294754,100.0
pi05_full_fix,perf/gpu_util_pct,652,827.5997550487518,89.0
pi05_full_fix,perf/gpu_util_pct,653,829.3601195812225,100.0
pi05_full_fix,perf/gpu_util_pct,654,830.8969659805298,100.0
pi05_full_fix,perf/gpu_util_pct,656,832.4014217853546,88.0
pi05_full_fix,perf/gpu_util_pct,657,834.0720555782318,100.0
pi05_full_fix,perf/gpu_util_pct,658,835.7138767242432,100.0
pi05_full_fix,perf/gpu_util_pct,659,837.2192590236664,100.0
pi05_full_fix,perf/gpu_util_pct,661,838.722932100296,100.0
pi05_full_fix,perf/gpu_util_pct,662,840.4774265289307,100.0
pi05_full_fix,perf/gpu_util_pct,663,842.0163946151733,100.0
pi05_full_fix,perf/gpu_util_pct,665,843.5303390026093,100.0
pi05_full_fix,perf/gpu_util_pct,666,845.2068955898285,100.0
pi05_full_fix,perf/gpu_util_pct,667,846.8372945785522,100.0
pi05_full_fix,perf/gpu_util_pct,668,848.3430187702179,100.0
pi05_full_fix,perf/gpu_util_pct,670,849.8467814922333,87.0
pi05_full_fix,perf/gpu_util_pct,671,851.4668493270874,100.0
pi05_full_fix,perf/gpu_util_pct,672,853.1132190227509,100.0
pi05_full_fix,perf/gpu_util_pct,674,854.6230418682098,81.0
pi05_full_fix,perf/gpu_util_pct,675,856.2743148803711,100.0
pi05_full_fix,perf/gpu_util_pct,676,857.921727180481,100.0
pi05_full_fix,perf/gpu_util_pct,677,859.427759885788,100.0
pi05_full_fix,perf/gpu_util_pct,679,860.9330649375916,100.0
pi05_full_fix,perf/gpu_util_pct,680,862.6050808429718,100.0
pi05_full_fix,perf/gpu_util_pct,681,864.228994846344,100.0
pi05_full_fix,perf/gpu_util_pct,683,865.7323949337006,100.0
pi05_full_fix,perf/gpu_util_pct,684,867.3745653629303,100.0
pi05_full_fix,perf/gpu_util_pct,685,869.1536939144135,100.0
pi05_full_fix,perf/gpu_util_pct,686,870.6605083942413,100.0
pi05_full_fix,perf/gpu_util_pct,688,872.164835691452,91.0
pi05_full_fix,perf/gpu_util_pct,689,873.8664150238037,100.0
pi05_full_fix,perf/gpu_util_pct,690,875.4559652805328,100.0
pi05_full_fix,perf/gpu_util_pct,692,876.959632396698,87.0
pi05_full_fix,perf/gpu_util_pct,693,878.618350982666,0.0
pi05_full_fix,perf/gpu_util_pct,694,880.525981426239,100.0
pi05_full_fix,perf/gpu_util_pct,696,882.0364344120026,82.0
pi05_full_fix,perf/gpu_util_pct,697,883.6925883293152,100.0
pi05_full_fix,perf/gpu_util_pct,698,885.3294591903687,100.0
pi05_full_fix,perf/gpu_util_pct,700,886.834550857544,80.0
pi05_full_fix,perf/gpu_util_pct,701,888.5869407653809,100.0
pi05_full_fix,perf/gpu_util_pct,702,890.5409743785858,100.0
pi05_full_fix,perf/gpu_util_pct,704,892.0470235347748,81.0
pi05_full_fix,perf/gpu_util_pct,705,893.6771247386932,100.0
pi05_full_fix,perf/gpu_util_pct,706,895.3293342590332,100.0
pi05_full_fix,perf/gpu_util_pct,708,896.8326630592346,83.0
pi05_full_fix,perf/gpu_util_pct,709,898.4359128475189,100.0
pi05_full_fix,perf/gpu_util_pct,710,900.1232409477234,100.0
pi05_full_fix,perf/gpu_util_pct,711,901.6784663200378,100.0
pi05_full_fix,perf/gpu_util_pct,713,903.1821599006653,88.0
pi05_full_fix,perf/gpu_util_pct,714,904.7395341396332,100.0
pi05_full_fix,perf/gpu_util_pct,715,906.4879088401794,100.0
pi05_full_fix,perf/gpu_util_pct,717,907.992292881012,90.0
pi05_full_fix,perf/gpu_util_pct,718,909.5512676239014,100.0
pi05_full_fix,perf/gpu_util_pct,719,911.3159227371216,100.0
pi05_full_fix,perf/gpu_util_pct,721,912.8244423866272,100.0
pi05_full_fix,perf/gpu_util_pct,722,914.3280515670776,94.0
pi05_full_fix,perf/gpu_util_pct,723,916.2306694984436,100.0
pi05_full_fix,perf/gpu_util_pct,725,917.7346303462982,100.0
pi05_full_fix,perf/gpu_util_pct,726,919.2604656219482,94.0
pi05_full_fix,perf/gpu_util_pct,727,921.1456651687622,100.0
pi05_full_fix,perf/gpu_util_pct,728,922.7228322029114,100.0
pi05_full_fix,perf/gpu_util_pct,730,924.2274515628815,80.0
pi05_full_fix,perf/gpu_util_pct,731,925.9187636375427,100.0
pi05_full_fix,perf/gpu_util_pct,732,927.5244626998901,100.0
pi05_full_fix,perf/gpu_util_pct,734,929.0287141799927,83.0
pi05_full_fix,perf/gpu_util_pct,735,930.6961216926575,100.0
pi05_full_fix,perf/gpu_util_pct,736,932.3256051540375,100.0
pi05_full_fix,perf/gpu_util_pct,737,933.8771142959595,100.0
pi05_full_fix,perf/gpu_util_pct,739,935.382609128952,79.0
pi05_full_fix,perf/gpu_util_pct,740,936.9839227199554,100.0
pi05_full_fix,perf/gpu_util_pct,741,938.6852295398712,100.0
pi05_full_fix,perf/gpu_util_pct,743,940.1900174617767,91.0
pi05_full_fix,perf/gpu_util_pct,744,941.8372097015381,100.0
pi05_full_fix,perf/gpu_util_pct,745,943.6964290142059,100.0
pi05_full_fix,perf/gpu_util_pct,747,945.2014737129211,100.0
pi05_full_fix,perf/gpu_util_pct,748,946.7048192024231,88.0
pi05_full_fix,perf/gpu_util_pct,749,948.6699950695038,100.0
pi05_full_fix,perf/gpu_util_pct,751,950.1771082878113,88.0
pi05_full_fix,perf/gpu_util_pct,752,951.8236644268036,100.0
pi05_full_fix,perf/gpu_util_pct,753,953.475234746933,100.0
pi05_full_fix,perf/gpu_util_pct,754,955.034871339798,100.0
pi05_full_fix,perf/gpu_util_pct,756,956.5424783229828,84.0
pi05_full_fix,perf/gpu_util_pct,757,958.1983716487885,100.0
pi05_full_fix,perf/gpu_util_pct,758,959.8533425331116,100.0
pi05_full_fix,perf/gpu_util_pct,760,961.3579993247986,93.0
pi05_full_fix,perf/gpu_util_pct,761,963.103574514389,100.0
pi05_full_fix,perf/gpu_util_pct,762,964.6533641815186,100.0
pi05_full_fix,perf/gpu_util_pct,763,966.2047297954559,100.0
pi05_full_fix,perf/gpu_util_pct,765,967.7084209918976,89.0
pi05_full_fix,perf/gpu_util_pct,766,969.3760521411896,100.0
pi05_full_fix,perf/gpu_util_pct,767,971.000725030899,100.0
pi05_full_fix,perf/gpu_util_pct,769,972.5065793991089,89.0
pi05_full_fix,perf/gpu_util_pct,770,974.2349870204926,100.0
pi05_full_fix,perf/gpu_util_pct,771,975.7931401729584,100.0
pi05_full_fix,perf/gpu_util_pct,772,977.367208480835,100.0
pi05_full_fix,perf/gpu_util_pct,774,978.8712146282196,89.0
pi05_full_fix,perf/gpu_util_pct,775,980.4345047473907,100.0
pi05_full_fix,perf/gpu_util_pct,776,982.1665749549866,100.0
pi05_full_fix,perf/gpu_util_pct,778,983.6699392795563,91.0
pi05_full_fix,perf/gpu_util_pct,779,985.4108674526215,100.0
pi05_full_fix,perf/gpu_util_pct,780,986.9542617797852,100.0
pi05_full_fix,perf/gpu_util_pct,781,988.513463973999,100.0
pi05_full_fix,perf/gpu_util_pct,783,990.0188190937042,100.0
pi05_full_fix,perf/gpu_util_pct,784,991.64044880867,100.0
pi05_full_fix,perf/gpu_util_pct,785,993.3011815547943,100.0
pi05_full_fix,perf/gpu_util_pct,787,994.8054800033569,100.0
pi05_full_fix,perf/gpu_util_pct,788,996.5401194095612,100.0
pi05_full_fix,perf/gpu_util_pct,789,998.4731492996216,100.0
pi05_full_fix,perf/gpu_util_pct,791,999.9788851737976,93.0
pi05_full_fix,perf/gpu_util_pct,792,1001.7329075336456,100.0
pi05_full_fix,perf/gpu_util_pct,793,1003.2675862312317,100.0
pi05_full_fix,perf/gpu_util_pct,795,1004.771279335022,94.0
pi05_full_fix,perf/gpu_util_pct,796,1006.5364978313446,100.0
pi05_full_fix,perf/gpu_util_pct,797,1008.1985466480255,100.0
pi05_full_fix,perf/gpu_util_pct,799,1009.7035675048828,87.0
pi05_full_fix,perf/gpu_util_pct,800,1011.3755042552948,100.0
pi05_full_fix,perf/gpu_util_pct,801,1012.9977850914001,100.0
pi05_full_fix,perf/gpu_util_pct,803,1014.5020775794983,90.0
pi05_full_fix,perf/gpu_util_pct,804,1016.2748205661774,100.0
pi05_full_fix,perf/gpu_util_pct,805,1017.7853419780731,100.0
pi05_full_fix,perf/gpu_util_pct,806,1019.3593175411224,100.0
pi05_full_fix,perf/gpu_util_pct,808,1020.8630299568176,87.0
pi05_full_fix,perf/gpu_util_pct,809,1022.4082689285278,97.0
pi05_full_fix,perf/gpu_util_pct,810,1024.1656558513641,100.0
pi05_full_fix,perf/gpu_util_pct,812,1025.671086549759,89.0
pi05_full_fix,perf/gpu_util_pct,813,1027.4403522014618,100.0
pi05_full_fix,perf/gpu_util_pct,814,1028.9509482383728,100.0
pi05_full_fix,perf/gpu_util_pct,815,1030.4960443973541,100.0
pi05_full_fix,perf/gpu_util_pct,817,1032.0002388954163,94.0
pi05_full_fix,perf/gpu_util_pct,818,1033.7538800239563,100.0
pi05_full_fix,perf/gpu_util_pct,819,1035.2940611839294,100.0
pi05_full_fix,perf/gpu_util_pct,821,1036.7992329597473,94.0
pi05_full_fix,perf/gpu_util_pct,822,1038.555363893509,100.0
pi05_full_fix,perf/gpu_util_pct,823,1040.0958881378174,100.0
pi05_full_fix,perf/gpu_util_pct,824,1041.673659324646,100.0
pi05_full_fix,perf/gpu_util_pct,826,1043.1780488491058,94.0
pi05_full_fix,perf/gpu_util_pct,827,1044.8131880760193,90.0
pi05_full_fix,perf/gpu_util_pct,828,1046.4693336486816,100.0
pi05_full_fix,perf/gpu_util_pct,830,1047.9732258319855,93.0
pi05_full_fix,perf/gpu_util_pct,831,1049.7060418128967,100.0
pi05_full_fix,perf/gpu_util_pct,832,1051.2654037475586,100.0
pi05_full_fix,perf/gpu_util_pct,833,1052.9233582019806,100.0
pi05_full_fix,perf/gpu_util_pct,835,1054.4296245574951,100.0
pi05_full_fix,perf/gpu_util_pct,836,1056.1808397769928,100.0
pi05_full_fix,perf/gpu_util_pct,837,1057.7247700691223,100.0
pi05_full_fix,perf/gpu_util_pct,839,1059.2332682609558,100.0
pi05_full_fix,perf/gpu_util_pct,840,1060.9115085601807,100.0
pi05_full_fix,perf/gpu_util_pct,841,1062.5346496105194,100.0
pi05_full_fix,perf/gpu_util_pct,842,1064.098207950592,100.0
pi05_full_fix,perf/gpu_util_pct,844,1065.602837562561,92.0
pi05_full_fix,perf/gpu_util_pct,845,1067.27640914917,100.0
pi05_full_fix,perf/gpu_util_pct,846,1068.9175939559937,100.0
pi05_full_fix,perf/gpu_util_pct,848,1070.4206433296204,100.0
pi05_full_fix,perf/gpu_util_pct,849,1071.9945583343506,86.0
pi05_full_fix,perf/gpu_util_pct,850,1073.7401342391968,100.0
pi05_full_fix,perf/gpu_util_pct,852,1075.2436473369598,100.0
pi05_full_fix,perf/gpu_util_pct,853,1076.7481393814087,85.0
pi05_full_fix,perf/gpu_util_pct,854,1078.61474609375,100.0
pi05_full_fix,perf/gpu_util_pct,856,1080.1191310882568,100.0
pi05_full_fix,perf/gpu_util_pct,857,1081.6238713264465,88.0
pi05_full_fix,perf/gpu_util_pct,858,1083.5619642734528,100.0
pi05_full_fix,perf/gpu_util_pct,859,1085.067164182663,100.0
pi05_full_fix,perf/gpu_util_pct,861,1086.5747740268707,84.0
pi05_full_fix,perf/gpu_util_pct,862,1088.339504480362,100.0
pi05_full_fix,perf/gpu_util_pct,863,1089.8644497394562,100.0
pi05_full_fix,perf/gpu_util_pct,865,1091.3679041862488,92.0
pi05_full_fix,perf/gpu_util_pct,866,1093.0146057605743,88.0
pi05_full_fix,perf/gpu_util_pct,867,1094.674040555954,100.0
pi05_full_fix,perf/gpu_util_pct,869,1096.3598909378052,100.0
pi05_full_fix,perf/gpu_util_pct,870,1098.025205373764,100.0
pi05_full_fix,perf/gpu_util_pct,871,1099.6561832427979,100.0
pi05_full_fix,perf/gpu_util_pct,873,1101.1606707572937,88.0
pi05_full_fix,perf/gpu_util_pct,874,1102.836974620819,100.0
pi05_full_fix,perf/gpu_util_pct,875,1104.4615859985352,100.0
pi05_full_fix,perf/gpu_util_pct,877,1105.9655952453613,89.0
pi05_full_fix,perf/gpu_util_pct,878,1107.553186416626,100.0
pi05_full_fix,perf/gpu_util_pct,879,1109.3379962444305,100.0
pi05_full_fix,perf/gpu_util_pct,881,1110.8416562080383,92.0
pi05_full_fix,perf/gpu_util_pct,882,1112.4904329776764,100.0
pi05_full_fix,perf/gpu_util_pct,883,1114.1599328517914,100.0
pi05_full_fix,perf/gpu_util_pct,885,1115.663269996643,90.0
pi05_full_fix,perf/gpu_util_pct,886,1117.1667308807373,37.0
pi05_full_fix,perf/gpu_util_pct,887,1119.0382196903229,100.0
pi05_full_fix,perf/gpu_util_pct,889,1120.542290687561,93.0
pi05_full_fix,perf/gpu_util_pct,890,1122.0455150604248,100.0
pi05_full_fix,perf/gpu_util_pct,891,1123.975004196167,100.0
pi05_full_fix,perf/gpu_util_pct,893,1125.4790093898773,92.0
pi05_full_fix,perf/gpu_util_pct,894,1127.0293655395508,0.0
pi05_full_fix,perf/gpu_util_pct,895,1128.9105637073517,100.0
pi05_full_fix,perf/gpu_util_pct,897,1130.4139540195465,100.0
pi05_full_fix,perf/gpu_util_pct,898,1131.91765499115,96.0
pi05_full_fix,perf/gpu_util_pct,899,1133.868201494217,100.0
pi05_full_fix,perf/gpu_util_pct,901,1135.3718566894531,88.0
pi05_full_fix,perf/gpu_util_pct,902,1137.0089137554169,100.0
pi05_full_fix,perf/gpu_util_pct,903,1138.8838167190552,100.0
pi05_full_fix,perf/gpu_util_pct,905,1140.3874199390411,88.0
pi05_full_fix,perf/gpu_util_pct,906,1141.999228477478,100.0
pi05_full_fix,perf/gpu_util_pct,907,1143.702808380127,100.0
pi05_full_fix,perf/gpu_util_pct,909,1145.208685874939,89.0
pi05_full_fix,perf/gpu_util_pct,910,1146.8276965618134,100.0
pi05_full_fix,perf/gpu_util_pct,911,1148.5236134529114,100.0
pi05_full_fix,perf/gpu_util_pct,913,1150.0304338932037,100.0
pi05_full_fix,perf/gpu_util_pct,914,1151.533915758133,98.0
pi05_full_fix,perf/gpu_util_pct,915,1153.2760562896729,100.0
pi05_full_fix,perf/gpu_util_pct,916,1154.7797584533691,100.0
pi05_full_fix,perf/gpu_util_pct,918,1156.292334318161,90.0
pi05_full_fix,perf/gpu_util_pct,919,1158.0559089183807,100.0
pi05_full_fix,perf/gpu_util_pct,920,1159.5598168373108,100.0
pi05_full_fix,perf/gpu_util_pct,922,1161.0633068084717,100.0
pi05_full_fix,perf/gpu_util_pct,923,1162.5677471160889,97.0
pi05_full_fix,perf/gpu_util_pct,924,1164.5511493682861,100.0
pi05_full_fix,perf/gpu_util_pct,926,1166.0546944141388,92.0
pi05_full_fix,perf/gpu_util_pct,927,1167.7129759788513,100.0
pi05_full_fix,perf/gpu_util_pct,928,1169.3537378311157,100.0
pi05_full_fix,perf/gpu_util_pct,930,1170.8681540489197,100.0
pi05_full_fix,perf/gpu_util_pct,931,1172.3711771965027,100.0
pi05_full_fix,perf/gpu_util_pct,932,1173.9750890731812,100.0
pi05_full_fix,perf/gpu_util_pct,933,1175.615036725998,100.0
pi05_full_fix,perf/gpu_util_pct,935,1177.1199021339417,100.0
pi05_full_fix,perf/gpu_util_pct,936,1178.7849397659302,100.0
pi05_full_fix,perf/gpu_util_pct,937,1180.429934978485,100.0
pi05_full_fix,perf/gpu_util_pct,939,1181.936800956726,100.0
pi05_full_fix,perf/gpu_util_pct,940,1183.440081834793,88.0
pi05_full_fix,perf/gpu_util_pct,941,1185.3096716403961,100.0
pi05_full_fix,perf/gpu_util_pct,943,1186.813105583191,100.0
pi05_full_fix,perf/gpu_util_pct,944,1188.3173110485077,87.0
pi05_full_fix,perf/gpu_util_pct,945,1190.2493324279785,100.0
pi05_full_fix,perf/gpu_util_pct,947,1191.9045052528381,87.0
pi05_full_fix,perf/gpu_util_pct,948,1193.5634787082672,100.0
pi05_full_fix,perf/gpu_util_pct,949,1195.1995859146118,100.0
pi05_full_fix,perf/gpu_util_pct,951,1196.7032973766327,98.0
pi05_full_fix,perf/gpu_util_pct,952,1198.3636538982391,100.0
pi05_full_fix,perf/gpu_util_pct,953,1200.0198602676392,100.0
pi05_full_fix,perf/gpu_util_pct,955,1201.5237147808075,100.0
pi05_full_fix,perf/gpu_util_pct,956,1203.0279517173767,0.0
pi05_full_fix,perf/gpu_util_pct,957,1205.0181443691254,100.0
pi05_full_fix,perf/gpu_util_pct,959,1206.5217552185059,100.0
pi05_full_fix,perf/gpu_util_pct,960,1208.15909409523,100.0
pi05_full_fix,perf/gpu_util_pct,961,1209.8541250228882,100.0
pi05_full_fix,perf/gpu_util_pct,963,1211.3582479953766,89.0
pi05_full_fix,perf/gpu_util_pct,964,1212.910239458084,67.0
pi05_full_fix,perf/gpu_util_pct,965,1214.7973277568817,100.0
pi05_full_fix,perf/gpu_util_pct,967,1216.3009541034698,100.0
pi05_full_fix,perf/gpu_util_pct,968,1217.8062908649445,96.0
pi05_full_fix,perf/gpu_util_pct,969,1219.7553553581238,100.0
pi05_full_fix,perf/gpu_util_pct,971,1221.2592766284943,92.0
pi05_full_fix,perf/gpu_util_pct,972,1223.0165779590607,0.0
pi05_full_fix,perf/gpu_util_pct,973,1224.9331624507904,100.0
pi05_full_fix,perf/gpu_util_pct,975,1226.4366965293884,92.0
pi05_full_fix,perf/gpu_util_pct,976,1228.0866096019745,100.0
pi05_full_fix,perf/gpu_util_pct,977,1229.7424833774567,100.0
pi05_full_fix,perf/gpu_util_pct,979,1231.247228860855,93.0
pi05_full_fix,perf/gpu_util_pct,980,1232.9543271064758,100.0
pi05_full_fix,perf/gpu_util_pct,981,1234.8668508529663,100.0
pi05_full_fix,perf/gpu_util_pct,983,1236.3716626167297,92.0
pi05_full_fix,perf/gpu_util_pct,984,1238.046364068985,100.0
pi05_full_fix,perf/gpu_util_pct,985,1239.6732637882233,100.0
pi05_full_fix,perf/gpu_util_pct,987,1241.1763880252838,100.0
pi05_full_fix,perf/gpu_util_pct,988,1242.845458984375,100.0
pi05_full_fix,perf/gpu_util_pct,989,1244.8186929225922,100.0
pi05_full_fix,perf/gpu_util_pct,991,1246.3226189613342,84.0
pi05_full_fix,perf/gpu_util_pct,992,1247.9763429164886,100.0
pi05_full_fix,perf/gpu_util_pct,993,1249.6402821540833,100.0
pi05_full_fix,perf/gpu_util_pct,995,1251.1450397968292,90.0
pi05_full_fix,perf/gpu_util_pct,996,1252.7873718738556,100.0
pi05_full_fix,perf/gpu_util_pct,997,1254.4511053562164,100.0
pi05_full_fix,perf/gpu_util_pct,998,1255.9549446105957,100.0
pi05_full_fix,perf/gpu_util_pct,1000,1257.4584193229675,0.0
pi05_full_fix,perf/gpu_util_pct,1000,1259.2920289039612,0.0
pi05_full_fix,perf/gpu_util_pct,1000,1260.8223855495453,2.0
pi05_full_fix,perf/gpu_util_pct,1000,1263.5765795707703,0.0
pi05_full_fix,perf/gpu_util_pct,1000,1265.1779201030731,2.0
pi05_full_fix,perf/gpu_util_pct,1000,1266.743373632431,0.0
pi05_full_fix,perf/gpu_util_pct,1000,1268.2835500240326,0.0
pi05_full_fix,perf/gpu_util_pct,1000,1269.9028325080872,2.0
pi05_full_fix,perf/gpu_util_pct,1000,1271.4300599098206,2.0
pi05_full_fix,perf/gpu_util_pct,1000,1272.952759027481,0.0
pi05_full_fix,perf/gpu_util_pct,1000,1274.4819073677063,2.0
pi05_full_fix,perf/gpu_util_pct,1000,1275.9948861598969,2.0
pi05_full_fix,perf/gpu_util_pct,1000,1277.5163323879242,2.0
pi05_full_fix,perf/gpu_util_pct,1000,1279.0426795482635,2.0
pi05_full_fix,perf/gpu_util_pct,1000,1280.6960980892181,0.0
pi05_full_fix,perf/gpu_util_pct,1000,1282.2000648975372,0.0
pi05_full_fix,perf/gpu_util_pct,1000,1283.7080302238464,0.0
pi05_full_fix,perf/gpu_util_pct,1000,1285.3177707195282,3.0
pi05_full_fix,perf/gpu_util_pct,1000,1286.948673248291,3.0
pi05_full_fix,perf/gpu_util_pct,1000,1288.4821426868439,0.0
pi05_full_fix,perf/gpu_util_pct,1000,1290.052085161209,2.0
pi05_full_fix,perf/gpu_util_pct,1000,1291.6323974132538,3.0
pi05_full_fix,perf/gpu_util_pct,1000,1293.2489488124847,6.0
pi05_full_fix,perf/gpu_util_pct,1000,1294.8175365924835,3.0
pi05_full_fix,perf/gpu_util_pct,1000,1296.3938598632812,3.0
pi05_full_fix,perf/gpu_util_pct,1000,1297.9091424942017,3.0
pi05_full_fix,perf/gpu_util_pct,1000,1299.4201197624207,3.0
pi05_full_fix,perf/gpu_util_pct,1000,1301.3856098651886,0.0
pi05_full_fix,perf/gpu_util_pct,1000,1302.8921320438385,0.0
pi05_full_fix,perf/gpu_util_pct,1000,1304.3970177173615,0.0
pi05_full_fix,perf/gpu_util_pct,1000,1305.9010093212128,0.0
pi05_full_fix,perf/gpu_util_pct,1000,1307.4076516628265,0.0
pi05_full_fix,perf/gpu_util_pct,1000,1308.9122152328491,0.0
pi05_full_fix,perf/gpu_util_pct,1000,1310.4168345928192,0.0
pi05_full_fix,perf/gpu_util_pct,1000,1311.9205067157745,0.0
pi05_full_fix,perf/gpu_util_pct,1000,1313.7058787345886,0.0
pi05_full_fix,perf/gpu_util_pct,1000,1315.21777677536,2.0
pi05_full_fix,perf/gpu_util_pct,1000,1317.1871235370636,0.0
pi05_full_fix,perf/gpu_util_pct,1000,1318.7426946163177,2.0
pi05_full_fix,perf/gpu_util_pct,1000,1320.3377146720886,2.0
pi05_full_fix,perf/gpu_util_pct,1000,1321.942910194397,2.0
pi05_full_fix,perf/gpu_util_pct,1000,1323.4881646633148,0.0
pi05_full_fix,perf/gpu_util_pct,1000,1325.13401055336,2.0
pi05_full_fix,perf/gpu_util_pct,1000,1326.6528143882751,2.0
pi05_full_fix,perf/gpu_util_pct,1000,1328.1726865768433,2.0
pi05_full_fix,perf/gpu_util_pct,1000,1329.6884062290192,3.0
pi05_full_fix,perf/gpu_util_pct,1000,1332.0514795780182,0.0
pi05_full_fix,perf/gpu_util_pct,1000,1333.5554776191711,0.0
pi05_full_fix,perf/gpu_util_pct,1000,1335.1724662780762,2.0
pi05_full_fix,perf/gpu_util_pct,1000,1336.7908098697662,1.0
pi05_full_fix,perf/gpu_util_pct,1000,1338.3833100795746,3.0
pi05_full_fix,perf/gpu_util_pct,1000,1339.9743945598602,2.0
pi05_full_fix,perf/gpu_util_pct,1000,1341.5144283771515,2.0
pi05_full_fix,perf/gpu_util_pct,1000,1343.1483490467072,2.0
pi05_full_fix,perf/gpu_util_pct,1000,1344.6657423973083,2.0
pi05_full_fix,perf/gpu_util_pct,1000,1346.1894795894623,2.0
pi05_full_fix,perf/gpu_util_pct,1000,1347.7386116981506,2.0
pi05_full_fix,perf/gpu_util_pct,1000,1349.25932097435,2.0
pi05_full_fix,perf/gpu_util_pct,1000,1350.796358346939,2.0
pi05_full_fix,perf/gpu_util_pct,1000,1352.7506012916565,0.0
pi05_full_fix,perf/gpu_util_pct,1000,1354.254240989685,0.0
pi05_full_fix,perf/gpu_util_pct,1000,1355.758865594864,0.0
pi05_full_fix,perf/gpu_util_pct,1000,1357.2627000808716,0.0
pi05_full_fix,perf/gpu_util_pct,1000,1358.7666683197021,0.0
pi05_full_fix,perf/gpu_util_pct,1000,1360.2707228660583,0.0
pi05_full_fix,perf/gpu_util_pct,1000,1361.7766728401184,0.0
pi05_full_fix,perf/gpu_util_pct,1000,1363.2830810546875,0.0
pi05_full_fix,perf/gpu_mem_util_pct,0,0.010257244110107422,0.0
pi05_full_fix,perf/gpu_mem_util_pct,0,1.5145349502563477,0.0
pi05_full_fix,perf/gpu_mem_util_pct,0,3.0190911293029785,0.0
pi05_full_fix,perf/gpu_mem_util_pct,0,4.523096799850464,0.0
pi05_full_fix,perf/gpu_mem_util_pct,0,6.03083610534668,0.0
pi05_full_fix,perf/gpu_mem_util_pct,0,7.5357887744903564,0.0
pi05_full_fix,perf/gpu_mem_util_pct,0,9.039802074432373,0.0
pi05_full_fix,perf/gpu_mem_util_pct,0,10.544101238250732,0.0
pi05_full_fix,perf/gpu_mem_util_pct,0,12.087660551071167,0.0
pi05_full_fix,perf/gpu_mem_util_pct,0,13.617544889450073,0.0
pi05_full_fix,perf/gpu_mem_util_pct,0,15.132164478302002,0.0
pi05_full_fix,perf/gpu_mem_util_pct,0,16.63698387145996,0.0
pi05_full_fix,perf/gpu_mem_util_pct,0,18.14317512512207,0.0
pi05_full_fix,perf/gpu_mem_util_pct,0,19.649029970169067,0.0
pi05_full_fix,perf/gpu_mem_util_pct,0,21.15308427810669,1.0
pi05_full_fix,perf/gpu_mem_util_pct,1,22.716180086135864,29.0
pi05_full_fix,perf/gpu_mem_util_pct,2,24.221606016159058,59.0
pi05_full_fix,perf/gpu_mem_util_pct,3,25.833908081054688,0.0
pi05_full_fix,perf/gpu_mem_util_pct,4,27.734967947006226,12.0
pi05_full_fix,perf/gpu_mem_util_pct,6,29.23920440673828,11.0
pi05_full_fix,perf/gpu_mem_util_pct,7,30.82096815109253,31.0
pi05_full_fix,perf/gpu_mem_util_pct,8,32.61558699607849,12.0
pi05_full_fix,perf/gpu_mem_util_pct,10,34.119667291641235,8.0
pi05_full_fix,perf/gpu_mem_util_pct,11,35.68946409225464,57.0
pi05_full_fix,perf/gpu_mem_util_pct,12,37.223710775375366,0.0
pi05_full_fix,perf/gpu_mem_util_pct,13,39.035932779312134,11.0
pi05_full_fix,perf/gpu_mem_util_pct,15,40.54219889640808,8.0
pi05_full_fix,perf/gpu_mem_util_pct,16,42.204811811447144,57.0
pi05_full_fix,perf/gpu_mem_util_pct,17,43.84865427017212,10.0
pi05_full_fix,perf/gpu_mem_util_pct,19,45.41882634162903,45.0
pi05_full_fix,perf/gpu_mem_util_pct,20,46.925118923187256,37.0
pi05_full_fix,perf/gpu_mem_util_pct,21,48.755592584609985,12.0
pi05_full_fix,perf/gpu_mem_util_pct,23,50.25889253616333,11.0
pi05_full_fix,perf/gpu_mem_util_pct,24,51.76382493972778,31.0
pi05_full_fix,perf/gpu_mem_util_pct,25,53.71330261230469,11.0
pi05_full_fix,perf/gpu_mem_util_pct,27,55.21689581871033,59.0
pi05_full_fix,perf/gpu_mem_util_pct,28,56.85815191268921,55.0
pi05_full_fix,perf/gpu_mem_util_pct,29,58.51362752914429,11.0
pi05_full_fix,perf/gpu_mem_util_pct,30,60.017250299453735,15.0
pi05_full_fix,perf/gpu_mem_util_pct,32,61.52153515815735,8.0
pi05_full_fix,perf/gpu_mem_util_pct,33,63.36367154121399,10.0
pi05_full_fix,perf/gpu_mem_util_pct,35,64.86702704429626,14.0
pi05_full_fix,perf/gpu_mem_util_pct,36,66.37129473686218,8.0
pi05_full_fix,perf/gpu_mem_util_pct,37,68.38199043273926,14.0
pi05_full_fix,perf/gpu_mem_util_pct,38,69.9750726222992,14.0
pi05_full_fix,perf/gpu_mem_util_pct,40,71.47833037376404,38.0
pi05_full_fix,perf/gpu_mem_util_pct,41,73.12871766090393,57.0
pi05_full_fix,perf/gpu_mem_util_pct,42,74.80043005943298,13.0
pi05_full_fix,perf/gpu_mem_util_pct,44,76.30672454833984,26.0
pi05_full_fix,perf/gpu_mem_util_pct,45,77.97634029388428,57.0
pi05_full_fix,perf/gpu_mem_util_pct,46,79.60653710365295,12.0
pi05_full_fix,perf/gpu_mem_util_pct,47,81.11002135276794,11.0
pi05_full_fix,perf/gpu_mem_util_pct,49,82.61465549468994,44.0
pi05_full_fix,perf/gpu_mem_util_pct,50,84.3830988407135,57.0
pi05_full_fix,perf/gpu_mem_util_pct,51,85.92263698577881,13.0
pi05_full_fix,perf/gpu_mem_util_pct,53,87.42589807510376,49.0
pi05_full_fix,perf/gpu_mem_util_pct,54,89.07707333564758,55.0
pi05_full_fix,perf/gpu_mem_util_pct,55,90.78001546859741,57.0
pi05_full_fix,perf/gpu_mem_util_pct,56,92.30318021774292,12.0
pi05_full_fix,perf/gpu_mem_util_pct,58,93.8099365234375,49.0
pi05_full_fix,perf/gpu_mem_util_pct,59,95.48072004318237,56.0
pi05_full_fix,perf/gpu_mem_util_pct,60,97.09549808502197,11.0
pi05_full_fix,perf/gpu_mem_util_pct,62,98.5998432636261,45.0
pi05_full_fix,perf/gpu_mem_util_pct,63,100.35298490524292,57.0
pi05_full_fix,perf/gpu_mem_util_pct,64,102.14451575279236,13.0
pi05_full_fix,perf/gpu_mem_util_pct,66,103.64913439750671,62.0
pi05_full_fix,perf/gpu_mem_util_pct,67,105.29137182235718,54.0
pi05_full_fix,perf/gpu_mem_util_pct,68,106.94190049171448,12.0
pi05_full_fix,perf/gpu_mem_util_pct,70,108.4456467628479,59.0
pi05_full_fix,perf/gpu_mem_util_pct,71,110.20836186408997,57.0
pi05_full_fix,perf/gpu_mem_util_pct,72,111.73595523834229,13.0
pi05_full_fix,perf/gpu_mem_util_pct,73,113.2624123096466,10.0
pi05_full_fix,perf/gpu_mem_util_pct,75,114.76592898368835,19.0
pi05_full_fix,perf/gpu_mem_util_pct,76,116.4198055267334,56.0
pi05_full_fix,perf/gpu_mem_util_pct,77,118.08471369743347,11.0
pi05_full_fix,perf/gpu_mem_util_pct,79,119.6593108177185,37.0
pi05_full_fix,perf/gpu_mem_util_pct,80,121.40164303779602,43.0
pi05_full_fix,perf/gpu_mem_util_pct,81,122.96312379837036,10.0
pi05_full_fix,perf/gpu_mem_util_pct,82,124.55161833763123,10.0
pi05_full_fix,perf/gpu_mem_util_pct,84,126.05756998062134,12.0
pi05_full_fix,perf/gpu_mem_util_pct,85,127.69930338859558,57.0
pi05_full_fix,perf/gpu_mem_util_pct,86,129.3578143119812,10.0
pi05_full_fix,perf/gpu_mem_util_pct,88,130.8610701560974,15.0
pi05_full_fix,perf/gpu_mem_util_pct,89,132.50149083137512,57.0
pi05_full_fix,perf/gpu_mem_util_pct,90,134.15107798576355,10.0
pi05_full_fix,perf/gpu_mem_util_pct,91,135.6543951034546,11.0
pi05_full_fix,perf/gpu_mem_util_pct,93,137.15782189369202,60.0
pi05_full_fix,perf/gpu_mem_util_pct,94,138.9378204345703,57.0
pi05_full_fix,perf/gpu_mem_util_pct,95,140.44125723838806,11.0
pi05_full_fix,perf/gpu_mem_util_pct,97,141.94507956504822,60.0
pi05_full_fix,perf/gpu_mem_util_pct,98,143.7971293926239,12.0
pi05_full_fix,perf/gpu_mem_util_pct,100,145.30035781860352,11.0
pi05_full_fix,perf/gpu_mem_util_pct,101,146.80729007720947,37.0
pi05_full_fix,perf/gpu_mem_util_pct,102,148.31073427200317,8.0
pi05_full_fix,perf/gpu_mem_util_pct,103,150.27242279052734,15.0
pi05_full_fix,perf/gpu_mem_util_pct,105,151.7765166759491,40.0
pi05_full_fix,perf/gpu_mem_util_pct,106,153.44602608680725,57.0
pi05_full_fix,perf/gpu_mem_util_pct,107,155.07299208641052,15.0
pi05_full_fix,perf/gpu_mem_util_pct,108,156.59091019630432,11.0
pi05_full_fix,perf/gpu_mem_util_pct,110,158.09441447257996,44.0
pi05_full_fix,perf/gpu_mem_util_pct,111,159.72596764564514,56.0
pi05_full_fix,perf/gpu_mem_util_pct,112,161.39118885993958,11.0
pi05_full_fix,perf/gpu_mem_util_pct,114,162.8951816558838,44.0
pi05_full_fix,perf/gpu_mem_util_pct,115,164.67721915245056,58.0
pi05_full_fix,perf/gpu_mem_util_pct,116,166.18470239639282,11.0
pi05_full_fix,perf/gpu_mem_util_pct,117,167.68872618675232,14.0
pi05_full_fix,perf/gpu_mem_util_pct,119,169.19248414039612,36.0
pi05_full_fix,perf/gpu_mem_util_pct,120,170.96478867530823,57.0
pi05_full_fix,perf/gpu_mem_util_pct,121,172.48462867736816,14.0
pi05_full_fix,perf/gpu_mem_util_pct,123,173.99030303955078,30.0
pi05_full_fix,perf/gpu_mem_util_pct,124,175.63622188568115,57.0
pi05_full_fix,perf/gpu_mem_util_pct,125,177.4880177974701,10.0
pi05_full_fix,perf/gpu_mem_util_pct,127,178.99296879768372,14.0
pi05_full_fix,perf/gpu_mem_util_pct,128,180.49831819534302,8.0
pi05_full_fix,perf/gpu_mem_util_pct,129,182.48049759864807,12.0
pi05_full_fix,perf/gpu_mem_util_pct,131,183.98467874526978,15.0
pi05_full_fix,perf/gpu_mem_util_pct,132,185.6353554725647,57.0
pi05_full_fix,perf/gpu_mem_util_pct,133,187.3267719745636,11.0
pi05_full_fix,perf/gpu_mem_util_pct,135,188.82991695404053,13.0
pi05_full_fix,perf/gpu_mem_util_pct,136,190.3333387374878,8.0
pi05_full_fix,perf/gpu_mem_util_pct,137,192.33966374397278,11.0
pi05_full_fix,perf/gpu_mem_util_pct,139,193.84404730796814,7.0
pi05_full_fix,perf/gpu_mem_util_pct,140,195.50679469108582,57.0
pi05_full_fix,perf/gpu_mem_util_pct,141,197.15335273742676,10.0
pi05_full_fix,perf/gpu_mem_util_pct,142,198.72064423561096,11.0
pi05_full_fix,perf/gpu_mem_util_pct,144,200.22420740127563,8.0
pi05_full_fix,perf/gpu_mem_util_pct,145,201.9470522403717,57.0
pi05_full_fix,perf/gpu_mem_util_pct,146,203.51334238052368,12.0
pi05_full_fix,perf/gpu_mem_util_pct,148,205.01688075065613,14.0
pi05_full_fix,perf/gpu_mem_util_pct,149,206.7796869277954,57.0
pi05_full_fix,perf/gpu_mem_util_pct,150,208.3070683479309,12.0
pi05_full_fix,perf/gpu_mem_util_pct,151,209.87292981147766,15.0
pi05_full_fix,perf/gpu_mem_util_pct,153,211.37699818611145,41.0
pi05_full_fix,perf/gpu_mem_util_pct,154,213.0585606098175,57.0
pi05_full_fix,perf/gpu_mem_util_pct,155,214.6796395778656,14.0
pi05_full_fix,perf/gpu_mem_util_pct,157,216.18880438804626,32.0
pi05_full_fix,perf/gpu_mem_util_pct,158,217.87671184539795,57.0
pi05_full_fix,perf/gpu_mem_util_pct,159,219.4875361919403,14.0
pi05_full_fix,perf/gpu_mem_util_pct,160,221.01477932929993,13.0
pi05_full_fix,perf/gpu_mem_util_pct,162,222.5197536945343,59.0
pi05_full_fix,perf/gpu_mem_util_pct,163,224.17457389831543,55.0
pi05_full_fix,perf/gpu_mem_util_pct,164,225.81655597686768,13.0
pi05_full_fix,perf/gpu_mem_util_pct,166,227.3206341266632,59.0
pi05_full_fix,perf/gpu_mem_util_pct,167,229.07773423194885,57.0
pi05_full_fix,perf/gpu_mem_util_pct,168,230.61238288879395,12.0
pi05_full_fix,perf/gpu_mem_util_pct,169,232.26139283180237,14.0
pi05_full_fix,perf/gpu_mem_util_pct,171,233.7668423652649,48.0
pi05_full_fix,perf/gpu_mem_util_pct,172,235.49102807044983,57.0
pi05_full_fix,perf/gpu_mem_util_pct,173,237.057297706604,14.0
pi05_full_fix,perf/gpu_mem_util_pct,175,238.56162667274475,55.0
pi05_full_fix,perf/gpu_mem_util_pct,176,240.19618153572083,52.0
pi05_full_fix,perf/gpu_mem_util_pct,177,241.85213708877563,13.0
pi05_full_fix,perf/gpu_mem_util_pct,178,243.35579895973206,11.0
pi05_full_fix,perf/gpu_mem_util_pct,180,244.86067914962769,8.0
pi05_full_fix,perf/gpu_mem_util_pct,181,246.66024494171143,29.0
pi05_full_fix,perf/gpu_mem_util_pct,182,248.167799949646,11.0
pi05_full_fix,perf/gpu_mem_util_pct,184,249.671306848526,8.0
pi05_full_fix,perf/gpu_mem_util_pct,185,251.3871612548828,57.0
pi05_full_fix,perf/gpu_mem_util_pct,186,253.28076934814453,14.0
pi05_full_fix,perf/gpu_mem_util_pct,188,254.79076647758484,37.0
pi05_full_fix,perf/gpu_mem_util_pct,189,256.5621032714844,57.0
pi05_full_fix,perf/gpu_mem_util_pct,190,258.0777850151062,14.0
pi05_full_fix,perf/gpu_mem_util_pct,192,259.5862295627594,36.0
pi05_full_fix,perf/gpu_mem_util_pct,193,261.2227680683136,48.0
pi05_full_fix,perf/gpu_mem_util_pct,194,262.96383786201477,57.0
pi05_full_fix,perf/gpu_mem_util_pct,195,264.46781158447266,14.0
pi05_full_fix,perf/gpu_mem_util_pct,197,265.9713258743286,52.0
pi05_full_fix,perf/gpu_mem_util_pct,198,267.59515833854675,54.0
pi05_full_fix,perf/gpu_mem_util_pct,199,269.25339221954346,10.0
pi05_full_fix,perf/gpu_mem_util_pct,201,270.75688195228577,16.0
pi05_full_fix,perf/gpu_mem_util_pct,202,272.53411769866943,43.0
pi05_full_fix,perf/gpu_mem_util_pct,203,274.46558356285095,10.0
pi05_full_fix,perf/gpu_mem_util_pct,205,275.9697871208191,22.0
pi05_full_fix,perf/gpu_mem_util_pct,206,277.709397315979,45.0
pi05_full_fix,perf/gpu_mem_util_pct,207,279.2614653110504,10.0
pi05_full_fix,perf/gpu_mem_util_pct,209,280.76615715026855,22.0
pi05_full_fix,perf/gpu_mem_util_pct,210,282.52165150642395,48.0
pi05_full_fix,perf/gpu_mem_util_pct,211,284.06149411201477,10.0
pi05_full_fix,perf/gpu_mem_util_pct,212,285.5660357475281,12.0
pi05_full_fix,perf/gpu_mem_util_pct,214,287.0706171989441,60.0
pi05_full_fix,perf/gpu_mem_util_pct,215,288.97097611427307,13.0
pi05_full_fix,perf/gpu_mem_util_pct,217,290.4753386974335,11.0
pi05_full_fix,perf/gpu_mem_util_pct,218,291.9798276424408,29.0
pi05_full_fix,perf/gpu_mem_util_pct,219,293.90866804122925,11.0
pi05_full_fix,perf/gpu_mem_util_pct,221,295.4133503437042,58.0
pi05_full_fix,perf/gpu_mem_util_pct,222,296.9171476364136,21.0
pi05_full_fix,perf/gpu_mem_util_pct,223,298.5631034374237,57.0
pi05_full_fix,perf/gpu_mem_util_pct,224,300.2560615539551,10.0
pi05_full_fix,perf/gpu_mem_util_pct,226,301.76055335998535,14.0
pi05_full_fix,perf/gpu_mem_util_pct,227,303.44859194755554,57.0
pi05_full_fix,perf/gpu_mem_util_pct,228,305.0560824871063,10.0
pi05_full_fix,perf/gpu_mem_util_pct,230,306.5600736141205,13.0
pi05_full_fix,perf/gpu_mem_util_pct,231,308.24698543548584,57.0
pi05_full_fix,perf/gpu_mem_util_pct,232,309.86198019981384,10.0
pi05_full_fix,perf/gpu_mem_util_pct,234,311.3657636642456,16.0
pi05_full_fix,perf/gpu_mem_util_pct,235,313.13625264167786,44.0
pi05_full_fix,perf/gpu_mem_util_pct,236,314.65474581718445,10.0
pi05_full_fix,perf/gpu_mem_util_pct,238,316.1589117050171,14.0
pi05_full_fix,perf/gpu_mem_util_pct,239,317.66230869293213,15.0
pi05_full_fix,perf/gpu_mem_util_pct,240,319.2780041694641,49.0
pi05_full_fix,perf/gpu_mem_util_pct,241,321.028936624527,11.0
pi05_full_fix,perf/gpu_mem_util_pct,243,322.53304171562195,8.0
pi05_full_fix,perf/gpu_mem_util_pct,244,324.15744042396545,57.0
pi05_full_fix,perf/gpu_mem_util_pct,245,325.81880354881287,11.0
pi05_full_fix,perf/gpu_mem_util_pct,247,327.3227605819702,28.0
pi05_full_fix,perf/gpu_mem_util_pct,248,328.96673345565796,57.0
pi05_full_fix,perf/gpu_mem_util_pct,249,330.66108536720276,10.0
pi05_full_fix,perf/gpu_mem_util_pct,251,332.16509652137756,21.0
pi05_full_fix,perf/gpu_mem_util_pct,252,333.8316421508789,56.0
pi05_full_fix,perf/gpu_mem_util_pct,253,335.4633538722992,10.0
pi05_full_fix,perf/gpu_mem_util_pct,255,337.24423909187317,0.0
pi05_full_fix,perf/gpu_mem_util_pct,256,338.76704478263855,53.0
pi05_full_fix,perf/gpu_mem_util_pct,257,340.66003012657166,10.0
pi05_full_fix,perf/gpu_mem_util_pct,259,342.1636266708374,19.0
pi05_full_fix,perf/gpu_mem_util_pct,260,343.8200891017914,56.0
pi05_full_fix,perf/gpu_mem_util_pct,261,345.4785485267639,10.0
pi05_full_fix,perf/gpu_mem_util_pct,263,346.98181080818176,38.0
pi05_full_fix,perf/gpu_mem_util_pct,264,348.485595703125,33.0
pi05_full_fix,perf/gpu_mem_util_pct,265,350.2480537891388,57.0
pi05_full_fix,perf/gpu_mem_util_pct,266,351.78281116485596,14.0
pi05_full_fix,perf/gpu_mem_util_pct,268,353.2892141342163,35.0
pi05_full_fix,perf/gpu_mem_util_pct,269,355.0013060569763,57.0
pi05_full_fix,perf/gpu_mem_util_pct,270,356.58780670166016,14.0
pi05_full_fix,perf/gpu_mem_util_pct,272,358.09207487106323,33.0
pi05_full_fix,perf/gpu_mem_util_pct,273,359.6012077331543,14.0
pi05_full_fix,perf/gpu_mem_util_pct,274,361.14059591293335,48.0
pi05_full_fix,perf/gpu_mem_util_pct,275,363.00733375549316,12.0
pi05_full_fix,perf/gpu_mem_util_pct,277,364.51576256752014,16.0
pi05_full_fix,perf/gpu_mem_util_pct,278,366.28202724456787,57.0
pi05_full_fix,perf/gpu_mem_util_pct,279,367.810195684433,12.0
pi05_full_fix,perf/gpu_mem_util_pct,281,369.4587779045105,4.0
pi05_full_fix,perf/gpu_mem_util_pct,282,371.0234203338623,49.0
pi05_full_fix,perf/gpu_mem_util_pct,283,372.8431942462921,11.0
pi05_full_fix,perf/gpu_mem_util_pct,285,374.3474237918854,7.0
pi05_full_fix,perf/gpu_mem_util_pct,286,376.02181124687195,57.0
pi05_full_fix,perf/gpu_mem_util_pct,287,377.65087723731995,10.0
pi05_full_fix,perf/gpu_mem_util_pct,289,379.1602473258972,14.0
pi05_full_fix,perf/gpu_mem_util_pct,290,380.66391134262085,60.0
pi05_full_fix,perf/gpu_mem_util_pct,291,382.43725514411926,57.0
pi05_full_fix,perf/gpu_mem_util_pct,292,383.94104290008545,12.0
pi05_full_fix,perf/gpu_mem_util_pct,294,385.444935798645,60.0
pi05_full_fix,perf/gpu_mem_util_pct,295,387.116503238678,54.0
pi05_full_fix,perf/gpu_mem_util_pct,296,388.7499740123749,13.0
pi05_full_fix,perf/gpu_mem_util_pct,298,390.2542026042938,53.0
pi05_full_fix,perf/gpu_mem_util_pct,299,391.7606279850006,8.0
pi05_full_fix,perf/gpu_mem_util_pct,300,393.4993546009064,57.0
pi05_full_fix,perf/gpu_mem_util_pct,301,395.04493165016174,11.0
pi05_full_fix,perf/gpu_mem_util_pct,303,396.54907488822937,13.0
pi05_full_fix,perf/gpu_mem_util_pct,304,398.3063564300537,57.0
pi05_full_fix,perf/gpu_mem_util_pct,305,399.84537506103516,10.0
pi05_full_fix,perf/gpu_mem_util_pct,306,401.3879339694977,14.0
pi05_full_fix,perf/gpu_mem_util_pct,308,402.89147901535034,22.0
pi05_full_fix,perf/gpu_mem_util_pct,309,404.5435984134674,45.0
pi05_full_fix,perf/gpu_mem_util_pct,310,406.20711064338684,12.0
pi05_full_fix,perf/gpu_mem_util_pct,312,407.71816062927246,14.0
pi05_full_fix,perf/gpu_mem_util_pct,313,409.48612427711487,57.0
pi05_full_fix,perf/gpu_mem_util_pct,314,411.0160450935364,11.0
pi05_full_fix,perf/gpu_mem_util_pct,316,412.51953053474426,11.0
pi05_full_fix,perf/gpu_mem_util_pct,317,414.022705078125,25.0
pi05_full_fix,perf/gpu_mem_util_pct,318,415.91430854797363,13.0
pi05_full_fix,perf/gpu_mem_util_pct,320,417.4212169647217,60.0
pi05_full_fix,perf/gpu_mem_util_pct,321,418.947970867157,19.0
pi05_full_fix,perf/gpu_mem_util_pct,322,420.83331823349,12.0
pi05_full_fix,perf/gpu_mem_util_pct,323,422.39713501930237,11.0
pi05_full_fix,perf/gpu_mem_util_pct,325,423.90227365493774,51.0
pi05_full_fix,perf/gpu_mem_util_pct,326,425.50022053718567,55.0
pi05_full_fix,perf/gpu_mem_util_pct,327,427.1998510360718,11.0
pi05_full_fix,perf/gpu_mem_util_pct,329,428.704119682312,54.0
pi05_full_fix,perf/gpu_mem_util_pct,330,430.3636951446533,55.0
pi05_full_fix,perf/gpu_mem_util_pct,331,432.00421500205994,11.0
pi05_full_fix,perf/gpu_mem_util_pct,332,433.5082263946533,14.0
pi05_full_fix,perf/gpu_mem_util_pct,334,435.01167726516724,8.0
pi05_full_fix,perf/gpu_mem_util_pct,335,436.6616988182068,57.0
pi05_full_fix,perf/gpu_mem_util_pct,336,438.27994561195374,14.0
pi05_full_fix,perf/gpu_mem_util_pct,338,439.78347516059875,39.0
pi05_full_fix,perf/gpu_mem_util_pct,339,441.5599708557129,57.0
pi05_full_fix,perf/gpu_mem_util_pct,340,443.0679132938385,14.0
pi05_full_fix,perf/gpu_mem_util_pct,341,444.5717730522156,11.0
pi05_full_fix,perf/gpu_mem_util_pct,343,446.07519149780273,8.0
pi05_full_fix,perf/gpu_mem_util_pct,344,447.9203236103058,28.0
pi05_full_fix,perf/gpu_mem_util_pct,346,449.4243047237396,14.0
pi05_full_fix,perf/gpu_mem_util_pct,347,450.92825722694397,8.0
pi05_full_fix,perf/gpu_mem_util_pct,348,452.9203815460205,11.0
pi05_full_fix,perf/gpu_mem_util_pct,350,454.42404413223267,8.0
pi05_full_fix,perf/gpu_mem_util_pct,351,455.9274468421936,62.0
pi05_full_fix,perf/gpu_mem_util_pct,352,457.5878360271454,54.0
pi05_full_fix,perf/gpu_mem_util_pct,353,459.2422776222229,13.0
pi05_full_fix,perf/gpu_mem_util_pct,355,460.74720573425293,61.0
pi05_full_fix,perf/gpu_mem_util_pct,356,462.4354133605957,57.0
pi05_full_fix,perf/gpu_mem_util_pct,357,464.04320788383484,13.0
pi05_full_fix,perf/gpu_mem_util_pct,359,465.5484001636505,63.0
pi05_full_fix,perf/gpu_mem_util_pct,360,467.1765968799591,54.0
pi05_full_fix,perf/gpu_mem_util_pct,361,468.8506999015808,13.0
pi05_full_fix,perf/gpu_mem_util_pct,363,470.3546185493469,61.0
pi05_full_fix,perf/gpu_mem_util_pct,364,472.1219570636749,57.0
pi05_full_fix,perf/gpu_mem_util_pct,365,473.6414747238159,13.0
pi05_full_fix,perf/gpu_mem_util_pct,367,475.14593172073364,61.0
pi05_full_fix,perf/gpu_mem_util_pct,368,476.6500508785248,77.0
pi05_full_fix,perf/gpu_mem_util_pct,369,478.21926403045654,54.0
pi05_full_fix,perf/gpu_mem_util_pct,370,480.04479336738586,13.0
pi05_full_fix,perf/gpu_mem_util_pct,372,481.54864621162415,56.0
pi05_full_fix,perf/gpu_mem_util_pct,373,483.1893937587738,51.0
pi05_full_fix,perf/gpu_mem_util_pct,374,484.859254360199,14.0
pi05_full_fix,perf/gpu_mem_util_pct,376,486.50855684280396,11.0
pi05_full_fix,perf/gpu_mem_util_pct,377,488.0662913322449,48.0
pi05_full_fix,perf/gpu_mem_util_pct,378,489.87519454956055,14.0
pi05_full_fix,perf/gpu_mem_util_pct,380,491.38779616355896,40.0
pi05_full_fix,perf/gpu_mem_util_pct,381,493.0810561180115,57.0
pi05_full_fix,perf/gpu_mem_util_pct,382,494.67985343933105,14.0
pi05_full_fix,perf/gpu_mem_util_pct,384,496.3740174770355,7.0
pi05_full_fix,perf/gpu_mem_util_pct,385,497.97622990608215,47.0
pi05_full_fix,perf/gpu_mem_util_pct,386,499.7277669906616,11.0
pi05_full_fix,perf/gpu_mem_util_pct,388,501.234375,8.0
pi05_full_fix,perf/gpu_mem_util_pct,389,502.8903751373291,58.0
pi05_full_fix,perf/gpu_mem_util_pct,390,504.54662561416626,10.0
pi05_full_fix,perf/gpu_mem_util_pct,392,506.0513505935669,9.0
pi05_full_fix,perf/gpu_mem_util_pct,393,507.5547339916229,59.0
pi05_full_fix,perf/gpu_mem_util_pct,394,509.3009293079376,57.0
pi05_full_fix,perf/gpu_mem_util_pct,395,510.81033158302307,12.0
pi05_full_fix,perf/gpu_mem_util_pct,397,512.3153924942017,59.0
pi05_full_fix,perf/gpu_mem_util_pct,398,513.8800132274628,55.0
pi05_full_fix,perf/gpu_mem_util_pct,399,515.6117899417877,12.0
pi05_full_fix,perf/gpu_mem_util_pct,401,517.1159298419952,59.0
pi05_full_fix,perf/gpu_mem_util_pct,402,518.6357724666595,14.0
pi05_full_fix,perf/gpu_mem_util_pct,403,520.2899577617645,57.0
pi05_full_fix,perf/gpu_mem_util_pct,404,521.9328997135162,11.0
pi05_full_fix,perf/gpu_mem_util_pct,406,523.4365582466125,14.0
pi05_full_fix,perf/gpu_mem_util_pct,407,525.0220804214478,47.0
pi05_full_fix,perf/gpu_mem_util_pct,408,526.751158952713,10.0
pi05_full_fix,perf/gpu_mem_util_pct,410,528.4233827590942,13.0
pi05_full_fix,perf/gpu_mem_util_pct,411,529.9283454418182,14.0
pi05_full_fix,perf/gpu_mem_util_pct,412,531.8497505187988,13.0
pi05_full_fix,perf/gpu_mem_util_pct,414,533.3571281433105,54.0
pi05_full_fix,perf/gpu_mem_util_pct,415,534.9323706626892,47.0
pi05_full_fix,perf/gpu_mem_util_pct,416,536.6865367889404,14.0
pi05_full_fix,perf/gpu_mem_util_pct,418,538.3703789710999,8.0
pi05_full_fix,perf/gpu_mem_util_pct,419,539.9937446117401,47.0
pi05_full_fix,perf/gpu_mem_util_pct,420,541.7206251621246,12.0
pi05_full_fix,perf/gpu_mem_util_pct,422,543.2249472141266,14.0
pi05_full_fix,perf/gpu_mem_util_pct,423,544.8817684650421,57.0
pi05_full_fix,perf/gpu_mem_util_pct,424,546.5347113609314,11.0
pi05_full_fix,perf/gpu_mem_util_pct,426,548.0415933132172,61.0
pi05_full_fix,perf/gpu_mem_util_pct,427,549.5491592884064,32.0
pi05_full_fix,perf/gpu_mem_util_pct,428,551.0529654026031,8.0
pi05_full_fix,perf/gpu_mem_util_pct,429,552.9919357299805,13.0
pi05_full_fix,perf/gpu_mem_util_pct,431,554.4968554973602,8.0
pi05_full_fix,perf/gpu_mem_util_pct,432,556.1663110256195,55.0
pi05_full_fix,perf/gpu_mem_util_pct,433,557.8347156047821,11.0
pi05_full_fix,perf/gpu_mem_util_pct,435,559.345541715622,8.0
pi05_full_fix,perf/gpu_mem_util_pct,436,560.8493185043335,14.0
pi05_full_fix,perf/gpu_mem_util_pct,437,562.4360156059265,48.0
pi05_full_fix,perf/gpu_mem_util_pct,438,564.236022233963,11.0
pi05_full_fix,perf/gpu_mem_util_pct,440,565.7407019138336,13.0
pi05_full_fix,perf/gpu_mem_util_pct,441,567.3177347183228,57.0
pi05_full_fix,perf/gpu_mem_util_pct,442,569.0614261627197,10.0
pi05_full_fix,perf/gpu_mem_util_pct,443,570.6798434257507,11.0
pi05_full_fix,perf/gpu_mem_util_pct,445,572.1838705539703,43.0
pi05_full_fix,perf/gpu_mem_util_pct,446,573.8231761455536,55.0
pi05_full_fix,perf/gpu_mem_util_pct,447,575.5183761119843,11.0
pi05_full_fix,perf/gpu_mem_util_pct,449,577.0222702026367,56.0
pi05_full_fix,perf/gpu_mem_util_pct,450,578.6651103496552,55.0
pi05_full_fix,perf/gpu_mem_util_pct,451,580.3259012699127,11.0
pi05_full_fix,perf/gpu_mem_util_pct,453,582.1072747707367,0.0
pi05_full_fix,perf/gpu_mem_util_pct,454,583.6164116859436,21.0
pi05_full_fix,perf/gpu_mem_util_pct,455,585.5345478057861,12.0
pi05_full_fix,perf/gpu_mem_util_pct,457,587.0391252040863,60.0
pi05_full_fix,perf/gpu_mem_util_pct,458,588.7062685489655,57.0
pi05_full_fix,perf/gpu_mem_util_pct,459,590.3534624576569,13.0
pi05_full_fix,perf/gpu_mem_util_pct,461,592.1304841041565,0.0
pi05_full_fix,perf/gpu_mem_util_pct,462,593.8238351345062,57.0
pi05_full_fix,perf/gpu_mem_util_pct,463,595.4401915073395,11.0
pi05_full_fix,perf/gpu_mem_util_pct,465,596.9436099529266,7.0
pi05_full_fix,perf/gpu_mem_util_pct,466,598.612800359726,57.0
pi05_full_fix,perf/gpu_mem_util_pct,467,600.2559688091278,10.0
pi05_full_fix,perf/gpu_mem_util_pct,469,601.7609689235687,17.0
pi05_full_fix,perf/gpu_mem_util_pct,470,603.2658798694611,14.0
pi05_full_fix,perf/gpu_mem_util_pct,471,604.8557379245758,44.0
pi05_full_fix,perf/gpu_mem_util_pct,472,606.6193866729736,11.0
pi05_full_fix,perf/gpu_mem_util_pct,474,608.1241080760956,8.0
pi05_full_fix,perf/gpu_mem_util_pct,475,609.8888852596283,57.0
pi05_full_fix,perf/gpu_mem_util_pct,476,611.4217817783356,11.0
pi05_full_fix,perf/gpu_mem_util_pct,478,612.9268863201141,8.0
pi05_full_fix,perf/gpu_mem_util_pct,479,614.4308514595032,21.0
pi05_full_fix,perf/gpu_mem_util_pct,480,615.9638340473175,47.0
pi05_full_fix,perf/gpu_mem_util_pct,481,617.8088088035583,12.0
pi05_full_fix,perf/gpu_mem_util_pct,483,619.3309895992279,8.0
pi05_full_fix,perf/gpu_mem_util_pct,484,620.9772231578827,57.0
pi05_full_fix,perf/gpu_mem_util_pct,485,622.6353659629822,11.0
pi05_full_fix,perf/gpu_mem_util_pct,487,624.1400048732758,8.0
pi05_full_fix,perf/gpu_mem_util_pct,488,625.6444990634918,14.0
pi05_full_fix,perf/gpu_mem_util_pct,489,627.1903276443481,48.0
pi05_full_fix,perf/gpu_mem_util_pct,490,629.045966386795,11.0
pi05_full_fix,perf/gpu_mem_util_pct,492,630.549754858017,7.0
pi05_full_fix,perf/gpu_mem_util_pct,493,632.2136874198914,57.0
pi05_full_fix,perf/gpu_mem_util_pct,494,633.8381297588348,11.0
pi05_full_fix,perf/gpu_mem_util_pct,496,635.635838508606,0.0
pi05_full_fix,perf/gpu_mem_util_pct,497,637.2842764854431,54.0
pi05_full_fix,perf/gpu_mem_util_pct,498,638.9417219161987,13.0
pi05_full_fix,perf/gpu_mem_util_pct,500,640.4461827278137,60.0
pi05_full_fix,perf/gpu_mem_util_pct,501,642.0848398208618,54.0
pi05_full_fix,perf/gpu_mem_util_pct,502,643.7464833259583,13.0
pi05_full_fix,perf/gpu_mem_util_pct,504,645.254846572876,59.0
pi05_full_fix,perf/gpu_mem_util_pct,505,646.7583186626434,36.0
pi05_full_fix,perf/gpu_mem_util_pct,506,648.4172885417938,56.0
pi05_full_fix,perf/gpu_mem_util_pct,507,650.079078912735,11.0
pi05_full_fix,perf/gpu_mem_util_pct,509,651.5844247341156,38.0
pi05_full_fix,perf/gpu_mem_util_pct,510,653.2299222946167,56.0
pi05_full_fix,perf/gpu_mem_util_pct,511,654.8921675682068,11.0
pi05_full_fix,perf/gpu_mem_util_pct,513,656.3975608348846,48.0
pi05_full_fix,perf/gpu_mem_util_pct,514,657.9016213417053,47.0
pi05_full_fix,perf/gpu_mem_util_pct,515,659.6558265686035,57.0
pi05_full_fix,perf/gpu_mem_util_pct,516,661.1662259101868,14.0
pi05_full_fix,perf/gpu_mem_util_pct,518,662.670836687088,41.0
pi05_full_fix,perf/gpu_mem_util_pct,519,664.4184691905975,57.0
pi05_full_fix,perf/gpu_mem_util_pct,520,665.973391532898,14.0
pi05_full_fix,perf/gpu_mem_util_pct,521,667.4771246910095,11.0
pi05_full_fix,perf/gpu_mem_util_pct,523,668.9809575080872,7.0
pi05_full_fix,perf/gpu_mem_util_pct,524,670.8797516822815,38.0
pi05_full_fix,perf/gpu_mem_util_pct,526,672.3846461772919,13.0
pi05_full_fix,perf/gpu_mem_util_pct,527,673.8894877433777,7.0
pi05_full_fix,perf/gpu_mem_util_pct,528,675.8359458446503,11.0
pi05_full_fix,perf/gpu_mem_util_pct,530,677.3392901420593,7.0
pi05_full_fix,perf/gpu_mem_util_pct,531,678.8428738117218,0.0
pi05_full_fix,perf/gpu_mem_util_pct,532,680.643233537674,25.0
pi05_full_fix,perf/gpu_mem_util_pct,534,682.1475732326508,15.0
pi05_full_fix,perf/gpu_mem_util_pct,535,683.6517033576965,8.0
pi05_full_fix,perf/gpu_mem_util_pct,536,685.613363981247,12.0
pi05_full_fix,perf/gpu_mem_util_pct,538,687.1166889667511,14.0
pi05_full_fix,perf/gpu_mem_util_pct,539,689.060560464859,57.0
pi05_full_fix,perf/gpu_mem_util_pct,540,690.665055513382,10.0
pi05_full_fix,perf/gpu_mem_util_pct,542,692.1726348400116,26.0
pi05_full_fix,perf/gpu_mem_util_pct,543,693.8091547489166,56.0
pi05_full_fix,perf/gpu_mem_util_pct,544,695.4783039093018,14.0
pi05_full_fix,perf/gpu_mem_util_pct,546,696.9820275306702,8.0
pi05_full_fix,perf/gpu_mem_util_pct,547,698.603987455368,57.0
pi05_full_fix,perf/gpu_mem_util_pct,548,700.4943890571594,14.0
pi05_full_fix,perf/gpu_mem_util_pct,550,701.9990680217743,8.0
pi05_full_fix,perf/gpu_mem_util_pct,551,703.6448330879211,57.0
pi05_full_fix,perf/gpu_mem_util_pct,552,705.3017120361328,12.0
pi05_full_fix,perf/gpu_mem_util_pct,554,706.8052711486816,8.0
pi05_full_fix,perf/gpu_mem_util_pct,555,708.462308883667,57.0
pi05_full_fix,perf/gpu_mem_util_pct,556,710.3740749359131,10.0
pi05_full_fix,perf/gpu_mem_util_pct,558,711.8778460025787,37.0
pi05_full_fix,perf/gpu_mem_util_pct,559,713.5338001251221,56.0
pi05_full_fix,perf/gpu_mem_util_pct,560,715.1811728477478,11.0
pi05_full_fix,perf/gpu_mem_util_pct,562,716.6860039234161,37.0
pi05_full_fix,perf/gpu_mem_util_pct,563,718.3341174125671,56.0
pi05_full_fix,perf/gpu_mem_util_pct,564,719.9832711219788,11.0
pi05_full_fix,perf/gpu_mem_util_pct,566,721.488335609436,11.0
pi05_full_fix,perf/gpu_mem_util_pct,567,722.9922697544098,59.0
pi05_full_fix,perf/gpu_mem_util_pct,568,724.864755153656,13.0
pi05_full_fix,perf/gpu_mem_util_pct,570,726.3693778514862,11.0
pi05_full_fix,perf/gpu_mem_util_pct,571,727.8731827735901,26.0
pi05_full_fix,perf/gpu_mem_util_pct,572,729.8178372383118,11.0
pi05_full_fix,perf/gpu_mem_util_pct,574,731.4881885051727,4.0
pi05_full_fix,perf/gpu_mem_util_pct,575,733.1206564903259,56.0
pi05_full_fix,perf/gpu_mem_util_pct,576,734.7870953083038,11.0
pi05_full_fix,perf/gpu_mem_util_pct,578,736.2925345897675,43.0
pi05_full_fix,perf/gpu_mem_util_pct,579,737.9368302822113,56.0
pi05_full_fix,perf/gpu_mem_util_pct,580,739.5865347385406,11.0
pi05_full_fix,perf/gpu_mem_util_pct,582,741.0932009220123,40.0
pi05_full_fix,perf/gpu_mem_util_pct,583,742.5969939231873,0.0
pi05_full_fix,perf/gpu_mem_util_pct,584,744.2536337375641,57.0
pi05_full_fix,perf/gpu_mem_util_pct,585,745.8641686439514,14.0
pi05_full_fix,perf/gpu_mem_util_pct,587,747.3679673671722,48.0
pi05_full_fix,perf/gpu_mem_util_pct,588,749.1815156936646,57.0
pi05_full_fix,perf/gpu_mem_util_pct,589,750.685186624527,14.0
pi05_full_fix,perf/gpu_mem_util_pct,591,752.1889488697052,53.0
pi05_full_fix,perf/gpu_mem_util_pct,592,753.6923956871033,60.0
pi05_full_fix,perf/gpu_mem_util_pct,593,755.3087439537048,55.0
pi05_full_fix,perf/gpu_mem_util_pct,594,757.0270233154297,12.0
pi05_full_fix,perf/gpu_mem_util_pct,596,758.5363252162933,60.0
pi05_full_fix,perf/gpu_mem_util_pct,597,760.2965822219849,57.0
pi05_full_fix,perf/gpu_mem_util_pct,598,761.8255531787872,12.0
pi05_full_fix,perf/gpu_mem_util_pct,599,763.3998987674713,12.0
pi05_full_fix,perf/gpu_mem_util_pct,601,764.9043879508972,55.0
pi05_full_fix,perf/gpu_mem_util_pct,602,766.8263084888458,12.0
pi05_full_fix,perf/gpu_mem_util_pct,604,768.3348159790039,11.0
pi05_full_fix,perf/gpu_mem_util_pct,605,769.8412237167358,28.0
pi05_full_fix,perf/gpu_mem_util_pct,606,771.8196721076965,13.0
pi05_full_fix,perf/gpu_mem_util_pct,608,773.5467855930328,0.0
pi05_full_fix,perf/gpu_mem_util_pct,609,775.1389262676239,47.0
pi05_full_fix,perf/gpu_mem_util_pct,610,776.9173512458801,11.0
pi05_full_fix,perf/gpu_mem_util_pct,612,778.4212868213654,15.0
pi05_full_fix,perf/gpu_mem_util_pct,613,780.1956379413605,58.0
pi05_full_fix,perf/gpu_mem_util_pct,615,781.7731096744537,11.0
pi05_full_fix,perf/gpu_mem_util_pct,616,783.5291240215302,0.0
pi05_full_fix,perf/gpu_mem_util_pct,617,785.3286559581757,57.0
pi05_full_fix,perf/gpu_mem_util_pct,618,786.8332669734955,11.0
pi05_full_fix,perf/gpu_mem_util_pct,620,788.3366844654083,44.0
pi05_full_fix,perf/gpu_mem_util_pct,621,790.1986842155457,57.0
pi05_full_fix,perf/gpu_mem_util_pct,623,791.7019197940826,11.0
pi05_full_fix,perf/gpu_mem_util_pct,624,793.2100517749786,43.0
pi05_full_fix,perf/gpu_mem_util_pct,625,794.7139210700989,15.0
pi05_full_fix,perf/gpu_mem_util_pct,626,796.6448223590851,12.0
pi05_full_fix,perf/gpu_mem_util_pct,628,798.15101313591,59.0
pi05_full_fix,perf/gpu_mem_util_pct,629,799.8104252815247,52.0
pi05_full_fix,perf/gpu_mem_util_pct,630,801.4547669887543,14.0
pi05_full_fix,perf/gpu_mem_util_pct,632,802.9585053920746,50.0
pi05_full_fix,perf/gpu_mem_util_pct,633,804.8098337650299,57.0
pi05_full_fix,perf/gpu_mem_util_pct,634,806.3940625190735,12.0
pi05_full_fix,perf/gpu_mem_util_pct,636,807.8972074985504,51.0
pi05_full_fix,perf/gpu_mem_util_pct,637,809.553549528122,56.0
pi05_full_fix,perf/gpu_mem_util_pct,638,811.1999342441559,12.0
pi05_full_fix,perf/gpu_mem_util_pct,640,812.7039077281952,53.0
pi05_full_fix,perf/gpu_mem_util_pct,641,814.3498582839966,55.0
pi05_full_fix,perf/gpu_mem_util_pct,642,816.200963973999,12.0
pi05_full_fix,perf/gpu_mem_util_pct,644,817.7049353122711,58.0
pi05_full_fix,perf/gpu_mem_util_pct,645,819.3641028404236,55.0
pi05_full_fix,perf/gpu_mem_util_pct,646,821.0192320346832,13.0
pi05_full_fix,perf/gpu_mem_util_pct,648,822.5246744155884,60.0
pi05_full_fix,perf/gpu_mem_util_pct,649,824.168224811554,55.0
pi05_full_fix,perf/gpu_mem_util_pct,650,826.0958337783813,11.0
pi05_full_fix,perf/gpu_mem_util_pct,652,827.5997602939606,52.0
pi05_full_fix,perf/gpu_mem_util_pct,653,829.3601257801056,57.0
pi05_full_fix,perf/gpu_mem_util_pct,654,830.8969717025757,11.0
pi05_full_fix,perf/gpu_mem_util_pct,656,832.4014272689819,54.0
pi05_full_fix,perf/gpu_mem_util_pct,657,834.0720617771149,55.0
pi05_full_fix,perf/gpu_mem_util_pct,658,835.7138824462891,11.0
pi05_full_fix,perf/gpu_mem_util_pct,659,837.2192652225494,13.0
pi05_full_fix,perf/gpu_mem_util_pct,661,838.7229380607605,8.0
pi05_full_fix,perf/gpu_mem_util_pct,662,840.4774324893951,57.0
pi05_full_fix,perf/gpu_mem_util_pct,663,842.0164000988007,11.0
pi05_full_fix,perf/gpu_mem_util_pct,665,843.5303452014923,8.0
pi05_full_fix,perf/gpu_mem_util_pct,666,845.2069013118744,57.0
pi05_full_fix,perf/gpu_mem_util_pct,667,846.837299823761,11.0
pi05_full_fix,perf/gpu_mem_util_pct,668,848.3430244922638,11.0
pi05_full_fix,perf/gpu_mem_util_pct,670,849.8467874526978,52.0
pi05_full_fix,perf/gpu_mem_util_pct,671,851.4668560028076,55.0
pi05_full_fix,perf/gpu_mem_util_pct,672,853.1132245063782,11.0
pi05_full_fix,perf/gpu_mem_util_pct,674,854.6230566501617,59.0
pi05_full_fix,perf/gpu_mem_util_pct,675,856.2743208408356,55.0
pi05_full_fix,perf/gpu_mem_util_pct,676,857.9217329025269,11.0
pi05_full_fix,perf/gpu_mem_util_pct,677,859.4277656078339,11.0
pi05_full_fix,perf/gpu_mem_util_pct,679,860.9330706596375,8.0
pi05_full_fix,perf/gpu_mem_util_pct,680,862.6050870418549,57.0
pi05_full_fix,perf/gpu_mem_util_pct,681,864.2290077209473,11.0
pi05_full_fix,perf/gpu_mem_util_pct,683,865.732400894165,8.0
pi05_full_fix,perf/gpu_mem_util_pct,684,867.3745715618134,57.0
pi05_full_fix,perf/gpu_mem_util_pct,685,869.1537013053894,37.0
pi05_full_fix,perf/gpu_mem_util_pct,686,870.6605143547058,11.0
pi05_full_fix,perf/gpu_mem_util_pct,688,872.1648414134979,7.0
pi05_full_fix,perf/gpu_mem_util_pct,689,873.8664209842682,57.0
pi05_full_fix,perf/gpu_mem_util_pct,690,875.4559738636017,10.0
pi05_full_fix,perf/gpu_mem_util_pct,692,876.9596381187439,19.0
pi05_full_fix,perf/gpu_mem_util_pct,693,878.6183564662933,0.0
pi05_full_fix,perf/gpu_mem_util_pct,694,880.5259869098663,12.0
pi05_full_fix,perf/gpu_mem_util_pct,696,882.0364406108856,60.0
pi05_full_fix,perf/gpu_mem_util_pct,697,883.6925981044769,55.0
pi05_full_fix,perf/gpu_mem_util_pct,698,885.3294656276703,12.0
pi05_full_fix,perf/gpu_mem_util_pct,700,886.8345563411713,59.0
pi05_full_fix,perf/gpu_mem_util_pct,701,888.5869464874268,57.0
pi05_full_fix,perf/gpu_mem_util_pct,702,890.5409803390503,12.0
pi05_full_fix,perf/gpu_mem_util_pct,704,892.0470297336578,56.0
pi05_full_fix,perf/gpu_mem_util_pct,705,893.6771306991577,55.0
pi05_full_fix,perf/gpu_mem_util_pct,706,895.3293404579163,11.0
pi05_full_fix,perf/gpu_mem_util_pct,708,896.8326690196991,59.0
pi05_full_fix,perf/gpu_mem_util_pct,709,898.435919046402,55.0
pi05_full_fix,perf/gpu_mem_util_pct,710,900.1232469081879,13.0
pi05_full_fix,perf/gpu_mem_util_pct,711,901.6784718036652,11.0
pi05_full_fix,perf/gpu_mem_util_pct,713,903.1821658611298,39.0
pi05_full_fix,perf/gpu_mem_util_pct,714,904.7395453453064,56.0
pi05_full_fix,perf/gpu_mem_util_pct,715,906.4879148006439,11.0
pi05_full_fix,perf/gpu_mem_util_pct,717,907.9922988414764,52.0
pi05_full_fix,perf/gpu_mem_util_pct,718,909.5512738227844,55.0
pi05_full_fix,perf/gpu_mem_util_pct,719,911.3159286975861,13.0
pi05_full_fix,perf/gpu_mem_util_pct,721,912.8244512081146,13.0
pi05_full_fix,perf/gpu_mem_util_pct,722,914.3280575275421,57.0
pi05_full_fix,perf/gpu_mem_util_pct,723,916.2306756973267,12.0
pi05_full_fix,perf/gpu_mem_util_pct,725,917.7346365451813,13.0
pi05_full_fix,perf/gpu_mem_util_pct,726,919.2604715824127,12.0
pi05_full_fix,perf/gpu_mem_util_pct,727,921.145670413971,13.0
pi05_full_fix,perf/gpu_mem_util_pct,728,922.7228376865387,13.0
pi05_full_fix,perf/gpu_mem_util_pct,730,924.227457523346,59.0
pi05_full_fix,perf/gpu_mem_util_pct,731,925.9187693595886,55.0
pi05_full_fix,perf/gpu_mem_util_pct,732,927.524468421936,13.0
pi05_full_fix,perf/gpu_mem_util_pct,734,929.02871966362,60.0
pi05_full_fix,perf/gpu_mem_util_pct,735,930.6961274147034,55.0
pi05_full_fix,perf/gpu_mem_util_pct,736,932.3256106376648,13.0
pi05_full_fix,perf/gpu_mem_util_pct,737,933.8771224021912,10.0
pi05_full_fix,perf/gpu_mem_util_pct,739,935.3826148509979,33.0
pi05_full_fix,perf/gpu_mem_util_pct,740,936.9839291572571,56.0
pi05_full_fix,perf/gpu_mem_util_pct,741,938.6852355003357,11.0
pi05_full_fix,perf/gpu_mem_util_pct,743,940.1900231838226,39.0
pi05_full_fix,perf/gpu_mem_util_pct,744,941.837215423584,56.0
pi05_full_fix,perf/gpu_mem_util_pct,745,943.6964347362518,53.0
pi05_full_fix,perf/gpu_mem_util_pct,747,945.201479434967,11.0
pi05_full_fix,perf/gpu_mem_util_pct,748,946.7048251628876,31.0
pi05_full_fix,perf/gpu_mem_util_pct,749,948.6700043678284,10.0
pi05_full_fix,perf/gpu_mem_util_pct,751,950.1771168708801,31.0
pi05_full_fix,perf/gpu_mem_util_pct,752,951.8236701488495,56.0
pi05_full_fix,perf/gpu_mem_util_pct,753,953.4752507209778,14.0
pi05_full_fix,perf/gpu_mem_util_pct,754,955.0348763465881,12.0
pi05_full_fix,perf/gpu_mem_util_pct,756,956.5424842834473,61.0
pi05_full_fix,perf/gpu_mem_util_pct,757,958.1983768939972,57.0
pi05_full_fix,perf/gpu_mem_util_pct,758,959.8533480167389,13.0
pi05_full_fix,perf/gpu_mem_util_pct,760,961.3580052852631,58.0
pi05_full_fix,perf/gpu_mem_util_pct,761,963.1035804748535,57.0
pi05_full_fix,perf/gpu_mem_util_pct,762,964.6533699035645,13.0
pi05_full_fix,perf/gpu_mem_util_pct,763,966.2047352790833,11.0
pi05_full_fix,perf/gpu_mem_util_pct,765,967.7084262371063,56.0
pi05_full_fix,perf/gpu_mem_util_pct,766,969.3804802894592,55.0
pi05_full_fix,perf/gpu_mem_util_pct,767,971.000730752945,11.0
pi05_full_fix,perf/gpu_mem_util_pct,769,972.5065851211548,51.0
pi05_full_fix,perf/gpu_mem_util_pct,770,974.2349922657013,57.0
pi05_full_fix,perf/gpu_mem_util_pct,771,975.7931461334229,11.0
pi05_full_fix,perf/gpu_mem_util_pct,772,977.3672139644623,10.0
pi05_full_fix,perf/gpu_mem_util_pct,774,978.8712203502655,24.0
pi05_full_fix,perf/gpu_mem_util_pct,775,980.4345111846924,57.0
pi05_full_fix,perf/gpu_mem_util_pct,776,982.1665804386139,10.0
pi05_full_fix,perf/gpu_mem_util_pct,778,983.6699447631836,20.0
pi05_full_fix,perf/gpu_mem_util_pct,779,985.4108731746674,43.0
pi05_full_fix,perf/gpu_mem_util_pct,780,986.9542677402496,10.0
pi05_full_fix,perf/gpu_mem_util_pct,781,988.5134704113007,12.0
pi05_full_fix,perf/gpu_mem_util_pct,783,990.0188271999359,8.0
pi05_full_fix,perf/gpu_mem_util_pct,784,991.6404581069946,57.0
pi05_full_fix,perf/gpu_mem_util_pct,785,993.3011872768402,12.0
pi05_full_fix,perf/gpu_mem_util_pct,787,994.8054854869843,8.0
pi05_full_fix,perf/gpu_mem_util_pct,788,996.5401248931885,57.0
pi05_full_fix,perf/gpu_mem_util_pct,789,998.4731554985046,15.0
pi05_full_fix,perf/gpu_mem_util_pct,791,999.9788904190063,39.0
pi05_full_fix,perf/gpu_mem_util_pct,792,1001.732913017273,57.0
pi05_full_fix,perf/gpu_mem_util_pct,793,1003.267591714859,15.0
pi05_full_fix,perf/gpu_mem_util_pct,795,1004.7712852954865,43.0
pi05_full_fix,perf/gpu_mem_util_pct,796,1006.5365035533905,57.0
pi05_full_fix,perf/gpu_mem_util_pct,797,1008.1985528469086,12.0
pi05_full_fix,perf/gpu_mem_util_pct,799,1009.703577041626,52.0
pi05_full_fix,perf/gpu_mem_util_pct,800,1011.3755095005035,55.0
pi05_full_fix,perf/gpu_mem_util_pct,801,1012.997790813446,12.0
pi05_full_fix,perf/gpu_mem_util_pct,803,1014.502082824707,49.0
pi05_full_fix,perf/gpu_mem_util_pct,804,1016.2748272418976,57.0
pi05_full_fix,perf/gpu_mem_util_pct,805,1017.785347700119,11.0
pi05_full_fix,perf/gpu_mem_util_pct,806,1019.3593232631683,10.0
pi05_full_fix,perf/gpu_mem_util_pct,808,1020.8630352020264,24.0
pi05_full_fix,perf/gpu_mem_util_pct,809,1022.4082741737366,53.0
pi05_full_fix,perf/gpu_mem_util_pct,810,1024.1656618118286,10.0
pi05_full_fix,perf/gpu_mem_util_pct,812,1025.6710951328278,19.0
pi05_full_fix,perf/gpu_mem_util_pct,813,1027.4403579235077,43.0
pi05_full_fix,perf/gpu_mem_util_pct,814,1028.950956106186,10.0
pi05_full_fix,perf/gpu_mem_util_pct,815,1030.4960498809814,13.0
pi05_full_fix,perf/gpu_mem_util_pct,817,1032.0002439022064,22.0
pi05_full_fix,perf/gpu_mem_util_pct,818,1033.7538862228394,57.0
pi05_full_fix,perf/gpu_mem_util_pct,819,1035.2940669059753,13.0
pi05_full_fix,perf/gpu_mem_util_pct,821,1036.7992391586304,23.0
pi05_full_fix,perf/gpu_mem_util_pct,822,1038.5553708076477,57.0
pi05_full_fix,perf/gpu_mem_util_pct,823,1040.0958948135376,13.0
pi05_full_fix,perf/gpu_mem_util_pct,824,1041.673667192459,14.0
pi05_full_fix,perf/gpu_mem_util_pct,826,1043.1780545711517,38.0
pi05_full_fix,perf/gpu_mem_util_pct,827,1044.8131942749023,49.0
pi05_full_fix,perf/gpu_mem_util_pct,828,1046.4693388938904,15.0
pi05_full_fix,perf/gpu_mem_util_pct,830,1047.9732310771942,43.0
pi05_full_fix,perf/gpu_mem_util_pct,831,1049.7060475349426,57.0
pi05_full_fix,perf/gpu_mem_util_pct,832,1051.2654094696045,14.0
pi05_full_fix,perf/gpu_mem_util_pct,833,1052.9233639240265,11.0
pi05_full_fix,perf/gpu_mem_util_pct,835,1054.4296300411224,14.0
pi05_full_fix,perf/gpu_mem_util_pct,836,1056.1808454990387,57.0
pi05_full_fix,perf/gpu_mem_util_pct,837,1057.7247796058655,11.0
pi05_full_fix,perf/gpu_mem_util_pct,839,1059.2332739830017,14.0
pi05_full_fix,perf/gpu_mem_util_pct,840,1060.9115149974823,57.0
pi05_full_fix,perf/gpu_mem_util_pct,841,1062.5346548557281,11.0
pi05_full_fix,perf/gpu_mem_util_pct,842,1064.0982139110565,13.0
pi05_full_fix,perf/gpu_mem_util_pct,844,1065.6028435230255,19.0
pi05_full_fix,perf/gpu_mem_util_pct,845,1067.276415348053,57.0
pi05_full_fix,perf/gpu_mem_util_pct,846,1068.9176003932953,11.0
pi05_full_fix,perf/gpu_mem_util_pct,848,1070.4206495285034,14.0
pi05_full_fix,perf/gpu_mem_util_pct,849,1071.9945640563965,46.0
pi05_full_fix,perf/gpu_mem_util_pct,850,1073.7401585578918,10.0
pi05_full_fix,perf/gpu_mem_util_pct,852,1075.2436530590057,10.0
pi05_full_fix,perf/gpu_mem_util_pct,853,1076.748144865036,15.0
pi05_full_fix,perf/gpu_mem_util_pct,854,1078.614755153656,48.0
pi05_full_fix,perf/gpu_mem_util_pct,856,1080.119139432907,11.0
pi05_full_fix,perf/gpu_mem_util_pct,857,1081.6238777637482,21.0
pi05_full_fix,perf/gpu_mem_util_pct,858,1083.5619702339172,10.0
pi05_full_fix,perf/gpu_mem_util_pct,859,1085.0671701431274,12.0
pi05_full_fix,perf/gpu_mem_util_pct,861,1086.5747797489166,61.0
pi05_full_fix,perf/gpu_mem_util_pct,862,1088.3395125865936,57.0
pi05_full_fix,perf/gpu_mem_util_pct,863,1089.864454984665,14.0
pi05_full_fix,perf/gpu_mem_util_pct,865,1091.3679101467133,41.0
pi05_full_fix,perf/gpu_mem_util_pct,866,1093.014612197876,48.0
pi05_full_fix,perf/gpu_mem_util_pct,867,1094.6740465164185,11.0
pi05_full_fix,perf/gpu_mem_util_pct,869,1096.3598971366882,8.0
pi05_full_fix,perf/gpu_mem_util_pct,870,1098.0252108573914,57.0
pi05_full_fix,perf/gpu_mem_util_pct,871,1099.6561887264252,10.0
pi05_full_fix,perf/gpu_mem_util_pct,873,1101.160677909851,17.0
pi05_full_fix,perf/gpu_mem_util_pct,874,1102.8369805812836,57.0
pi05_full_fix,perf/gpu_mem_util_pct,875,1104.4615931510925,10.0
pi05_full_fix,perf/gpu_mem_util_pct,877,1105.9656043052673,26.0
pi05_full_fix,perf/gpu_mem_util_pct,878,1107.5531923770905,55.0
pi05_full_fix,perf/gpu_mem_util_pct,879,1109.3380019664764,13.0
pi05_full_fix,perf/gpu_mem_util_pct,881,1110.8416612148285,61.0
pi05_full_fix,perf/gpu_mem_util_pct,882,1112.4904389381409,57.0
pi05_full_fix,perf/gpu_mem_util_pct,883,1114.1599388122559,14.0
pi05_full_fix,perf/gpu_mem_util_pct,885,1115.663275718689,42.0
pi05_full_fix,perf/gpu_mem_util_pct,886,1117.1667363643646,3.0
pi05_full_fix,perf/gpu_mem_util_pct,887,1119.0382261276245,11.0
pi05_full_fix,perf/gpu_mem_util_pct,889,1120.5422966480255,40.0
pi05_full_fix,perf/gpu_mem_util_pct,890,1122.0455296039581,8.0
pi05_full_fix,perf/gpu_mem_util_pct,891,1123.9750106334686,14.0
pi05_full_fix,perf/gpu_mem_util_pct,893,1125.4790148735046,28.0
pi05_full_fix,perf/gpu_mem_util_pct,894,1127.0293712615967,0.0
pi05_full_fix,perf/gpu_mem_util_pct,895,1128.9105696678162,10.0
pi05_full_fix,perf/gpu_mem_util_pct,897,1130.413959980011,11.0
pi05_full_fix,perf/gpu_mem_util_pct,898,1131.9176616668701,50.0
pi05_full_fix,perf/gpu_mem_util_pct,899,1133.8682157993317,10.0
pi05_full_fix,perf/gpu_mem_util_pct,901,1135.3718626499176,31.0
pi05_full_fix,perf/gpu_mem_util_pct,902,1137.0089192390442,56.0
pi05_full_fix,perf/gpu_mem_util_pct,903,1138.88383436203,11.0
pi05_full_fix,perf/gpu_mem_util_pct,905,1140.3874254226685,46.0
pi05_full_fix,perf/gpu_mem_util_pct,906,1141.9992344379425,56.0
pi05_full_fix,perf/gpu_mem_util_pct,907,1143.7028133869171,11.0
pi05_full_fix,perf/gpu_mem_util_pct,909,1145.2086915969849,57.0
pi05_full_fix,perf/gpu_mem_util_pct,910,1146.8277025222778,55.0
pi05_full_fix,perf/gpu_mem_util_pct,911,1148.5236194133759,11.0
pi05_full_fix,perf/gpu_mem_util_pct,913,1150.0304398536682,14.0
pi05_full_fix,perf/gpu_mem_util_pct,914,1151.5339217185974,8.0
pi05_full_fix,perf/gpu_mem_util_pct,915,1153.2760620117188,57.0
pi05_full_fix,perf/gpu_mem_util_pct,916,1154.7797636985779,14.0
pi05_full_fix,perf/gpu_mem_util_pct,918,1156.2923402786255,50.0
pi05_full_fix,perf/gpu_mem_util_pct,919,1158.0559148788452,58.0
pi05_full_fix,perf/gpu_mem_util_pct,920,1159.559838294983,14.0
pi05_full_fix,perf/gpu_mem_util_pct,922,1161.063312292099,13.0
pi05_full_fix,perf/gpu_mem_util_pct,923,1162.5677556991577,13.0
pi05_full_fix,perf/gpu_mem_util_pct,924,1164.5511546134949,13.0
pi05_full_fix,perf/gpu_mem_util_pct,926,1166.0547001361847,52.0
pi05_full_fix,perf/gpu_mem_util_pct,927,1167.7129819393158,57.0
pi05_full_fix,perf/gpu_mem_util_pct,928,1169.353743314743,14.0
pi05_full_fix,perf/gpu_mem_util_pct,930,1170.8681597709656,13.0
pi05_full_fix,perf/gpu_mem_util_pct,931,1172.3711831569672,8.0
pi05_full_fix,perf/gpu_mem_util_pct,932,1173.9750950336456,57.0
pi05_full_fix,perf/gpu_mem_util_pct,933,1175.6150424480438,11.0
pi05_full_fix,perf/gpu_mem_util_pct,935,1177.1199083328247,14.0
pi05_full_fix,perf/gpu_mem_util_pct,936,1178.784945487976,58.0
pi05_full_fix,perf/gpu_mem_util_pct,937,1180.429940700531,11.0
pi05_full_fix,perf/gpu_mem_util_pct,939,1181.936806678772,13.0
pi05_full_fix,perf/gpu_mem_util_pct,940,1183.4400877952576,7.0
pi05_full_fix,perf/gpu_mem_util_pct,941,1185.309677362442,41.0
pi05_full_fix,perf/gpu_mem_util_pct,943,1186.8131115436554,12.0
pi05_full_fix,perf/gpu_mem_util_pct,944,1188.3173172473907,10.0
pi05_full_fix,perf/gpu_mem_util_pct,945,1190.2493376731873,10.0
pi05_full_fix,perf/gpu_mem_util_pct,947,1191.904513835907,15.0
pi05_full_fix,perf/gpu_mem_util_pct,948,1193.563484430313,57.0
pi05_full_fix,perf/gpu_mem_util_pct,949,1195.1995911598206,12.0
pi05_full_fix,perf/gpu_mem_util_pct,951,1196.7033026218414,14.0
pi05_full_fix,perf/gpu_mem_util_pct,952,1198.363659620285,57.0
pi05_full_fix,perf/gpu_mem_util_pct,953,1200.019865512848,11.0
pi05_full_fix,perf/gpu_mem_util_pct,955,1201.5237205028534,13.0
pi05_full_fix,perf/gpu_mem_util_pct,956,1203.0279598236084,0.0
pi05_full_fix,perf/gpu_mem_util_pct,957,1205.0181503295898,10.0
pi05_full_fix,perf/gpu_mem_util_pct,959,1206.5217607021332,12.0
pi05_full_fix,perf/gpu_mem_util_pct,960,1208.1590995788574,57.0
pi05_full_fix,perf/gpu_mem_util_pct,961,1209.854130744934,10.0
pi05_full_fix,perf/gpu_mem_util_pct,963,1211.358253479004,19.0
pi05_full_fix,perf/gpu_mem_util_pct,964,1212.9102454185486,36.0
pi05_full_fix,perf/gpu_mem_util_pct,965,1214.797333240509,12.0
pi05_full_fix,perf/gpu_mem_util_pct,967,1216.3009595870972,13.0
pi05_full_fix,perf/gpu_mem_util_pct,968,1217.8062996864319,11.0
pi05_full_fix,perf/gpu_mem_util_pct,969,1219.7553641796112,14.0
pi05_full_fix,perf/gpu_mem_util_pct,971,1221.2592823505402,47.0
pi05_full_fix,perf/gpu_mem_util_pct,972,1223.0165836811066,0.0
pi05_full_fix,perf/gpu_mem_util_pct,973,1224.9331684112549,13.0
pi05_full_fix,perf/gpu_mem_util_pct,975,1226.4367020130157,61.0
pi05_full_fix,perf/gpu_mem_util_pct,976,1228.0866158008575,55.0
pi05_full_fix,perf/gpu_mem_util_pct,977,1229.7424898147583,12.0
pi05_full_fix,perf/gpu_mem_util_pct,979,1231.2472350597382,61.0
pi05_full_fix,perf/gpu_mem_util_pct,980,1232.9543325901031,57.0
pi05_full_fix,perf/gpu_mem_util_pct,981,1234.8668565750122,15.0
pi05_full_fix,perf/gpu_mem_util_pct,983,1236.3716683387756,40.0
pi05_full_fix,perf/gpu_mem_util_pct,984,1238.0463700294495,57.0
pi05_full_fix,perf/gpu_mem_util_pct,985,1239.6732697486877,14.0
pi05_full_fix,perf/gpu_mem_util_pct,987,1241.1763937473297,8.0
pi05_full_fix,perf/gpu_mem_util_pct,988,1242.845465183258,57.0
pi05_full_fix,perf/gpu_mem_util_pct,989,1244.8186988830566,12.0
pi05_full_fix,perf/gpu_mem_util_pct,991,1246.3226246833801,61.0
pi05_full_fix,perf/gpu_mem_util_pct,992,1247.9763488769531,55.0
pi05_full_fix,perf/gpu_mem_util_pct,993,1249.6402883529663,13.0
pi05_full_fix,perf/gpu_mem_util_pct,995,1251.1450583934784,62.0
pi05_full_fix,perf/gpu_mem_util_pct,996,1252.787377357483,57.0
pi05_full_fix,perf/gpu_mem_util_pct,997,1254.4511103630066,13.0
pi05_full_fix,perf/gpu_mem_util_pct,998,1255.9549498558044,11.0
pi05_full_fix,perf/gpu_mem_util_pct,1000,1257.4584248065948,0.0
pi05_full_fix,perf/gpu_mem_util_pct,1000,1259.2920353412628,0.0
pi05_full_fix,perf/gpu_mem_util_pct,1000,1260.8223915100098,0.0
pi05_full_fix,perf/gpu_mem_util_pct,1000,1263.5765852928162,0.0
pi05_full_fix,perf/gpu_mem_util_pct,1000,1265.1779265403748,0.0
pi05_full_fix,perf/gpu_mem_util_pct,1000,1266.7433791160583,0.0
pi05_full_fix,perf/gpu_mem_util_pct,1000,1268.283555984497,0.0
pi05_full_fix,perf/gpu_mem_util_pct,1000,1269.9028379917145,0.0
pi05_full_fix,perf/gpu_mem_util_pct,1000,1271.4300651550293,0.0
pi05_full_fix,perf/gpu_mem_util_pct,1000,1272.9527652263641,0.0
pi05_full_fix,perf/gpu_mem_util_pct,1000,1274.4819128513336,0.0
pi05_full_fix,perf/gpu_mem_util_pct,1000,1275.9948921203613,0.0
pi05_full_fix,perf/gpu_mem_util_pct,1000,1277.5163414478302,0.0
pi05_full_fix,perf/gpu_mem_util_pct,1000,1279.042688369751,0.0
pi05_full_fix,perf/gpu_mem_util_pct,1000,1280.696106672287,0.0
pi05_full_fix,perf/gpu_mem_util_pct,1000,1282.2000703811646,0.0
pi05_full_fix,perf/gpu_mem_util_pct,1000,1283.708036184311,0.0
pi05_full_fix,perf/gpu_mem_util_pct,1000,1285.317776441574,0.0
pi05_full_fix,perf/gpu_mem_util_pct,1000,1286.9486818313599,0.0
pi05_full_fix,perf/gpu_mem_util_pct,1000,1288.4821491241455,0.0
pi05_full_fix,perf/gpu_mem_util_pct,1000,1290.0520911216736,0.0
pi05_full_fix,perf/gpu_mem_util_pct,1000,1291.6324026584625,0.0
pi05_full_fix,perf/gpu_mem_util_pct,1000,1293.2489550113678,0.0
pi05_full_fix,perf/gpu_mem_util_pct,1000,1294.817543745041,0.0
pi05_full_fix,perf/gpu_mem_util_pct,1000,1296.3938660621643,0.0
pi05_full_fix,perf/gpu_mem_util_pct,1000,1297.9091486930847,0.0
pi05_full_fix,perf/gpu_mem_util_pct,1000,1299.4201257228851,0.0
pi05_full_fix,perf/gpu_mem_util_pct,1000,1301.385615348816,0.0
pi05_full_fix,perf/gpu_mem_util_pct,1000,1302.8921384811401,0.0
pi05_full_fix,perf/gpu_mem_util_pct,1000,1304.397023677826,0.0
pi05_full_fix,perf/gpu_mem_util_pct,1000,1305.9010152816772,0.0
pi05_full_fix,perf/gpu_mem_util_pct,1000,1307.4076571464539,0.0
pi05_full_fix,perf/gpu_mem_util_pct,1000,1308.912220954895,0.0
pi05_full_fix,perf/gpu_mem_util_pct,1000,1310.4168405532837,0.0
pi05_full_fix,perf/gpu_mem_util_pct,1000,1311.9205124378204,0.0
pi05_full_fix,perf/gpu_mem_util_pct,1000,1313.705884695053,0.0
pi05_full_fix,perf/gpu_mem_util_pct,1000,1315.2177822589874,0.0
pi05_full_fix,perf/gpu_mem_util_pct,1000,1317.1871287822723,0.0
pi05_full_fix,perf/gpu_mem_util_pct,1000,1318.7427003383636,0.0
pi05_full_fix,perf/gpu_mem_util_pct,1000,1320.337720632553,0.0
pi05_full_fix,perf/gpu_mem_util_pct,1000,1321.94291639328,0.0
pi05_full_fix,perf/gpu_mem_util_pct,1000,1323.4881706237793,0.0
pi05_full_fix,perf/gpu_mem_util_pct,1000,1325.1340165138245,0.0
pi05_full_fix,perf/gpu_mem_util_pct,1000,1326.6528203487396,0.0
pi05_full_fix,perf/gpu_mem_util_pct,1000,1328.1726925373077,0.0
pi05_full_fix,perf/gpu_mem_util_pct,1000,1329.6884150505066,0.0
pi05_full_fix,perf/gpu_mem_util_pct,1000,1332.0514855384827,0.0
pi05_full_fix,perf/gpu_mem_util_pct,1000,1333.5554831027985,0.0
pi05_full_fix,perf/gpu_mem_util_pct,1000,1335.172472000122,0.0
pi05_full_fix,perf/gpu_mem_util_pct,1000,1336.7908155918121,0.0
pi05_full_fix,perf/gpu_mem_util_pct,1000,1338.3833162784576,0.0
pi05_full_fix,perf/gpu_mem_util_pct,1000,1339.9744007587433,0.0
pi05_full_fix,perf/gpu_mem_util_pct,1000,1341.5144338607788,0.0
pi05_full_fix,perf/gpu_mem_util_pct,1000,1343.1483545303345,0.0
pi05_full_fix,perf/gpu_mem_util_pct,1000,1344.665747642517,0.0
pi05_full_fix,perf/gpu_mem_util_pct,1000,1346.1894853115082,0.0
pi05_full_fix,perf/gpu_mem_util_pct,1000,1347.7386174201965,0.0
pi05_full_fix,perf/gpu_mem_util_pct,1000,1349.2593264579773,0.0
pi05_full_fix,perf/gpu_mem_util_pct,1000,1350.796364068985,0.0
pi05_full_fix,perf/gpu_mem_util_pct,1000,1352.7506074905396,0.0
pi05_full_fix,perf/gpu_mem_util_pct,1000,1354.254246711731,0.0
pi05_full_fix,perf/gpu_mem_util_pct,1000,1355.7588715553284,0.0
pi05_full_fix,perf/gpu_mem_util_pct,1000,1357.2627058029175,0.0
pi05_full_fix,perf/gpu_mem_util_pct,1000,1358.7666742801666,0.0
pi05_full_fix,perf/gpu_mem_util_pct,1000,1360.270728111267,0.0
pi05_full_fix,perf/gpu_mem_util_pct,1000,1361.7766795158386,0.0
pi05_full_fix,perf/gpu_mem_util_pct,1000,1363.283087015152,0.0
pi05_full_fix,train/loss,10,33.95095443725586,0.7378348708152771
pi05_full_fix,train/loss,20,46.61634922027588,0.9154108166694641
pi05_full_fix,train/loss,30,58.636390209198,0.3622101843357086
pi05_full_fix,train/loss,40,71.30080080032349,0.7541820406913757
pi05_full_fix,train/loss,50,83.62191200256348,0.35354745388031006
pi05_full_fix,train/loss,60,96.01823091506958,0.24819427728652954
pi05_full_fix,train/loss,70,108.25954723358154,0.5721923112869263
pi05_full_fix,train/loss,80,120.67778658866882,0.3378337025642395
pi05_full_fix,train/loss,90,133.07377934455872,0.6288710832595825
pi05_full_fix,train/loss,100,145.32562732696533,0.3105238080024719
pi05_full_fix,train/loss,110,157.9115767478943,0.4207122325897217
pi05_full_fix,train/loss,120,170.20303916931152,0.7653106451034546
pi05_full_fix,train/loss,130,182.62965726852417,0.48628461360931396
pi05_full_fix,train/loss,140,194.8700065612793,0.49267587065696716
pi05_full_fix,train/loss,150,207.22737336158752,0.4572215676307678
pi05_full_fix,train/loss,160,219.60868668556213,0.7225974202156067
pi05_full_fix,train/loss,170,232.3828055858612,0.382661372423172
pi05_full_fix,train/loss,180,244.641015291214,0.45281141996383667
pi05_full_fix,train/loss,190,256.99835324287415,0.3436700403690338
pi05_full_fix,train/loss,200,269.37867736816406,0.4155212640762329
pi05_full_fix,train/loss,210,281.7838432788849,0.36668047308921814
pi05_full_fix,train/loss,220,294.0301513671875,0.4721631109714508
pi05_full_fix,train/loss,230,306.37553000450134,0.4297083020210266
pi05_full_fix,train/loss,240,318.7327604293823,0.6923591494560242
pi05_full_fix,train/loss,250,330.7832381725311,0.24890293180942535
pi05_full_fix,train/loss,260,343.1843214035034,0.34338900446891785
pi05_full_fix,train/loss,270,355.5082621574402,0.24275386333465576
pi05_full_fix,train/loss,280,367.92976427078247,0.7067757844924927
pi05_full_fix,train/loss,290,380.45424365997314,0.40309959650039673
pi05_full_fix,train/loss,300,392.7580358982086,0.27514180541038513
pi05_full_fix,train/loss,310,405.1238055229187,0.3744106590747833
pi05_full_fix,train/loss,320,417.34016966819763,0.45644432306289673
pi05_full_fix,train/loss,330,429.7232527732849,0.273039847612381
pi05_full_fix,train/loss,340,441.989629983902,0.24054235219955444
pi05_full_fix,train/loss,350,454.24220514297485,0.32041096687316895
pi05_full_fix,train/loss,360,466.5669176578522,0.1541658490896225
pi05_full_fix,train/loss,370,478.95860505104065,0.3506230413913727
pi05_full_fix,train/loss,380,491.1939482688904,0.7386156916618347
pi05_full_fix,train/loss,390,503.46124267578125,0.2060513198375702
pi05_full_fix,train/loss,400,515.7332615852356,0.22381269931793213
pi05_full_fix,train/loss,410,528.076544046402,0.3339115381240845
pi05_full_fix,train/loss,420,540.618940114975,0.33311036229133606
pi05_full_fix,train/loss,430,553.1143667697906,0.1589069664478302
pi05_full_fix,train/loss,440,565.5735116004944,0.15342280268669128
pi05_full_fix,train/loss,450,578.0369138717651,1.1537829637527466
pi05_full_fix,train/loss,460,590.4749448299408,0.4853462278842926
pi05_full_fix,train/loss,470,603.133873462677,0.6358063817024231
pi05_full_fix,train/loss,480,615.5223126411438,0.4902611970901489
pi05_full_fix,train/loss,490,627.9646413326263,0.24406246840953827
pi05_full_fix,train/loss,500,640.2600119113922,0.4778619408607483
pi05_full_fix,train/loss,510,652.6047704219818,0.43724119663238525
pi05_full_fix,train/loss,520,664.8923916816711,0.7089563012123108
pi05_full_fix,train/loss,530,677.1577951908112,0.25148069858551025
pi05_full_fix,train/loss,540,689.5850465297699,0.26669207215309143
pi05_full_fix,train/loss,550,701.8119640350342,0.50914466381073
pi05_full_fix,train/loss,560,714.0999927520752,0.3485645353794098
pi05_full_fix,train/loss,570,726.3413906097412,0.539509654045105
pi05_full_fix,train/loss,580,738.502623796463,0.39607951045036316
pi05_full_fix,train/loss,590,750.7776710987091,0.4563537836074829
pi05_full_fix,train/loss,600,763.5216703414917,0.4466567933559418
pi05_full_fix,train/loss,610,775.8354685306549,0.1657971739768982
pi05_full_fix,train/loss,620,788.1086459159851,0.13888034224510193
pi05_full_fix,train/loss,630,800.3755459785461,0.33370572328567505
pi05_full_fix,train/loss,640,812.5205798149109,0.42536136507987976
pi05_full_fix,train/loss,650,824.7447628974915,0.23277734220027924
pi05_full_fix,train/loss,660,837.3215711116791,0.290119469165802
pi05_full_fix,train/loss,670,849.6181344985962,0.12669821083545685
pi05_full_fix,train/loss,680,861.949875831604,0.4447118639945984
pi05_full_fix,train/loss,690,874.376992225647,0.25679150223731995
pi05_full_fix,train/loss,700,886.6476862430573,0.11206413060426712
pi05_full_fix,train/loss,710,899.0419862270355,0.4361620247364044
pi05_full_fix,train/loss,720,911.4378056526184,0.4215749204158783
pi05_full_fix,train/loss,730,924.0408143997192,0.4309975206851959
pi05_full_fix,train/loss,740,936.408296585083,0.18697887659072876
pi05_full_fix,train/loss,750,948.7899103164673,0.256388396024704
pi05_full_fix,train/loss,760,961.170820236206,0.45119819045066833
pi05_full_fix,train/loss,770,973.5209407806396,0.2121049165725708
pi05_full_fix,train/loss,780,985.8739321231842,0.16199542582035065
pi05_full_fix,train/loss,790,998.5930383205414,0.2335846722126007
pi05_full_fix,train/loss,800,1010.7230169773102,0.29469215869903564
pi05_full_fix,train/loss,810,1023.080379486084,0.4620297849178314
pi05_full_fix,train/loss,820,1035.415297985077,0.1996949464082718
pi05_full_fix,train/loss,830,1047.787386417389,0.5650391578674316
pi05_full_fix,train/loss,840,1060.2492854595184,0.1879870891571045
pi05_full_fix,train/loss,850,1072.6485562324524,0.1469365656375885
pi05_full_fix,train/loss,860,1085.1537206172943,0.2191789299249649
pi05_full_fix,train/loss,870,1097.376466035843,0.22214260697364807
pi05_full_fix,train/loss,880,1109.4604737758636,0.25673583149909973
pi05_full_fix,train/loss,890,1121.6922519207,0.29737281799316406
pi05_full_fix,train/loss,900,1133.9902784824371,0.3390573263168335
pi05_full_fix,train/loss,910,1146.2322914600372,0.4837610423564911
pi05_full_fix,train/loss,920,1158.4776136875153,0.09200361371040344
pi05_full_fix,train/loss,930,1170.9202098846436,0.14813688397407532
pi05_full_fix,train/loss,940,1183.1602501869202,0.08037566393613815
pi05_full_fix,train/loss,950,1195.3252408504486,0.33047187328338623
pi05_full_fix,train/loss,960,1207.5743055343628,0.2587657570838928
pi05_full_fix,train/loss,970,1219.8778729438782,0.17458471655845642
pi05_full_fix,train/loss,980,1232.265797138214,0.21052761375904083
pi05_full_fix,train/loss,990,1244.954755306244,0.22285382449626923
pi05_full_fix,train/loss,1000,1257.250414133072,0.1298421323299408
pi05_full_fix,train/loss_per_dim_0,10,33.9509859085083,1.0958372354507446
pi05_full_fix,train/loss_per_dim_0,20,46.616384506225586,0.5820915699005127
pi05_full_fix,train/loss_per_dim_0,30,58.63641905784607,0.38279610872268677
pi05_full_fix,train/loss_per_dim_0,40,71.30083751678467,0.7491671442985535
pi05_full_fix,train/loss_per_dim_0,50,83.62194299697876,0.4863441586494446
pi05_full_fix,train/loss_per_dim_0,60,96.01826405525208,0.3449656367301941
pi05_full_fix,train/loss_per_dim_0,70,108.25958061218262,0.2942400574684143
pi05_full_fix,train/loss_per_dim_0,80,120.67781591415405,0.2362212985754013
pi05_full_fix,train/loss_per_dim_0,90,133.0738091468811,1.0129683017730713
pi05_full_fix,train/loss_per_dim_0,100,145.32565259933472,0.4636141359806061
pi05_full_fix,train/loss_per_dim_0,110,157.9116108417511,0.34847790002822876
pi05_full_fix,train/loss_per_dim_0,120,170.20307064056396,0.315050333738327
pi05_full_fix,train/loss_per_dim_0,130,182.62969279289246,0.2180015742778778
pi05_full_fix,train/loss_per_dim_0,140,194.87003922462463,0.1935790479183197
pi05_full_fix,train/loss_per_dim_0,150,207.22740602493286,0.30119845271110535
pi05_full_fix,train/loss_per_dim_0,160,219.60872292518616,0.06916829943656921
pi05_full_fix,train/loss_per_dim_0,170,232.3828411102295,0.27510926127433777
pi05_full_fix,train/loss_per_dim_0,180,244.64104962348938,0.19511498510837555
pi05_full_fix,train/loss_per_dim_0,190,256.99838614463806,0.166641503572464
pi05_full_fix,train/loss_per_dim_0,200,269.3787097930908,0.21885958313941956
pi05_full_fix,train/loss_per_dim_0,210,281.78389143943787,0.13151191174983978
pi05_full_fix,train/loss_per_dim_0,220,294.03018403053284,0.306783527135849
pi05_full_fix,train/loss_per_dim_0,230,306.37556624412537,0.3165137767791748
pi05_full_fix,train/loss_per_dim_0,240,318.7327983379364,0.7687636017799377
pi05_full_fix,train/loss_per_dim_0,250,330.78327345848083,0.16322267055511475
pi05_full_fix,train/loss_per_dim_0,260,343.18435621261597,0.9344028830528259
pi05_full_fix,train/loss_per_dim_0,270,355.50829911231995,0.20089174807071686
pi05_full_fix,train/loss_per_dim_0,280,367.92979431152344,0.37967705726623535
pi05_full_fix,train/loss_per_dim_0,290,380.45427560806274,0.22225725650787354
pi05_full_fix,train/loss_per_dim_0,300,392.7580831050873,0.5038348436355591
pi05_full_fix,train/loss_per_dim_0,310,405.1238372325897,0.232625812292099
pi05_full_fix,train/loss_per_dim_0,320,417.3402020931244,0.1177108958363533
pi05_full_fix,train/loss_per_dim_0,330,429.7232880592346,0.1279095709323883
pi05_full_fix,train/loss_per_dim_0,340,441.98966336250305,0.19209712743759155
pi05_full_fix,train/loss_per_dim_0,350,454.24223947525024,0.36517399549484253
pi05_full_fix,train/loss_per_dim_0,360,466.5669515132904,0.06508980691432953
pi05_full_fix,train/loss_per_dim_0,370,478.9586408138275,0.08888750523328781
pi05_full_fix,train/loss_per_dim_0,380,491.19397950172424,0.5317968130111694
pi05_full_fix,train/loss_per_dim_0,390,503.46127581596375,0.0806371420621872
pi05_full_fix,train/loss_per_dim_0,400,515.7332949638367,0.06952992081642151
pi05_full_fix,train/loss_per_dim_0,410,528.0765860080719,0.12869125604629517
pi05_full_fix,train/loss_per_dim_0,420,540.6189749240875,0.062119338661432266
pi05_full_fix,train/loss_per_dim_0,430,553.1143987178802,0.023956740275025368
pi05_full_fix,train/loss_per_dim_0,440,565.5735630989075,0.09540915489196777
pi05_full_fix,train/loss_per_dim_0,450,578.0369498729706,0.08407898247241974
pi05_full_fix,train/loss_per_dim_0,460,590.4749798774719,0.43574950098991394
pi05_full_fix,train/loss_per_dim_0,470,603.1339182853699,0.3345305621623993
pi05_full_fix,train/loss_per_dim_0,480,615.5223476886749,0.1916670948266983
pi05_full_fix,train/loss_per_dim_0,490,627.9646775722504,0.19060905277729034
pi05_full_fix,train/loss_per_dim_0,500,640.2600467205048,0.2782169282436371
pi05_full_fix,train/loss_per_dim_0,510,652.6048038005829,0.1512492597103119
pi05_full_fix,train/loss_per_dim_0,520,664.8924221992493,0.3224734365940094
pi05_full_fix,train/loss_per_dim_0,530,677.1578285694122,0.22663947939872742
pi05_full_fix,train/loss_per_dim_0,540,689.5850903987885,0.14279821515083313
pi05_full_fix,train/loss_per_dim_0,550,701.8119966983795,0.3050006330013275
pi05_full_fix,train/loss_per_dim_0,560,714.1000261306763,0.7079854011535645
pi05_full_fix,train/loss_per_dim_0,570,726.341423034668,0.5422689914703369
pi05_full_fix,train/loss_per_dim_0,580,738.5026595592499,0.6552453637123108
pi05_full_fix,train/loss_per_dim_0,590,750.7777035236359,0.3687470853328705
pi05_full_fix,train/loss_per_dim_0,600,763.5217044353485,0.2019433081150055
pi05_full_fix,train/loss_per_dim_0,610,775.8354980945587,0.14398804306983948
pi05_full_fix,train/loss_per_dim_0,620,788.1086776256561,0.0842399150133133
pi05_full_fix,train/loss_per_dim_0,630,800.3755776882172,0.4398784935474396
pi05_full_fix,train/loss_per_dim_0,640,812.5206139087677,0.2511470913887024
pi05_full_fix,train/loss_per_dim_0,650,824.7447981834412,0.02792702056467533
pi05_full_fix,train/loss_per_dim_0,660,837.321610212326,0.468748539686203
pi05_full_fix,train/loss_per_dim_0,670,849.61816573143,0.0720776692032814
pi05_full_fix,train/loss_per_dim_0,680,861.9499084949493,0.27690207958221436
pi05_full_fix,train/loss_per_dim_0,690,874.3770263195038,0.24687065184116364
pi05_full_fix,train/loss_per_dim_0,700,886.6477205753326,0.06120110675692558
pi05_full_fix,train/loss_per_dim_0,710,899.0420215129852,0.7491645216941833
pi05_full_fix,train/loss_per_dim_0,720,911.4378383159637,0.17338845133781433
pi05_full_fix,train/loss_per_dim_0,730,924.0408520698547,0.5086513161659241
pi05_full_fix,train/loss_per_dim_0,740,936.4083290100098,0.16035869717597961
pi05_full_fix,train/loss_per_dim_0,750,948.7899453639984,0.127203106880188
pi05_full_fix,train/loss_per_dim_0,760,961.1708538532257,0.3963545560836792
pi05_full_fix,train/loss_per_dim_0,770,973.5209741592407,0.23688960075378418
pi05_full_fix,train/loss_per_dim_0,780,985.8739700317383,0.08329148590564728
pi05_full_fix,train/loss_per_dim_0,790,998.5930643081665,0.43755677342414856
pi05_full_fix,train/loss_per_dim_0,800,1010.723060131073,0.35478389263153076
pi05_full_fix,train/loss_per_dim_0,810,1023.0804116725922,0.22828565537929535
pi05_full_fix,train/loss_per_dim_0,820,1035.415334701538,0.17726652324199677
pi05_full_fix,train/loss_per_dim_0,830,1047.7874209880829,1.1767958402633667
pi05_full_fix,train/loss_per_dim_0,840,1060.2493205070496,0.09308222681283951
pi05_full_fix,train/loss_per_dim_0,850,1072.6485903263092,0.14465844631195068
pi05_full_fix,train/loss_per_dim_0,860,1085.1537535190582,0.24799981713294983
pi05_full_fix,train/loss_per_dim_0,870,1097.3764963150024,0.17263391613960266
pi05_full_fix,train/loss_per_dim_0,880,1109.4605057239532,0.1035766527056694
pi05_full_fix,train/loss_per_dim_0,890,1121.6922855377197,0.14116157591342926
pi05_full_fix,train/loss_per_dim_0,900,1133.9903101921082,0.3393278121948242
pi05_full_fix,train/loss_per_dim_0,910,1146.2323276996613,0.14406146109104156
pi05_full_fix,train/loss_per_dim_0,920,1158.4776475429535,0.083506278693676
pi05_full_fix,train/loss_per_dim_0,930,1170.9202389717102,0.058338310569524765
pi05_full_fix,train/loss_per_dim_0,940,1183.1602890491486,0.053309500217437744
pi05_full_fix,train/loss_per_dim_0,950,1195.3252801895142,0.6233931183815002
pi05_full_fix,train/loss_per_dim_0,960,1207.5743367671967,0.4351695477962494
pi05_full_fix,train/loss_per_dim_0,970,1219.877908706665,0.11175912618637085
pi05_full_fix,train/loss_per_dim_0,980,1232.2658288478851,0.15889766812324524
pi05_full_fix,train/loss_per_dim_0,990,1244.9548017978668,0.16254152357578278
pi05_full_fix,train/loss_per_dim_0,1000,1257.2504453659058,0.11326713860034943
pi05_full_fix,train/loss_per_dim_1,10,33.95099496841431,0.3031407296657562
pi05_full_fix,train/loss_per_dim_1,20,46.61639404296875,1.7116268873214722
pi05_full_fix,train/loss_per_dim_1,30,58.63642859458923,0.05875261127948761
pi05_full_fix,train/loss_per_dim_1,40,71.30084705352783,0.5026530027389526
pi05_full_fix,train/loss_per_dim_1,50,83.62195301055908,0.24167820811271667
pi05_full_fix,train/loss_per_dim_1,60,96.0182728767395,0.15492478013038635
pi05_full_fix,train/loss_per_dim_1,70,108.25959038734436,0.31741297245025635
pi05_full_fix,train/loss_per_dim_1,80,120.67782521247864,0.7308838367462158
pi05_full_fix,train/loss_per_dim_1,90,133.0738182067871,0.4401927888393402
pi05_full_fix,train/loss_per_dim_1,100,145.32566213607788,0.09781590104103088
pi05_full_fix,train/loss_per_dim_1,110,157.91161966323853,0.6705334186553955
pi05_full_fix,train/loss_per_dim_1,120,170.20307993888855,0.3438706696033478
pi05_full_fix,train/loss_per_dim_1,130,182.6297047138214,0.17367282509803772
pi05_full_fix,train/loss_per_dim_1,140,194.87004804611206,1.1861335039138794
pi05_full_fix,train/loss_per_dim_1,150,207.22741532325745,1.0525039434432983
pi05_full_fix,train/loss_per_dim_1,160,219.6087327003479,0.8601207733154297
pi05_full_fix,train/loss_per_dim_1,170,232.38284993171692,0.2807464003562927
pi05_full_fix,train/loss_per_dim_1,180,244.64105868339539,0.5695397853851318
pi05_full_fix,train/loss_per_dim_1,190,256.99839520454407,0.29552868008613586
pi05_full_fix,train/loss_per_dim_1,200,269.3787181377411,0.5138912200927734
pi05_full_fix,train/loss_per_dim_1,210,281.78390288352966,0.8830960392951965
pi05_full_fix,train/loss_per_dim_1,220,294.0301933288574,1.3422660827636719
pi05_full_fix,train/loss_per_dim_1,230,306.37557554244995,0.16325423121452332
pi05_full_fix,train/loss_per_dim_1,240,318.73281025886536,0.5538482666015625
pi05_full_fix,train/loss_per_dim_1,250,330.78328227996826,0.15601769089698792
pi05_full_fix,train/loss_per_dim_1,260,343.18436551094055,0.35670021176338196
pi05_full_fix,train/loss_per_dim_1,270,355.5083079338074,0.4251473844051361
pi05_full_fix,train/loss_per_dim_1,280,367.92980432510376,1.7476853132247925
pi05_full_fix,train/loss_per_dim_1,290,380.4542851448059,0.3293052315711975
pi05_full_fix,train/loss_per_dim_1,300,392.7580978870392,0.23396047949790955
pi05_full_fix,train/loss_per_dim_1,310,405.1238465309143,0.538621723651886
pi05_full_fix,train/loss_per_dim_1,320,417.34021162986755,0.5191245675086975
pi05_full_fix,train/loss_per_dim_1,330,429.72329783439636,0.21811074018478394
pi05_full_fix,train/loss_per_dim_1,340,441.98967242240906,0.36295419931411743
pi05_full_fix,train/loss_per_dim_1,350,454.24224877357483,0.6419986486434937
pi05_full_fix,train/loss_per_dim_1,360,466.56696033477783,0.16163691878318787
pi05_full_fix,train/loss_per_dim_1,370,478.9586498737335,0.260856032371521
pi05_full_fix,train/loss_per_dim_1,380,491.19398832321167,2.789964437484741
pi05_full_fix,train/loss_per_dim_1,390,503.4612846374512,0.4005194902420044
pi05_full_fix,train/loss_per_dim_1,400,515.7333040237427,0.419406533241272
pi05_full_fix,train/loss_per_dim_1,410,528.076598405838,1.0162172317504883
pi05_full_fix,train/loss_per_dim_1,420,540.6189846992493,0.4910047650337219
pi05_full_fix,train/loss_per_dim_1,430,553.1144080162048,0.19334465265274048
pi05_full_fix,train/loss_per_dim_1,440,565.5735754966736,0.041488099843263626
pi05_full_fix,train/loss_per_dim_1,450,578.0369582176208,0.2720039486885071
pi05_full_fix,train/loss_per_dim_1,460,590.4749889373779,1.0315927267074585
pi05_full_fix,train/loss_per_dim_1,470,603.1339309215546,0.3481231927871704
pi05_full_fix,train/loss_per_dim_1,480,615.5223567485809,0.28509193658828735
pi05_full_fix,train/loss_per_dim_1,490,627.9646866321564,0.2449112981557846
pi05_full_fix,train/loss_per_dim_1,500,640.2600560188293,1.482779622077942
pi05_full_fix,train/loss_per_dim_1,510,652.6048128604889,0.39865416288375854
pi05_full_fix,train/loss_per_dim_1,520,664.8924305438995,1.7590179443359375
pi05_full_fix,train/loss_per_dim_1,530,677.1578392982483,0.37079739570617676
pi05_full_fix,train/loss_per_dim_1,540,689.5851049423218,0.2899642884731293
pi05_full_fix,train/loss_per_dim_1,550,701.8120062351227,0.6104446649551392
pi05_full_fix,train/loss_per_dim_1,560,714.1000356674194,0.10964294523000717
pi05_full_fix,train/loss_per_dim_1,570,726.3414318561554,0.5610079765319824
pi05_full_fix,train/loss_per_dim_1,580,738.5026683807373,0.7478983402252197
pi05_full_fix,train/loss_per_dim_1,590,750.7777123451233,0.4119589924812317
pi05_full_fix,train/loss_per_dim_1,600,763.5217151641846,0.608171820640564
pi05_full_fix,train/loss_per_dim_1,610,775.8355066776276,0.29381054639816284
pi05_full_fix,train/loss_per_dim_1,620,788.1086874008179,0.28334587812423706
pi05_full_fix,train/loss_per_dim_1,630,800.375586271286,0.4232238233089447
pi05_full_fix,train/loss_per_dim_1,640,812.5206241607666,0.2566622495651245
pi05_full_fix,train/loss_per_dim_1,650,824.7448070049286,0.28511080145835876
pi05_full_fix,train/loss_per_dim_1,660,837.3216226100922,0.18234604597091675
pi05_full_fix,train/loss_per_dim_1,670,849.6181747913361,0.13955524563789368
pi05_full_fix,train/loss_per_dim_1,680,861.9499168395996,0.5301516056060791
pi05_full_fix,train/loss_per_dim_1,690,874.377035856247,0.7769219875335693
pi05_full_fix,train/loss_per_dim_1,700,886.6477289199829,0.14339205622673035
pi05_full_fix,train/loss_per_dim_1,710,899.0420308113098,0.5631864666938782
pi05_full_fix,train/loss_per_dim_1,720,911.437846660614,0.3327462077140808
pi05_full_fix,train/loss_per_dim_1,730,924.0408613681793,0.22776362299919128
pi05_full_fix,train/loss_per_dim_1,740,936.40833735466,0.09912258386611938
pi05_full_fix,train/loss_per_dim_1,750,948.7899534702301,0.15813185274600983
pi05_full_fix,train/loss_per_dim_1,760,961.1708645820618,0.2873228192329407
pi05_full_fix,train/loss_per_dim_1,770,973.520982503891,0.1258101761341095
pi05_full_fix,train/loss_per_dim_1,780,985.8739788532257,0.1111186221241951
pi05_full_fix,train/loss_per_dim_1,790,998.5930721759796,0.3026050329208374
pi05_full_fix,train/loss_per_dim_1,800,1010.7230730056763,0.20930354297161102
pi05_full_fix,train/loss_per_dim_1,810,1023.0804204940796,1.716039776802063
pi05_full_fix,train/loss_per_dim_1,820,1035.4153435230255,0.21144232153892517
pi05_full_fix,train/loss_per_dim_1,830,1047.787430524826,0.8046424388885498
pi05_full_fix,train/loss_per_dim_1,840,1060.249329328537,0.17650118470191956
pi05_full_fix,train/loss_per_dim_1,850,1072.6485998630524,0.14357642829418182
pi05_full_fix,train/loss_per_dim_1,860,1085.1537623405457,0.24362128973007202
pi05_full_fix,train/loss_per_dim_1,870,1097.376505613327,0.18624357879161835
pi05_full_fix,train/loss_per_dim_1,880,1109.4605152606964,0.5728610754013062
pi05_full_fix,train/loss_per_dim_1,890,1121.6922953128815,0.2335858792066574
pi05_full_fix,train/loss_per_dim_1,900,1133.9903185367584,1.0122178792953491
pi05_full_fix,train/loss_per_dim_1,910,1146.2323372364044,0.298762708902359
pi05_full_fix,train/loss_per_dim_1,920,1158.4776566028595,0.039062898606061935
pi05_full_fix,train/loss_per_dim_1,930,1170.9202477931976,0.18052887916564941
pi05_full_fix,train/loss_per_dim_1,940,1183.160302400589,0.09228436648845673
pi05_full_fix,train/loss_per_dim_1,950,1195.3252928256989,0.9253354668617249
pi05_full_fix,train/loss_per_dim_1,960,1207.574345588684,0.1964569389820099
pi05_full_fix,train/loss_per_dim_1,970,1219.8779187202454,0.17727160453796387
pi05_full_fix,train/loss_per_dim_1,980,1232.265837430954,0.1713339239358902
pi05_full_fix,train/loss_per_dim_1,990,1244.9548170566559,0.12240462750196457
pi05_full_fix,train/loss_per_dim_1,1000,1257.2504539489746,0.1604325920343399
pi05_full_fix,train/loss_per_dim_2,10,33.95100140571594,0.5852189064025879
pi05_full_fix,train/loss_per_dim_2,20,46.61640024185181,0.5438449382781982
pi05_full_fix,train/loss_per_dim_2,30,58.63643503189087,0.33346477150917053
pi05_full_fix,train/loss_per_dim_2,40,71.30085396766663,1.0509755611419678
pi05_full_fix,train/loss_per_dim_2,50,83.62195992469788,0.365313321352005
pi05_full_fix,train/loss_per_dim_2,60,96.01827907562256,0.12937071919441223
pi05_full_fix,train/loss_per_dim_2,70,108.259596824646,0.36657336354255676
pi05_full_fix,train/loss_per_dim_2,80,120.67783236503601,0.9709041118621826
pi05_full_fix,train/loss_per_dim_2,90,133.07382369041443,0.39986664056777954
pi05_full_fix,train/loss_per_dim_2,100,145.32566905021667,0.12221679836511612
pi05_full_fix,train/loss_per_dim_2,110,157.91162586212158,0.2668032646179199
pi05_full_fix,train/loss_per_dim_2,120,170.2030861377716,1.1677274703979492
pi05_full_fix,train/loss_per_dim_2,130,182.62971377372742,0.4784608483314514
pi05_full_fix,train/loss_per_dim_2,140,194.87005424499512,0.32307055592536926
pi05_full_fix,train/loss_per_dim_2,150,207.2274215221405,0.490744948387146
pi05_full_fix,train/loss_per_dim_2,160,219.6087396144867,0.2703458368778229
pi05_full_fix,train/loss_per_dim_2,170,232.3828568458557,0.5251592397689819
pi05_full_fix,train/loss_per_dim_2,180,244.64106559753418,0.45056435465812683
pi05_full_fix,train/loss_per_dim_2,190,256.99840235710144,0.3671901822090149
pi05_full_fix,train/loss_per_dim_2,200,269.37872433662415,0.23736968636512756
pi05_full_fix,train/loss_per_dim_2,210,281.7839105129242,0.13010656833648682
pi05_full_fix,train/loss_per_dim_2,220,294.03020095825195,0.3476027548313141
pi05_full_fix,train/loss_per_dim_2,230,306.37558221817017,0.24336345493793488
pi05_full_fix,train/loss_per_dim_2,240,318.73281812667847,0.3717399537563324
pi05_full_fix,train/loss_per_dim_2,250,330.7832887172699,0.15705852210521698
pi05_full_fix,train/loss_per_dim_2,260,343.1843717098236,0.24555397033691406
pi05_full_fix,train/loss_per_dim_2,270,355.50831508636475,0.12658321857452393
pi05_full_fix,train/loss_per_dim_2,280,367.929811000824,0.33120855689048767
pi05_full_fix,train/loss_per_dim_2,290,380.4542918205261,0.2785797119140625
pi05_full_fix,train/loss_per_dim_2,300,392.75810861587524,0.4340749979019165
pi05_full_fix,train/loss_per_dim_2,310,405.1238536834717,0.16190101206302643
pi05_full_fix,train/loss_per_dim_2,320,417.34021759033203,0.37278810143470764
pi05_full_fix,train/loss_per_dim_2,330,429.7233054637909,0.2040262371301651
pi05_full_fix,train/loss_per_dim_2,340,441.98967933654785,0.3313443660736084
pi05_full_fix,train/loss_per_dim_2,350,454.24225521087646,0.2576916217803955
pi05_full_fix,train/loss_per_dim_2,360,466.56696677207947,0.06378043442964554
pi05_full_fix,train/loss_per_dim_2,370,478.95865631103516,0.23738084733486176
pi05_full_fix,train/loss_per_dim_2,380,491.19399523735046,0.17017489671707153
pi05_full_fix,train/loss_per_dim_2,390,503.4612913131714,0.11569805443286896
pi05_full_fix,train/loss_per_dim_2,400,515.7333104610443,0.10574863851070404
pi05_full_fix,train/loss_per_dim_2,410,528.0766072273254,0.09664300084114075
pi05_full_fix,train/loss_per_dim_2,420,540.6189916133881,0.24934588372707367
pi05_full_fix,train/loss_per_dim_2,430,553.1144142150879,0.10892346501350403
pi05_full_fix,train/loss_per_dim_2,440,565.5735845565796,0.09257402271032333
pi05_full_fix,train/loss_per_dim_2,450,578.0369646549225,0.11866980046033859
pi05_full_fix,train/loss_per_dim_2,460,590.4749958515167,0.7663982510566711
pi05_full_fix,train/loss_per_dim_2,470,603.1339404582977,0.37324824929237366
pi05_full_fix,train/loss_per_dim_2,480,615.522362947464,0.3864050507545471
pi05_full_fix,train/loss_per_dim_2,490,627.964693069458,0.252341091632843
pi05_full_fix,train/loss_per_dim_2,500,640.2600619792938,0.08194641768932343
pi05_full_fix,train/loss_per_dim_2,510,652.6048192977905,0.7251761555671692
pi05_full_fix,train/loss_per_dim_2,520,664.8924369812012,0.3243190050125122
pi05_full_fix,train/loss_per_dim_2,530,677.1578471660614,0.05544580891728401
pi05_full_fix,train/loss_per_dim_2,540,689.585116147995,0.15986841917037964
pi05_full_fix,train/loss_per_dim_2,550,701.8120129108429,0.22479626536369324
pi05_full_fix,train/loss_per_dim_2,560,714.1000418663025,0.4002630412578583
pi05_full_fix,train/loss_per_dim_2,570,726.341438293457,0.5751897692680359
pi05_full_fix,train/loss_per_dim_2,580,738.5026755332947,0.35713520646095276
pi05_full_fix,train/loss_per_dim_2,590,750.7777187824249,0.3731043338775635
pi05_full_fix,train/loss_per_dim_2,600,763.5217227935791,0.20277465879917145
pi05_full_fix,train/loss_per_dim_2,610,775.8355128765106,0.13773174583911896
pi05_full_fix,train/loss_per_dim_2,620,788.1086943149567,0.06329913437366486
pi05_full_fix,train/loss_per_dim_2,630,800.3755924701691,0.2614108622074127
pi05_full_fix,train/loss_per_dim_2,640,812.5206308364868,0.46564599871635437
pi05_full_fix,train/loss_per_dim_2,650,824.7448134422302,0.07437717169523239
pi05_full_fix,train/loss_per_dim_2,660,837.3216319084167,0.535355269908905
pi05_full_fix,train/loss_per_dim_2,670,849.6181812286377,0.0754823163151741
pi05_full_fix,train/loss_per_dim_2,680,861.9499232769012,0.15402312576770782
pi05_full_fix,train/loss_per_dim_2,690,874.3770422935486,0.08226621150970459
pi05_full_fix,train/loss_per_dim_2,700,886.647735118866,0.07645129412412643
pi05_full_fix,train/loss_per_dim_2,710,899.0420377254486,0.32208380103111267
pi05_full_fix,train/loss_per_dim_2,720,911.4378526210785,0.3024943768978119
pi05_full_fix,train/loss_per_dim_2,730,924.0408675670624,0.22003085911273956
pi05_full_fix,train/loss_per_dim_2,740,936.4083437919617,0.04658625274896622
pi05_full_fix,train/loss_per_dim_2,750,948.7899596691132,0.24956554174423218
pi05_full_fix,train/loss_per_dim_2,760,961.1708707809448,0.48886868357658386
pi05_full_fix,train/loss_per_dim_2,770,973.520988702774,0.1567651480436325
pi05_full_fix,train/loss_per_dim_2,780,985.8739857673645,0.1293129175901413
pi05_full_fix,train/loss_per_dim_2,790,998.5930781364441,0.21142004430294037
pi05_full_fix,train/loss_per_dim_2,800,1010.723082780838,0.2455737590789795
pi05_full_fix,train/loss_per_dim_2,810,1023.0804266929626,0.0899757444858551
pi05_full_fix,train/loss_per_dim_2,820,1035.4153504371643,0.11225344240665436
pi05_full_fix,train/loss_per_dim_2,830,1047.7874376773834,0.7107973694801331
pi05_full_fix,train/loss_per_dim_2,840,1060.2493360042572,0.17917563021183014
pi05_full_fix,train/loss_per_dim_2,850,1072.6486067771912,0.1918855905532837
pi05_full_fix,train/loss_per_dim_2,860,1085.1537687778473,0.04066157713532448
pi05_full_fix,train/loss_per_dim_2,870,1097.3765120506287,0.25409775972366333
pi05_full_fix,train/loss_per_dim_2,880,1109.4605355262756,0.08911717683076859
pi05_full_fix,train/loss_per_dim_2,890,1121.6923019886017,0.2516409456729889
pi05_full_fix,train/loss_per_dim_2,900,1133.99032497406,0.14581017196178436
pi05_full_fix,train/loss_per_dim_2,910,1146.2323439121246,0.13915981352329254
pi05_full_fix,train/loss_per_dim_2,920,1158.4776628017426,0.044156331568956375
pi05_full_fix,train/loss_per_dim_2,930,1170.9202542304993,0.09802136570215225
pi05_full_fix,train/loss_per_dim_2,940,1183.1603124141693,0.08196426928043365
pi05_full_fix,train/loss_per_dim_2,950,1195.325302362442,0.16087862849235535
pi05_full_fix,train/loss_per_dim_2,960,1207.5743517875671,0.20104221999645233
pi05_full_fix,train/loss_per_dim_2,970,1219.8779258728027,0.31530365347862244
pi05_full_fix,train/loss_per_dim_2,980,1232.2658433914185,0.49070122838020325
pi05_full_fix,train/loss_per_dim_2,990,1244.954827785492,0.04011330381035805
pi05_full_fix,train/loss_per_dim_2,1000,1257.2504606246948,0.0801168829202652
pi05_full_fix,train/loss_per_dim_3,10,33.95100736618042,0.10773703455924988
pi05_full_fix,train/loss_per_dim_3,20,46.61640548706055,0.48018696904182434
pi05_full_fix,train/loss_per_dim_3,30,58.63644051551819,0.3918116092681885
pi05_full_fix,train/loss_per_dim_3,40,71.30085968971252,0.5998556017875671
pi05_full_fix,train/loss_per_dim_3,50,83.62196588516235,0.529507040977478
pi05_full_fix,train/loss_per_dim_3,60,96.01828503608704,0.2626713216304779
pi05_full_fix,train/loss_per_dim_3,70,108.2596025466919,0.3904328942298889
pi05_full_fix,train/loss_per_dim_3,80,120.67783808708191,0.09226813912391663
pi05_full_fix,train/loss_per_dim_3,90,133.07382941246033,0.6916490793228149
pi05_full_fix,train/loss_per_dim_3,100,145.32567501068115,0.18492181599140167
pi05_full_fix,train/loss_per_dim_3,110,157.9116313457489,0.37502914667129517
pi05_full_fix,train/loss_per_dim_3,120,170.20309138298035,1.4816603660583496
pi05_full_fix,train/loss_per_dim_3,130,182.62972283363342,0.7249314785003662
pi05_full_fix,train/loss_per_dim_3,140,194.87005996704102,0.5191457867622375
pi05_full_fix,train/loss_per_dim_3,150,207.22742676734924,0.22682742774486542
pi05_full_fix,train/loss_per_dim_3,160,219.60874557495117,2.6677448749542236
pi05_full_fix,train/loss_per_dim_3,170,232.38286232948303,0.42051589488983154
pi05_full_fix,train/loss_per_dim_3,180,244.64107084274292,0.5908997654914856
pi05_full_fix,train/loss_per_dim_3,190,256.9984085559845,0.41442498564720154
pi05_full_fix,train/loss_per_dim_3,200,269.37873005867004,0.7295616269111633
pi05_full_fix,train/loss_per_dim_3,210,281.7839164733887,0.09697913378477097
pi05_full_fix,train/loss_per_dim_3,220,294.030207157135,0.19597166776657104
pi05_full_fix,train/loss_per_dim_3,230,306.37558817863464,0.25623819231987
pi05_full_fix,train/loss_per_dim_3,240,318.73282623291016,0.6342332363128662
pi05_full_fix,train/loss_per_dim_3,250,330.78329396247864,0.5002744197845459
pi05_full_fix,train/loss_per_dim_3,260,343.1843771934509,0.2366734743118286
pi05_full_fix,train/loss_per_dim_3,270,355.50832080841064,0.3372626304626465
pi05_full_fix,train/loss_per_dim_3,280,367.9298162460327,1.1280571222305298
pi05_full_fix,train/loss_per_dim_3,290,380.4542977809906,1.1097339391708374
pi05_full_fix,train/loss_per_dim_3,300,392.7581181526184,0.0394759327173233
pi05_full_fix,train/loss_per_dim_3,310,405.1238589286804,0.29319319128990173
pi05_full_fix,train/loss_per_dim_3,320,417.34022307395935,0.9029346704483032
pi05_full_fix,train/loss_per_dim_3,330,429.72331142425537,0.17523528635501862
pi05_full_fix,train/loss_per_dim_3,340,441.98968482017517,0.3036034405231476
pi05_full_fix,train/loss_per_dim_3,350,454.2422606945038,0.1909026950597763
pi05_full_fix,train/loss_per_dim_3,360,466.56697273254395,0.10407596081495285
pi05_full_fix,train/loss_per_dim_3,370,478.9586613178253,0.16040652990341187
pi05_full_fix,train/loss_per_dim_3,380,491.19400119781494,0.2708505392074585
pi05_full_fix,train/loss_per_dim_3,390,503.4612965583801,0.40054795145988464
pi05_full_fix,train/loss_per_dim_3,400,515.7333159446716,0.22649261355400085
pi05_full_fix,train/loss_per_dim_3,410,528.07661652565,0.18696928024291992
pi05_full_fix,train/loss_per_dim_3,420,540.6189975738525,0.39550846815109253
pi05_full_fix,train/loss_per_dim_3,430,553.1144199371338,0.4400682747364044
pi05_full_fix,train/loss_per_dim_3,440,565.5735931396484,0.054000500589609146
pi05_full_fix,train/loss_per_dim_3,450,578.0369699001312,6.56381368637085
pi05_full_fix,train/loss_per_dim_3,460,590.4750015735626,0.20820105075836182
pi05_full_fix,train/loss_per_dim_3,470,603.1339495182037,1.9445010423660278
pi05_full_fix,train/loss_per_dim_3,480,615.5223681926727,1.3492701053619385
pi05_full_fix,train/loss_per_dim_3,490,627.9646983146667,0.3804643750190735
pi05_full_fix,train/loss_per_dim_3,500,640.2600679397583,0.7169566750526428
pi05_full_fix,train/loss_per_dim_3,510,652.6048245429993,0.5018118619918823
pi05_full_fix,train/loss_per_dim_3,520,664.8924424648285,0.6547949314117432
pi05_full_fix,train/loss_per_dim_3,530,677.1578533649445,0.3300679624080658
pi05_full_fix,train/loss_per_dim_3,540,689.5851254463196,0.16391950845718384
pi05_full_fix,train/loss_per_dim_3,550,701.8120186328888,0.7604326605796814
pi05_full_fix,train/loss_per_dim_3,560,714.1000471115112,0.38201427459716797
pi05_full_fix,train/loss_per_dim_3,570,726.3414435386658,0.555334746837616
pi05_full_fix,train/loss_per_dim_3,580,738.5026812553406,0.3756256401538849
pi05_full_fix,train/loss_per_dim_3,590,750.7777242660522,0.6286600828170776
pi05_full_fix,train/loss_per_dim_3,600,763.5217292308807,1.113438367843628
pi05_full_fix,train/loss_per_dim_3,610,775.8355305194855,0.16631227731704712
pi05_full_fix,train/loss_per_dim_3,620,788.1087005138397,0.06529197096824646
pi05_full_fix,train/loss_per_dim_3,630,800.375598192215,0.44512486457824707
pi05_full_fix,train/loss_per_dim_3,640,812.5206367969513,0.763819694519043
pi05_full_fix,train/loss_per_dim_3,650,824.744818687439,0.27237796783447266
pi05_full_fix,train/loss_per_dim_3,660,837.3216414451599,0.06603895127773285
pi05_full_fix,train/loss_per_dim_3,670,849.6181871891022,0.22024066746234894
pi05_full_fix,train/loss_per_dim_3,680,861.9499289989471,0.6121463179588318
pi05_full_fix,train/loss_per_dim_3,690,874.3770477771759,0.04020315036177635
pi05_full_fix,train/loss_per_dim_3,700,886.6477401256561,0.1512380689382553
pi05_full_fix,train/loss_per_dim_3,710,899.0420434474945,0.5180879235267639
pi05_full_fix,train/loss_per_dim_3,720,911.4378581047058,0.4096859097480774
pi05_full_fix,train/loss_per_dim_3,730,924.0408737659454,0.4919748604297638
pi05_full_fix,train/loss_per_dim_3,740,936.4083495140076,0.296595960855484
pi05_full_fix,train/loss_per_dim_3,750,948.7899653911591,0.12449544668197632
pi05_full_fix,train/loss_per_dim_3,760,961.1708765029907,0.49751016497612
pi05_full_fix,train/loss_per_dim_3,770,973.52099442482,0.2555508315563202
pi05_full_fix,train/loss_per_dim_3,780,985.8739914894104,0.10790971666574478
pi05_full_fix,train/loss_per_dim_3,790,998.5930831432343,0.17698019742965698
pi05_full_fix,train/loss_per_dim_3,800,1010.723091840744,0.3790162205696106
pi05_full_fix,train/loss_per_dim_3,810,1023.08043217659,0.41954201459884644
pi05_full_fix,train/loss_per_dim_3,820,1035.4153559207916,0.10492149740457535
pi05_full_fix,train/loss_per_dim_3,830,1047.7874431610107,0.4654958248138428
pi05_full_fix,train/loss_per_dim_3,840,1060.2493414878845,0.2225395292043686
pi05_full_fix,train/loss_per_dim_3,850,1072.6486122608185,0.2175605595111847
pi05_full_fix,train/loss_per_dim_3,860,1085.153775215149,0.12570703029632568
pi05_full_fix,train/loss_per_dim_3,870,1097.3765172958374,0.1937570720911026
pi05_full_fix,train/loss_per_dim_3,880,1109.4605424404144,0.41118815541267395
pi05_full_fix,train/loss_per_dim_3,890,1121.6923081874847,0.5899926424026489
pi05_full_fix,train/loss_per_dim_3,900,1133.9903304576874,0.08685118705034256
pi05_full_fix,train/loss_per_dim_3,910,1146.2323496341705,0.8627727031707764
pi05_full_fix,train/loss_per_dim_3,920,1158.4776680469513,0.10631989687681198
pi05_full_fix,train/loss_per_dim_3,930,1170.9202592372894,0.39917850494384766
pi05_full_fix,train/loss_per_dim_3,940,1183.1603207588196,0.11536772549152374
pi05_full_fix,train/loss_per_dim_3,950,1195.325311422348,0.20503376424312592
pi05_full_fix,train/loss_per_dim_3,960,1207.574357509613,0.22502398490905762
pi05_full_fix,train/loss_per_dim_3,970,1219.8779318332672,0.3706640303134918
pi05_full_fix,train/loss_per_dim_3,980,1232.2658491134644,0.22722227871418
pi05_full_fix,train/loss_per_dim_3,990,1244.954837322235,0.2993967831134796
pi05_full_fix,train/loss_per_dim_3,1000,1257.2504665851593,0.3328567147254944
pi05_full_fix,train/loss_per_dim_4,10,33.95101261138916,1.4922178983688354
pi05_full_fix,train/loss_per_dim_4,20,46.616411209106445,0.4349016845226288
pi05_full_fix,train/loss_per_dim_4,30,58.63644599914551,0.2946091890335083
pi05_full_fix,train/loss_per_dim_4,40,71.30086493492126,0.6086971759796143
pi05_full_fix,train/loss_per_dim_4,50,83.62197136878967,0.43366310000419617
pi05_full_fix,train/loss_per_dim_4,60,96.01829051971436,0.269835889339447
pi05_full_fix,train/loss_per_dim_4,70,108.25960779190063,0.25449103116989136
pi05_full_fix,train/loss_per_dim_4,80,120.67784357070923,0.040306344628334045
pi05_full_fix,train/loss_per_dim_4,90,133.0738341808319,0.2772441506385803
pi05_full_fix,train/loss_per_dim_4,100,145.32568049430847,0.49430057406425476
pi05_full_fix,train/loss_per_dim_4,110,157.91163659095764,0.14519807696342468
pi05_full_fix,train/loss_per_dim_4,120,170.2030966281891,0.7878909707069397
pi05_full_fix,train/loss_per_dim_4,130,182.6297309398651,0.39803412556648254
pi05_full_fix,train/loss_per_dim_4,140,194.87006616592407,0.28859788179397583
pi05_full_fix,train/loss_per_dim_4,150,207.22743225097656,0.14205269515514374
pi05_full_fix,train/loss_per_dim_4,160,219.60875153541565,0.4968991279602051
pi05_full_fix,train/loss_per_dim_4,170,232.38286805152893,0.14905641973018646
pi05_full_fix,train/loss_per_dim_4,180,244.64107656478882,0.36611586809158325
pi05_full_fix,train/loss_per_dim_4,190,256.9984142780304,0.27689293026924133
pi05_full_fix,train/loss_per_dim_4,200,269.37873578071594,0.4651487469673157
pi05_full_fix,train/loss_per_dim_4,210,281.78392219543457,0.08664251863956451
pi05_full_fix,train/loss_per_dim_4,220,294.0302138328552,0.16906613111495972
pi05_full_fix,train/loss_per_dim_4,230,306.37559390068054,0.15687261521816254
pi05_full_fix,train/loss_per_dim_4,240,318.7328350543976,0.23214493691921234
pi05_full_fix,train/loss_per_dim_4,250,330.7832999229431,0.15554556250572205
pi05_full_fix,train/loss_per_dim_4,260,343.18438243865967,0.2670513093471527
pi05_full_fix,train/loss_per_dim_4,270,355.5083260536194,0.3209417462348938
pi05_full_fix,train/loss_per_dim_4,280,367.92982172966003,0.3589317798614502
pi05_full_fix,train/loss_per_dim_4,290,380.4543032646179,0.4796037971973419
pi05_full_fix,train/loss_per_dim_4,300,392.7581272125244,0.10587860643863678
pi05_full_fix,train/loss_per_dim_4,310,405.1238651275635,0.3006363809108734
pi05_full_fix,train/loss_per_dim_4,320,417.3402283191681,0.14710573852062225
pi05_full_fix,train/loss_per_dim_4,330,429.7233169078827,0.4045283794403076
pi05_full_fix,train/loss_per_dim_4,340,441.9896900653839,0.24360206723213196
pi05_full_fix,train/loss_per_dim_4,350,454.2422661781311,0.1553005427122116
pi05_full_fix,train/loss_per_dim_4,360,466.5669775009155,0.12795718014240265
pi05_full_fix,train/loss_per_dim_4,370,478.95866656303406,0.1984693557024002
pi05_full_fix,train/loss_per_dim_4,380,491.1940064430237,0.24791929125785828
pi05_full_fix,train/loss_per_dim_4,390,503.46130204200745,0.02387331612408161
pi05_full_fix,train/loss_per_dim_4,400,515.7333211898804,0.19529609382152557
pi05_full_fix,train/loss_per_dim_4,410,528.0766246318817,0.30586186051368713
pi05_full_fix,train/loss_per_dim_4,420,540.6190028190613,0.12883710861206055
pi05_full_fix,train/loss_per_dim_4,430,553.1144256591797,0.1416538655757904
pi05_full_fix,train/loss_per_dim_4,440,565.573600769043,0.36245158314704895
pi05_full_fix,train/loss_per_dim_4,450,578.0369753837585,0.08908601105213165
pi05_full_fix,train/loss_per_dim_4,460,590.4750075340271,0.2548041343688965
pi05_full_fix,train/loss_per_dim_4,470,603.133957862854,0.25845402479171753
pi05_full_fix,train/loss_per_dim_4,480,615.5223736763,0.7243262529373169
pi05_full_fix,train/loss_per_dim_4,490,627.9647037982941,0.1950543373823166
pi05_full_fix,train/loss_per_dim_4,500,640.2600736618042,0.15790291130542755
pi05_full_fix,train/loss_per_dim_4,510,652.6048300266266,0.5329583287239075
pi05_full_fix,train/loss_per_dim_4,520,664.8924479484558,0.4626414477825165
pi05_full_fix,train/loss_per_dim_4,530,677.1578600406647,0.13479459285736084
pi05_full_fix,train/loss_per_dim_4,540,689.5851340293884,0.1722549945116043
pi05_full_fix,train/loss_per_dim_4,550,701.8120243549347,0.220491424202919
pi05_full_fix,train/loss_per_dim_4,560,714.1000528335571,0.34817489981651306
pi05_full_fix,train/loss_per_dim_4,570,726.3414487838745,0.5164814591407776
pi05_full_fix,train/loss_per_dim_4,580,738.5026869773865,0.1588812917470932
pi05_full_fix,train/loss_per_dim_4,590,750.777729511261,0.5564698576927185
pi05_full_fix,train/loss_per_dim_4,600,763.5217349529266,0.2739245891571045
pi05_full_fix,train/loss_per_dim_4,610,775.8355383872986,0.04977250099182129
pi05_full_fix,train/loss_per_dim_4,620,788.1087062358856,0.043992746621370316
pi05_full_fix,train/loss_per_dim_4,630,800.3756031990051,0.23314309120178223
pi05_full_fix,train/loss_per_dim_4,640,812.52064204216,0.2567250728607178
pi05_full_fix,train/loss_per_dim_4,650,824.7448239326477,0.10285686701536179
pi05_full_fix,train/loss_per_dim_4,660,837.3216505050659,0.370503693819046
pi05_full_fix,train/loss_per_dim_4,670,849.6181938648224,0.05176803469657898
pi05_full_fix,train/loss_per_dim_4,680,861.949934720993,0.30876797437667847
pi05_full_fix,train/loss_per_dim_4,690,874.3770530223846,0.03385712578892708
pi05_full_fix,train/loss_per_dim_4,700,886.6477456092834,0.03407592326402664
pi05_full_fix,train/loss_per_dim_4,710,899.0420489311218,0.3096601665019989
pi05_full_fix,train/loss_per_dim_4,720,911.4378633499146,0.7003440856933594
pi05_full_fix,train/loss_per_dim_4,730,924.0408787727356,0.455218642950058
pi05_full_fix,train/loss_per_dim_4,740,936.4083547592163,0.07823032885789871
pi05_full_fix,train/loss_per_dim_4,750,948.7899708747864,0.16963458061218262
pi05_full_fix,train/loss_per_dim_4,760,961.1708815097809,0.8868034482002258
pi05_full_fix,train/loss_per_dim_4,770,973.5209996700287,0.18602728843688965
pi05_full_fix,train/loss_per_dim_4,780,985.8739967346191,0.23660095036029816
pi05_full_fix,train/loss_per_dim_4,790,998.5930879116058,0.20379288494586945
pi05_full_fix,train/loss_per_dim_4,800,1010.7231006622314,0.6485170125961304
pi05_full_fix,train/loss_per_dim_4,810,1023.0804374217987,0.10902013629674911
pi05_full_fix,train/loss_per_dim_4,820,1035.4153611660004,0.6035057306289673
pi05_full_fix,train/loss_per_dim_4,830,1047.7874484062195,0.23869307339191437
pi05_full_fix,train/loss_per_dim_4,840,1060.2493472099304,0.16297771036624908
pi05_full_fix,train/loss_per_dim_4,850,1072.6486179828644,0.1521531194448471
pi05_full_fix,train/loss_per_dim_4,860,1085.1537806987762,0.062190163880586624
pi05_full_fix,train/loss_per_dim_4,870,1097.3765361309052,0.20589645206928253
pi05_full_fix,train/loss_per_dim_4,880,1109.4605481624603,0.2484712451696396
pi05_full_fix,train/loss_per_dim_4,890,1121.6923141479492,0.2945544123649597
pi05_full_fix,train/loss_per_dim_4,900,1133.9903357028961,0.4156065583229065
pi05_full_fix,train/loss_per_dim_4,910,1146.2323551177979,1.4685941934585571
pi05_full_fix,train/loss_per_dim_4,920,1158.4776735305786,0.10808705538511276
pi05_full_fix,train/loss_per_dim_4,930,1170.9202644824982,0.07199913263320923
pi05_full_fix,train/loss_per_dim_4,940,1183.1603286266327,0.0721079558134079
pi05_full_fix,train/loss_per_dim_4,950,1195.3253200054169,0.1022971048951149
pi05_full_fix,train/loss_per_dim_4,960,1207.5743629932404,0.22118881344795227
pi05_full_fix,train/loss_per_dim_4,970,1219.8779373168945,0.016975823789834976
pi05_full_fix,train/loss_per_dim_4,980,1232.2658541202545,0.10801561921834946
pi05_full_fix,train/loss_per_dim_4,990,1244.9548456668854,0.5793398022651672
pi05_full_fix,train/loss_per_dim_4,1000,1257.2504720687866,0.058992356061935425
pi05_full_fix,train/loss_per_dim_5,10,33.95101809501648,0.3814276456832886
pi05_full_fix,train/loss_per_dim_5,20,46.616416215896606,1.7648712396621704
pi05_full_fix,train/loss_per_dim_5,30,58.63645100593567,0.11466965824365616
pi05_full_fix,train/loss_per_dim_5,40,71.30087041854858,0.5629361867904663
pi05_full_fix,train/loss_per_dim_5,50,83.62197709083557,0.1827160269021988
pi05_full_fix,train/loss_per_dim_5,60,96.0182957649231,0.21939481794834137
pi05_full_fix,train/loss_per_dim_5,70,108.25961327552795,0.8350955843925476
pi05_full_fix,train/loss_per_dim_5,80,120.67784833908081,0.08610808849334717
pi05_full_fix,train/loss_per_dim_5,90,133.07383942604065,0.3586799204349518
pi05_full_fix,train/loss_per_dim_5,100,145.32568550109863,0.12032724171876907
pi05_full_fix,train/loss_per_dim_5,110,157.9116415977478,0.3312249779701233
pi05_full_fix,train/loss_per_dim_5,120,170.20310163497925,0.5242033004760742
pi05_full_fix,train/loss_per_dim_5,130,182.62973880767822,0.6270301342010498
pi05_full_fix,train/loss_per_dim_5,140,194.87007188796997,0.16871792078018188
pi05_full_fix,train/loss_per_dim_5,150,207.22743725776672,0.10076089203357697
pi05_full_fix,train/loss_per_dim_5,160,219.60875701904297,0.44326263666152954
pi05_full_fix,train/loss_per_dim_5,170,232.38287353515625,0.30139198899269104
pi05_full_fix,train/loss_per_dim_5,180,244.6410813331604,0.47474101185798645
pi05_full_fix,train/loss_per_dim_5,190,256.99841952323914,0.2855164408683777
pi05_full_fix,train/loss_per_dim_5,200,269.3787407875061,0.31119030714035034
pi05_full_fix,train/loss_per_dim_5,210,281.78392791748047,0.061534054577350616
pi05_full_fix,train/loss_per_dim_5,220,294.0302197933197,0.19902768731117249
pi05_full_fix,train/loss_per_dim_5,230,306.3756003379822,0.7197844386100769
pi05_full_fix,train/loss_per_dim_5,240,318.73284101486206,1.1150261163711548
pi05_full_fix,train/loss_per_dim_5,250,330.7833061218262,0.11642539501190186
pi05_full_fix,train/loss_per_dim_5,260,343.184387922287,0.07954397052526474
pi05_full_fix,train/loss_per_dim_5,270,355.5083317756653,0.12823832035064697
pi05_full_fix,train/loss_per_dim_5,280,367.9298267364502,0.7383292317390442
pi05_full_fix,train/loss_per_dim_5,290,380.4543082714081,0.18941225111484528
pi05_full_fix,train/loss_per_dim_5,300,392.7581355571747,0.080031618475914
pi05_full_fix,train/loss_per_dim_5,310,405.12387108802795,0.6919798254966736
pi05_full_fix,train/loss_per_dim_5,320,417.34023332595825,0.2740759551525116
pi05_full_fix,train/loss_per_dim_5,330,429.72332239151,0.09323248267173767
pi05_full_fix,train/loss_per_dim_5,340,441.98969531059265,0.08544883877038956
pi05_full_fix,train/loss_per_dim_5,350,454.24227118492126,0.4453842341899872
pi05_full_fix,train/loss_per_dim_5,360,466.56698298454285,0.10565372556447983
pi05_full_fix,train/loss_per_dim_5,370,478.9586715698242,0.06775962561368942
pi05_full_fix,train/loss_per_dim_5,380,491.1940116882324,0.1325046867132187
pi05_full_fix,train/loss_per_dim_5,390,503.461306810379,0.027853237465023994
pi05_full_fix,train/loss_per_dim_5,400,515.7333264350891,0.10843314230442047
pi05_full_fix,train/loss_per_dim_5,410,528.0766334533691,0.2597731053829193
pi05_full_fix,train/loss_per_dim_5,420,540.6190083026886,0.2751392424106598
pi05_full_fix,train/loss_per_dim_5,430,553.1144306659698,0.08652804791927338
pi05_full_fix,train/loss_per_dim_5,440,565.5736083984375,0.09447098523378372
pi05_full_fix,train/loss_per_dim_5,450,578.0369808673859,0.19906066358089447
pi05_full_fix,train/loss_per_dim_5,460,590.4750139713287,0.12653465569019318
pi05_full_fix,train/loss_per_dim_5,470,603.1339654922485,0.46389633417129517
pi05_full_fix,train/loss_per_dim_5,480,615.5223784446716,0.26102548837661743
pi05_full_fix,train/loss_per_dim_5,490,627.9647088050842,0.27885890007019043
pi05_full_fix,train/loss_per_dim_5,500,640.2600793838501,0.3395301103591919
pi05_full_fix,train/loss_per_dim_5,510,652.6048355102539,0.3170134425163269
pi05_full_fix,train/loss_per_dim_5,520,664.892452955246,0.8646998405456543
pi05_full_fix,train/loss_per_dim_5,530,677.1578657627106,0.2227681577205658
pi05_full_fix,train/loss_per_dim_5,540,689.5851428508759,0.13723307847976685
pi05_full_fix,train/loss_per_dim_5,550,701.812029838562,0.6368540525436401
pi05_full_fix,train/loss_per_dim_5,560,714.1000578403473,0.23958276212215424
pi05_full_fix,train/loss_per_dim_5,570,726.3414537906647,0.4989190995693207
pi05_full_fix,train/loss_per_dim_5,580,738.5026924610138,0.276298850774765
pi05_full_fix,train/loss_per_dim_5,590,750.7777345180511,0.24253509938716888
pi05_full_fix,train/loss_per_dim_5,600,763.5217406749725,0.10171984881162643
pi05_full_fix,train/loss_per_dim_5,610,775.8355436325073,0.05267457664012909
pi05_full_fix,train/loss_per_dim_5,620,788.1087117195129,0.06531738489866257
pi05_full_fix,train/loss_per_dim_5,630,800.3756084442139,0.22076316177845
pi05_full_fix,train/loss_per_dim_5,640,812.5206475257874,0.09725993871688843
pi05_full_fix,train/loss_per_dim_5,650,824.7448289394379,0.21354147791862488
pi05_full_fix,train/loss_per_dim_5,660,837.3216588497162,0.2853426933288574
pi05_full_fix,train/loss_per_dim_5,670,849.6181995868683,0.1961403340101242
pi05_full_fix,train/loss_per_dim_5,680,861.9499397277832,1.0089223384857178
pi05_full_fix,train/loss_per_dim_5,690,874.3770582675934,0.1849338561296463
pi05_full_fix,train/loss_per_dim_5,700,886.6477506160736,0.12563031911849976
pi05_full_fix,train/loss_per_dim_5,710,899.0420541763306,0.22537516057491302
pi05_full_fix,train/loss_per_dim_5,720,911.4378688335419,0.31526345014572144
pi05_full_fix,train/loss_per_dim_5,730,924.0408842563629,0.42773962020874023
pi05_full_fix,train/loss_per_dim_5,740,936.4083602428436,0.04491199553012848
pi05_full_fix,train/loss_per_dim_5,750,948.7899763584137,0.20513534545898438
pi05_full_fix,train/loss_per_dim_5,760,961.1708869934082,0.3833944797515869
pi05_full_fix,train/loss_per_dim_5,770,973.5210049152374,0.14742411673069
pi05_full_fix,train/loss_per_dim_5,780,985.8740022182465,0.04041793942451477
pi05_full_fix,train/loss_per_dim_5,790,998.593092918396,0.12498079240322113
pi05_full_fix,train/loss_per_dim_5,800,1010.7231092453003,0.11722671985626221
pi05_full_fix,train/loss_per_dim_5,810,1023.0804426670074,0.6246249675750732
pi05_full_fix,train/loss_per_dim_5,820,1035.415366411209,0.11183130741119385
pi05_full_fix,train/loss_per_dim_5,830,1047.7874534130096,0.38237741589546204
pi05_full_fix,train/loss_per_dim_5,840,1060.2493522167206,0.4084586501121521
pi05_full_fix,train/loss_per_dim_5,850,1072.6486232280731,0.09579450637102127
pi05_full_fix,train/loss_per_dim_5,860,1085.1537861824036,0.24319703876972198
pi05_full_fix,train/loss_per_dim_5,870,1097.3765416145325,0.10452277213335037
pi05_full_fix,train/loss_per_dim_5,880,1109.4605536460876,0.09048273414373398
pi05_full_fix,train/loss_per_dim_5,890,1121.6923198699951,0.2121867835521698
pi05_full_fix,train/loss_per_dim_5,900,1133.9903407096863,0.2683938145637512
pi05_full_fix,train/loss_per_dim_5,910,1146.2323598861694,0.2215900868177414
pi05_full_fix,train/loss_per_dim_5,920,1158.4776785373688,0.037711311131715775
pi05_full_fix,train/loss_per_dim_5,930,1170.920270204544,0.15720659494400024
pi05_full_fix,train/loss_per_dim_5,940,1183.1603364944458,0.06684211641550064
pi05_full_fix,train/loss_per_dim_5,950,1195.3253285884857,0.17258909344673157
pi05_full_fix,train/loss_per_dim_5,960,1207.574367761612,0.1841767281293869
pi05_full_fix,train/loss_per_dim_5,970,1219.8779428005219,0.08907728642225266
pi05_full_fix,train/loss_per_dim_5,980,1232.2658591270447,0.1037205308675766
pi05_full_fix,train/loss_per_dim_5,990,1244.9548540115356,0.2590249478816986
pi05_full_fix,train/loss_per_dim_5,1000,1257.2504770755768,0.08600030094385147
pi05_full_fix,train/loss_per_dim_6,10,33.95102310180664,1.199264407157898
pi05_full_fix,train/loss_per_dim_6,20,46.61642146110535,0.8903527855873108
pi05_full_fix,train/loss_per_dim_6,30,58.63645648956299,0.959367573261261
pi05_full_fix,train/loss_per_dim_6,40,71.3008759021759,1.2049895524978638
pi05_full_fix,train/loss_per_dim_6,50,83.62198257446289,0.23561044037342072
pi05_full_fix,train/loss_per_dim_6,60,96.01830101013184,0.35619673132896423
pi05_full_fix,train/loss_per_dim_6,70,108.25961828231812,1.5471004247665405
pi05_full_fix,train/loss_per_dim_6,80,120.67785358428955,0.2081444263458252
pi05_full_fix,train/loss_per_dim_6,90,133.0738444328308,1.221496343612671
pi05_full_fix,train/loss_per_dim_6,100,145.32569098472595,0.6904703974723816
pi05_full_fix,train/loss_per_dim_6,110,157.91164684295654,0.8077185750007629
pi05_full_fix,train/loss_per_dim_6,120,170.2031066417694,0.736771285533905
pi05_full_fix,train/loss_per_dim_6,130,182.6297469139099,0.7838611006736755
pi05_full_fix,train/loss_per_dim_6,140,194.8700773715973,0.7694866061210632
pi05_full_fix,train/loss_per_dim_6,150,207.22744226455688,0.8864628672599792
pi05_full_fix,train/loss_per_dim_6,160,219.6087625026703,0.2506401836872101
pi05_full_fix,train/loss_per_dim_6,170,232.38287901878357,0.7266503572463989
pi05_full_fix,train/loss_per_dim_6,180,244.64108657836914,0.522704005241394
pi05_full_fix,train/loss_per_dim_6,190,256.9984242916107,0.5994955897331238
pi05_full_fix,train/loss_per_dim_6,200,269.37874579429626,0.43262776732444763
pi05_full_fix,train/loss_per_dim_6,210,281.7839331626892,1.1768929958343506
pi05_full_fix,train/loss_per_dim_6,220,294.0302255153656,0.7444239854812622
pi05_full_fix,train/loss_per_dim_6,230,306.3756058216095,1.1519314050674438
pi05_full_fix,train/loss_per_dim_6,240,318.73284673690796,1.1707583665847778
pi05_full_fix,train/loss_per_dim_6,250,330.7833116054535,0.49377623200416565
pi05_full_fix,train/loss_per_dim_6,260,343.18439292907715,0.2837972044944763
pi05_full_fix,train/loss_per_dim_6,270,355.508337020874,0.16021201014518738
pi05_full_fix,train/loss_per_dim_6,280,367.92983198165894,0.2635418474674225
pi05_full_fix,train/loss_per_dim_6,290,380.4543135166168,0.21280521154403687
pi05_full_fix,train/loss_per_dim_6,300,392.7581443786621,0.5287361145019531
pi05_full_fix,train/loss_per_dim_6,310,405.1238765716553,0.4019169211387634
pi05_full_fix,train/loss_per_dim_6,320,417.3402383327484,0.8613702058792114
pi05_full_fix,train/loss_per_dim_6,330,429.72332787513733,0.6882361173629761
pi05_full_fix,train/loss_per_dim_6,340,441.9897003173828,0.1647464781999588
pi05_full_fix,train/loss_per_dim_6,350,454.24227643013,0.18642526865005493
pi05_full_fix,train/loss_per_dim_6,360,466.566987991333,0.45096704363822937
pi05_full_fix,train/loss_per_dim_6,370,478.95867681503296,1.4406015872955322
pi05_full_fix,train/loss_per_dim_6,380,491.194016456604,1.027099370956421
pi05_full_fix,train/loss_per_dim_6,390,503.46131205558777,0.393230140209198
pi05_full_fix,train/loss_per_dim_6,400,515.7333319187164,0.4417819380760193
pi05_full_fix,train/loss_per_dim_6,410,528.0766425132751,0.34322506189346313
pi05_full_fix,train/loss_per_dim_6,420,540.6190135478973,0.7298176288604736
pi05_full_fix,train/loss_per_dim_6,430,553.1144359111786,0.11787376552820206
pi05_full_fix,train/loss_per_dim_6,440,565.5736162662506,0.33356529474258423
pi05_full_fix,train/loss_per_dim_6,450,578.036985874176,0.7497676014900208
pi05_full_fix,train/loss_per_dim_6,460,590.475019454956,0.5741433501243591
pi05_full_fix,train/loss_per_dim_6,470,603.1339735984802,0.7278910279273987
pi05_full_fix,train/loss_per_dim_6,480,615.5223836898804,0.23404251039028168
pi05_full_fix,train/loss_per_dim_6,490,627.9647142887115,0.16619832813739777
pi05_full_fix,train/loss_per_dim_6,500,640.260085105896,0.28770074248313904
pi05_full_fix,train/loss_per_dim_6,510,652.6048407554626,0.43382513523101807
pi05_full_fix,train/loss_per_dim_6,520,664.8924579620361,0.5747475028038025
pi05_full_fix,train/loss_per_dim_6,530,677.1578719615936,0.4198515713214874
pi05_full_fix,train/loss_per_dim_6,540,689.5851516723633,0.8008059859275818
pi05_full_fix,train/loss_per_dim_6,550,701.8120350837708,0.805992841720581
pi05_full_fix,train/loss_per_dim_6,560,714.1000633239746,0.2522884011268616
pi05_full_fix,train/loss_per_dim_6,570,726.3414587974548,0.527365505695343
pi05_full_fix,train/loss_per_dim_6,580,738.5026977062225,0.20147202908992767
pi05_full_fix,train/loss_per_dim_6,590,750.7777392864227,0.6130009889602661
pi05_full_fix,train/loss_per_dim_6,600,763.5217461585999,0.6246249675750732
pi05_full_fix,train/loss_per_dim_6,610,775.8355486392975,0.3162905275821686
pi05_full_fix,train/loss_per_dim_6,620,788.1087169647217,0.36667534708976746
pi05_full_fix,train/loss_per_dim_6,630,800.3756136894226,0.3123960793018341
pi05_full_fix,train/loss_per_dim_6,640,812.5206527709961,0.8862695097923279
pi05_full_fix,train/loss_per_dim_6,650,824.7448341846466,0.6532500982284546
pi05_full_fix,train/loss_per_dim_6,660,837.3216676712036,0.12250090390443802
pi05_full_fix,train/loss_per_dim_6,670,849.6182050704956,0.1316232532262802
pi05_full_fix,train/loss_per_dim_6,680,861.9499444961548,0.22206948697566986
pi05_full_fix,train/loss_per_dim_6,690,874.3770637512207,0.4324876368045807
pi05_full_fix,train/loss_per_dim_6,700,886.6477558612823,0.19246013462543488
pi05_full_fix,train/loss_per_dim_6,710,899.0420596599579,0.3655761182308197
pi05_full_fix,train/loss_per_dim_6,720,911.437873840332,0.7171018719673157
pi05_full_fix,train/loss_per_dim_6,730,924.0408897399902,0.6856038570404053
pi05_full_fix,train/loss_per_dim_6,740,936.4083654880524,0.5830464959144592
pi05_full_fix,train/loss_per_dim_6,750,948.7899813652039,0.7605531215667725
pi05_full_fix,train/loss_per_dim_6,760,961.1708920001984,0.21813325583934784
pi05_full_fix,train/loss_per_dim_6,770,973.5210103988647,0.3762671947479248
pi05_full_fix,train/loss_per_dim_6,780,985.8740074634552,0.42531636357307434
pi05_full_fix,train/loss_per_dim_6,790,998.5930976867676,0.17775693535804749
pi05_full_fix,train/loss_per_dim_6,800,1010.7231168746948,0.10842398554086685
pi05_full_fix,train/loss_per_dim_6,810,1023.080447435379,0.046720415353775024
pi05_full_fix,train/loss_per_dim_6,820,1035.4153716564178,0.07664381712675095
pi05_full_fix,train/loss_per_dim_6,830,1047.7874586582184,0.17647232115268707
pi05_full_fix,train/loss_per_dim_6,840,1060.2493572235107,0.07317481189966202
pi05_full_fix,train/loss_per_dim_6,850,1072.6486284732819,0.08292729407548904
pi05_full_fix,train/loss_per_dim_6,860,1085.1537911891937,0.5708755850791931
pi05_full_fix,train/loss_per_dim_6,870,1097.3765470981598,0.437846839427948
pi05_full_fix,train/loss_per_dim_6,880,1109.4605588912964,0.28145378828048706
pi05_full_fix,train/loss_per_dim_6,890,1121.6923251152039,0.35848742723464966
pi05_full_fix,train/loss_per_dim_6,900,1133.9903454780579,0.10519382357597351
pi05_full_fix,train/loss_per_dim_6,910,1146.2323651313782,0.2513860762119293
pi05_full_fix,train/loss_per_dim_6,920,1158.4776837825775,0.2251814901828766
pi05_full_fix,train/loss_per_dim_6,930,1170.9202756881714,0.07168536633253098
pi05_full_fix,train/loss_per_dim_6,940,1183.160350561142,0.08075376600027084
pi05_full_fix,train/loss_per_dim_6,950,1195.3253374099731,0.12377624958753586
pi05_full_fix,train/loss_per_dim_6,960,1207.5743725299835,0.3483021855354309
pi05_full_fix,train/loss_per_dim_6,970,1219.8779480457306,0.14104147255420685
pi05_full_fix,train/loss_per_dim_6,980,1232.2658641338348,0.21380196511745453
pi05_full_fix,train/loss_per_dim_6,990,1244.9548625946045,0.09715563803911209
pi05_full_fix,train/loss_per_dim_6,1000,1257.2504827976227,0.07722893357276917
pi05_full_fix,train/lr_group0,10,33.95102834701538,9.999999747378752e-06
pi05_full_fix,train/lr_group0,20,46.61642646789551,9.999999747378752e-06
pi05_full_fix,train/lr_group0,30,58.63646173477173,9.999999747378752e-06
pi05_full_fix,train/lr_group0,40,71.3008816242218,9.999999747378752e-06
pi05_full_fix,train/lr_group0,50,83.62198853492737,9.999999747378752e-06
pi05_full_fix,train/lr_group0,60,96.01830673217773,9.999999747378752e-06
pi05_full_fix,train/lr_group0,70,108.25962400436401,9.999999747378752e-06
pi05_full_fix,train/lr_group0,80,120.67785954475403,9.999999747378752e-06
pi05_full_fix,train/lr_group0,90,133.0738501548767,9.999999747378752e-06
pi05_full_fix,train/lr_group0,100,145.3256959915161,9.999999747378752e-06
pi05_full_fix,train/lr_group0,110,157.91165232658386,9.999999747378752e-06
pi05_full_fix,train/lr_group0,120,170.20311212539673,9.999999747378752e-06
pi05_full_fix,train/lr_group0,130,182.6297550201416,9.999999747378752e-06
pi05_full_fix,train/lr_group0,140,194.87008261680603,9.999999747378752e-06
pi05_full_fix,train/lr_group0,150,207.22744750976562,9.999999747378752e-06
pi05_full_fix,train/lr_group0,160,219.6087679862976,9.999999747378752e-06
pi05_full_fix,train/lr_group0,170,232.38288474082947,9.999999747378752e-06
pi05_full_fix,train/lr_group0,180,244.6410915851593,9.999999747378752e-06
pi05_full_fix,train/lr_group0,190,256.99842977523804,9.999999747378752e-06
pi05_full_fix,train/lr_group0,200,269.3787512779236,9.999999747378752e-06
pi05_full_fix,train/lr_group0,210,281.7839388847351,9.999999747378752e-06
pi05_full_fix,train/lr_group0,220,294.03023076057434,9.999999747378752e-06
pi05_full_fix,train/lr_group0,230,306.3756113052368,9.999999747378752e-06
pi05_full_fix,train/lr_group0,240,318.73285245895386,9.999999747378752e-06
pi05_full_fix,train/lr_group0,250,330.7833173274994,9.999999747378752e-06
pi05_full_fix,train/lr_group0,260,343.18439865112305,9.999999747378752e-06
pi05_full_fix,train/lr_group0,270,355.5083420276642,9.999999747378752e-06
pi05_full_fix,train/lr_group0,280,367.9298372268677,9.999999747378752e-06
pi05_full_fix,train/lr_group0,290,380.4543192386627,9.999999747378752e-06
pi05_full_fix,train/lr_group0,300,392.7581536769867,9.999999747378752e-06
pi05_full_fix,train/lr_group0,310,405.12388277053833,9.999999747378752e-06
pi05_full_fix,train/lr_group0,320,417.34024381637573,9.999999747378752e-06
pi05_full_fix,train/lr_group0,330,429.72333312034607,9.999999747378752e-06
pi05_full_fix,train/lr_group0,340,441.98970580101013,9.999999747378752e-06
pi05_full_fix,train/lr_group0,350,454.2422821521759,9.999999747378752e-06
pi05_full_fix,train/lr_group0,360,466.5669934749603,9.999999747378752e-06
pi05_full_fix,train/lr_group0,370,478.9586818218231,9.999999747378752e-06
pi05_full_fix,train/lr_group0,380,491.1940221786499,9.999999747378752e-06
pi05_full_fix,train/lr_group0,390,503.46131706237793,9.999999747378752e-06
pi05_full_fix,train/lr_group0,400,515.7333376407623,9.999999747378752e-06
pi05_full_fix,train/lr_group0,410,528.0766518115997,9.999999747378752e-06
pi05_full_fix,train/lr_group0,420,540.6190195083618,9.999999747378752e-06
pi05_full_fix,train/lr_group0,430,553.1144413948059,9.999999747378752e-06
pi05_full_fix,train/lr_group0,440,565.5736243724823,9.999999747378752e-06
pi05_full_fix,train/lr_group0,450,578.0369913578033,9.999999747378752e-06
pi05_full_fix,train/lr_group0,460,590.4750254154205,9.999999747378752e-06
pi05_full_fix,train/lr_group0,470,603.1339821815491,9.999999747378752e-06
pi05_full_fix,train/lr_group0,480,615.5223891735077,9.999999747378752e-06
pi05_full_fix,train/lr_group0,490,627.9647195339203,9.999999747378752e-06
pi05_full_fix,train/lr_group0,500,640.2600903511047,9.999999747378752e-06
pi05_full_fix,train/lr_group0,510,652.6048460006714,9.999999747378752e-06
pi05_full_fix,train/lr_group0,520,664.892463684082,9.999999747378752e-06
pi05_full_fix,train/lr_group0,530,677.1578781604767,9.999999747378752e-06
pi05_full_fix,train/lr_group0,540,689.5851604938507,9.999999747378752e-06
pi05_full_fix,train/lr_group0,550,701.8120408058167,9.999999747378752e-06
pi05_full_fix,train/lr_group0,560,714.1000690460205,9.999999747378752e-06
pi05_full_fix,train/lr_group0,570,726.341463804245,9.999999747378752e-06
pi05_full_fix,train/lr_group0,580,738.5027031898499,9.999999747378752e-06
pi05_full_fix,train/lr_group0,590,750.77774477005,9.999999747378752e-06
pi05_full_fix,train/lr_group0,600,763.5217518806458,9.999999747378752e-06
pi05_full_fix,train/lr_group0,610,775.8355541229248,9.999999747378752e-06
pi05_full_fix,train/lr_group0,620,788.1087226867676,9.999999747378752e-06
pi05_full_fix,train/lr_group0,630,800.3756189346313,9.999999747378752e-06
pi05_full_fix,train/lr_group0,640,812.5206582546234,9.999999747378752e-06
pi05_full_fix,train/lr_group0,650,824.7448394298553,9.999999747378752e-06
pi05_full_fix,train/lr_group0,660,837.3216767311096,9.999999747378752e-06
pi05_full_fix,train/lr_group0,670,849.6182103157043,9.999999747378752e-06
pi05_full_fix,train/lr_group0,680,861.9499499797821,9.999999747378752e-06
pi05_full_fix,train/lr_group0,690,874.3770689964294,9.999999747378752e-06
pi05_full_fix,train/lr_group0,700,886.6477608680725,9.999999747378752e-06
pi05_full_fix,train/lr_group0,710,899.0420649051666,9.999999747378752e-06
pi05_full_fix,train/lr_group0,720,911.4378793239594,9.999999747378752e-06
pi05_full_fix,train/lr_group0,730,924.040894985199,9.999999747378752e-06
pi05_full_fix,train/lr_group0,740,936.4083712100983,9.999999747378752e-06
pi05_full_fix,train/lr_group0,750,948.7899875640869,9.999999747378752e-06
pi05_full_fix,train/lr_group0,760,961.1708977222443,9.999999747378752e-06
pi05_full_fix,train/lr_group0,770,973.5210158824921,9.999999747378752e-06
pi05_full_fix,train/lr_group0,780,985.8740129470825,9.999999747378752e-06
pi05_full_fix,train/lr_group0,790,998.5931029319763,9.999999747378752e-06
pi05_full_fix,train/lr_group0,800,1010.7231254577637,9.999999747378752e-06
pi05_full_fix,train/lr_group0,810,1023.0804536342621,9.999999747378752e-06
pi05_full_fix,train/lr_group0,820,1035.4153771400452,9.999999747378752e-06
pi05_full_fix,train/lr_group0,830,1047.7874639034271,9.999999747378752e-06
pi05_full_fix,train/lr_group0,840,1060.2493631839752,9.999999747378752e-06
pi05_full_fix,train/lr_group0,850,1072.6486344337463,9.999999747378752e-06
pi05_full_fix,train/lr_group0,860,1085.153796672821,9.999999747378752e-06
pi05_full_fix,train/lr_group0,870,1097.3765528202057,9.999999747378752e-06
pi05_full_fix,train/lr_group0,880,1109.4605641365051,9.999999747378752e-06
pi05_full_fix,train/lr_group0,890,1121.6923308372498,9.999999747378752e-06
pi05_full_fix,train/lr_group0,900,1133.9903509616852,9.999999747378752e-06
pi05_full_fix,train/lr_group0,910,1146.2323706150055,9.999999747378752e-06
pi05_full_fix,train/lr_group0,920,1158.477689743042,9.999999747378752e-06
pi05_full_fix,train/lr_group0,930,1170.9202814102173,9.999999747378752e-06
pi05_full_fix,train/lr_group0,940,1183.1603598594666,9.999999747378752e-06
pi05_full_fix,train/lr_group0,950,1195.3253462314606,9.999999747378752e-06
pi05_full_fix,train/lr_group0,960,1207.5743782520294,9.999999747378752e-06
pi05_full_fix,train/lr_group0,970,1219.8779530525208,9.999999747378752e-06
pi05_full_fix,train/lr_group0,980,1232.2658698558807,9.999999747378752e-06
pi05_full_fix,train/lr_group0,990,1244.9548721313477,9.999999747378752e-06
pi05_full_fix,train/lr_group0,1000,1257.25048828125,9.999999747378752e-06
pi05_full_fix,perf/data_wait_s,10,33.95104241371155,0.0005674799904227257
pi05_full_fix,perf/data_wait_s,20,46.61643981933594,0.03106079250574112
pi05_full_fix,perf/data_wait_s,30,58.636473178863525,0.00048623583279550076
pi05_full_fix,perf/data_wait_s,40,71.30089497566223,0.000410574022680521
pi05_full_fix,perf/data_wait_s,50,83.62200140953064,0.0006619149353355169
pi05_full_fix,perf/data_wait_s,60,96.01831936836243,0.0018711681477725506
pi05_full_fix,perf/data_wait_s,70,108.25963616371155,0.0005634508561342955
pi05_full_fix,perf/data_wait_s,80,120.67787003517151,0.0002924911677837372
pi05_full_fix,perf/data_wait_s,90,133.07386088371277,0.0005623840261250734
pi05_full_fix,perf/data_wait_s,100,145.32570791244507,0.0003306930884718895
pi05_full_fix,perf/data_wait_s,110,157.91166496276855,0.0017195460386574268
pi05_full_fix,perf/data_wait_s,120,170.20312333106995,0.0004071979783475399
pi05_full_fix,perf/data_wait_s,130,182.62977051734924,0.0006543269846588373
pi05_full_fix,perf/data_wait_s,140,194.8700942993164,0.0003410808276385069
pi05_full_fix,perf/data_wait_s,150,207.22745943069458,0.0004037290345877409
pi05_full_fix,perf/data_wait_s,160,219.60878086090088,0.0021040989086031914
pi05_full_fix,perf/data_wait_s,170,232.3828980922699,0.0005968068726360798
pi05_full_fix,perf/data_wait_s,180,244.64110398292542,0.00041764695197343826
pi05_full_fix,perf/data_wait_s,190,256.99844217300415,0.0005962038412690163
pi05_full_fix,perf/data_wait_s,200,269.37876296043396,0.0007982249371707439
pi05_full_fix,perf/data_wait_s,210,281.7839529514313,0.002307605929672718
pi05_full_fix,perf/data_wait_s,220,294.03024339675903,0.00033871293999254704
pi05_full_fix,perf/data_wait_s,230,306.3756239414215,0.0005699510220438242
pi05_full_fix,perf/data_wait_s,240,318.7328655719757,0.0006368649192154408
pi05_full_fix,perf/data_wait_s,250,330.78333139419556,0.0004024878144264221
pi05_full_fix,perf/data_wait_s,260,343.1844108104706,0.0011080449912697077
pi05_full_fix,perf/data_wait_s,270,355.5083553791046,0.0006081270985305309
pi05_full_fix,perf/data_wait_s,280,367.9298493862152,0.0019734438974410295
pi05_full_fix,perf/data_wait_s,290,380.4543306827545,0.0003172140568494797
pi05_full_fix,perf/data_wait_s,300,392.75817227363586,0.0003976279404014349
pi05_full_fix,perf/data_wait_s,310,405.1239106655121,0.00015640701167285442
pi05_full_fix,perf/data_wait_s,320,417.34025502204895,0.0016758008860051632
pi05_full_fix,perf/data_wait_s,330,429.72334575653076,0.0019553930032998323
pi05_full_fix,perf/data_wait_s,340,441.98971915245056,0.0003929890226572752
pi05_full_fix,perf/data_wait_s,350,454.24229431152344,0.00039158109575510025
pi05_full_fix,perf/data_wait_s,360,466.5670063495636,0.0001843031495809555
pi05_full_fix,perf/data_wait_s,370,478.95869517326355,0.00017831497825682163
pi05_full_fix,perf/data_wait_s,380,491.1940338611603,0.0017702418845146894
pi05_full_fix,perf/data_wait_s,390,503.4613285064697,0.0004697449039667845
pi05_full_fix,perf/data_wait_s,400,515.733350276947,0.0006793371867388487
pi05_full_fix,perf/data_wait_s,410,528.0766687393188,0.0006766428705304861
pi05_full_fix,perf/data_wait_s,420,540.6190323829651,0.0006804307922720909
pi05_full_fix,perf/data_wait_s,430,553.1144540309906,0.0022869152016937733
pi05_full_fix,perf/data_wait_s,440,565.5736408233643,0.0004633651115000248
pi05_full_fix,perf/data_wait_s,450,578.0370032787323,0.0003783621359616518
pi05_full_fix,perf/data_wait_s,460,590.4750390052795,0.00034091901034116745
pi05_full_fix,perf/data_wait_s,470,603.1339988708496,0.0003988239914178848
pi05_full_fix,perf/data_wait_s,480,615.5224003791809,0.0022416801657527685
pi05_full_fix,perf/data_wait_s,490,627.9647324085236,0.0010977110359817743
pi05_full_fix,perf/data_wait_s,500,640.2601027488708,0.0003444971516728401
pi05_full_fix,perf/data_wait_s,510,652.6048574447632,0.0004812600091099739
pi05_full_fix,perf/data_wait_s,520,664.8924751281738,0.0005746500100940466
pi05_full_fix,perf/data_wait_s,530,677.1578900814056,0.0016704290173947811
pi05_full_fix,perf/data_wait_s,540,689.5851790904999,0.0016172740142792463
pi05_full_fix,perf/data_wait_s,550,701.8120527267456,0.000579529907554388
pi05_full_fix,perf/data_wait_s,560,714.1000807285309,0.00018983008340001106
pi05_full_fix,perf/data_wait_s,570,726.341474533081,0.0016757519915699959
pi05_full_fix,perf/data_wait_s,580,738.5027158260345,0.00033925101161003113
pi05_full_fix,perf/data_wait_s,590,750.7777562141418,0.0014497239608317614
pi05_full_fix,perf/data_wait_s,600,763.5217638015747,0.002395092975348234
pi05_full_fix,perf/data_wait_s,610,775.8355689048767,0.00015670014545321465
pi05_full_fix,perf/data_wait_s,620,788.1087346076965,0.00038114190101623535
pi05_full_fix,perf/data_wait_s,630,800.3756313323975,0.0004023900255560875
pi05_full_fix,perf/data_wait_s,640,812.5206713676453,0.00040625804103910923
pi05_full_fix,perf/data_wait_s,650,824.7448511123657,0.00036282208748161793
pi05_full_fix,perf/data_wait_s,660,837.3216941356659,0.0016783177852630615
pi05_full_fix,perf/data_wait_s,670,849.6182219982147,0.0003274299670010805
pi05_full_fix,perf/data_wait_s,680,861.9499623775482,0.0003711879253387451
pi05_full_fix,perf/data_wait_s,690,874.3770818710327,0.0003551929257810116
pi05_full_fix,perf/data_wait_s,700,886.64777302742,0.00036117807030677795
pi05_full_fix,perf/data_wait_s,710,899.0420777797699,0.0017881509847939014
pi05_full_fix,perf/data_wait_s,720,911.4378917217255,0.000641699880361557
pi05_full_fix,perf/data_wait_s,730,924.0409071445465,0.0015683409292250872
pi05_full_fix,perf/data_wait_s,740,936.408383846283,0.0006261898670345545
pi05_full_fix,perf/data_wait_s,750,948.7900006771088,0.0022966209799051285
pi05_full_fix,perf/data_wait_s,760,961.1709096431732,0.0014571910724043846
pi05_full_fix,perf/data_wait_s,770,973.5210289955139,0.0003864199388772249
pi05_full_fix,perf/data_wait_s,780,985.8740277290344,0.0010203549172729254
pi05_full_fix,perf/data_wait_s,790,998.5931162834167,0.00014189607463777065
pi05_full_fix,perf/data_wait_s,800,1010.7231433391571,0.0005745040252804756
pi05_full_fix,perf/data_wait_s,810,1023.0804662704468,0.0017936769872903824
pi05_full_fix,perf/data_wait_s,820,1035.4153904914856,0.0001577930524945259
pi05_full_fix,perf/data_wait_s,830,1047.787477016449,0.00034430413506925106
pi05_full_fix,perf/data_wait_s,840,1060.2493760585785,0.0003821621648967266
pi05_full_fix,perf/data_wait_s,850,1072.6486463546753,0.00031976704485714436
pi05_full_fix,perf/data_wait_s,860,1085.15380859375,0.0017505709547549486
pi05_full_fix,perf/data_wait_s,870,1097.376564025879,0.000280607957392931
pi05_full_fix,perf/data_wait_s,880,1109.460576057434,0.0003275021445006132
pi05_full_fix,perf/data_wait_s,890,1121.6923429965973,0.0006298101507127285
pi05_full_fix,perf/data_wait_s,900,1133.990362405777,0.0006230699364095926
pi05_full_fix,perf/data_wait_s,910,1146.2323820590973,0.0015414620283991098
pi05_full_fix,perf/data_wait_s,920,1158.4777011871338,0.0016985491383820772
pi05_full_fix,perf/data_wait_s,930,1170.920292854309,0.0016244568396359682
pi05_full_fix,perf/data_wait_s,940,1183.16037774086,0.0004052319563925266
pi05_full_fix,perf/data_wait_s,950,1195.3253645896912,0.0005436551291495562
pi05_full_fix,perf/data_wait_s,960,1207.574388742447,0.0004046168178319931
pi05_full_fix,perf/data_wait_s,970,1219.8779654502869,0.0005867949221283197
pi05_full_fix,perf/data_wait_s,980,1232.2658808231354,0.000469231978058815
pi05_full_fix,perf/data_wait_s,990,1244.9548888206482,0.0030366871505975723
pi05_full_fix,perf/data_wait_s,1000,1257.2505004405975,0.00014969310723245144
pi05_full_fix,perf/preprocess_s,10,33.951048612594604,0.007685543037950993
pi05_full_fix,perf/preprocess_s,20,46.616445541381836,0.048753771930933
pi05_full_fix,perf/preprocess_s,30,58.636478662490845,0.004736179951578379
pi05_full_fix,perf/preprocess_s,40,71.30090069770813,0.007943190634250641
pi05_full_fix,perf/preprocess_s,50,83.62200713157654,0.005373706109821796
pi05_full_fix,perf/preprocess_s,60,96.01832509040833,0.007155327126383781
pi05_full_fix,perf/preprocess_s,70,108.25964212417603,0.004582855850458145
pi05_full_fix,perf/preprocess_s,80,120.67787528038025,0.006761819124221802
pi05_full_fix,perf/preprocess_s,90,133.07386660575867,0.006864134222269058
pi05_full_fix,perf/preprocess_s,100,145.32571363449097,0.006872581318020821
pi05_full_fix,perf/preprocess_s,110,157.91167092323303,0.008005425333976746
pi05_full_fix,perf/preprocess_s,120,170.2031285762787,0.008520874194800854
pi05_full_fix,perf/preprocess_s,130,182.62977862358093,0.007620568852871656
pi05_full_fix,perf/preprocess_s,140,194.87009978294373,0.008060741238296032
pi05_full_fix,perf/preprocess_s,150,207.22746467590332,0.008734988048672676
pi05_full_fix,perf/preprocess_s,160,219.60878682136536,0.007231616880744696
pi05_full_fix,perf/preprocess_s,170,232.38290452957153,0.009436682797968388
pi05_full_fix,perf/preprocess_s,180,244.64110898971558,0.00975054781883955
pi05_full_fix,perf/preprocess_s,190,256.9984483718872,0.007081826217472553
pi05_full_fix,perf/preprocess_s,200,269.3787684440613,0.008829668164253235
pi05_full_fix,perf/preprocess_s,210,281.78395915031433,0.0069512659683823586
pi05_full_fix,perf/preprocess_s,220,294.03024983406067,0.0075249141082167625
pi05_full_fix,perf/preprocess_s,230,306.37563014030457,0.0072951847687363625
pi05_full_fix,perf/preprocess_s,240,318.73287057876587,0.005131032317876816
pi05_full_fix,perf/preprocess_s,250,330.7833375930786,0.008006474003195763
pi05_full_fix,perf/preprocess_s,260,343.18441677093506,0.009443527087569237
pi05_full_fix,perf/preprocess_s,270,355.5083611011505,0.00830760132521391
pi05_full_fix,perf/preprocess_s,280,367.9298551082611,0.00688270665705204
pi05_full_fix,perf/preprocess_s,290,380.45433592796326,0.006406374275684357
pi05_full_fix,perf/preprocess_s,300,392.75818157196045,0.008712317794561386
pi05_full_fix,perf/preprocess_s,310,405.12391662597656,0.007943170145154
pi05_full_fix,perf/preprocess_s,320,417.3402602672577,0.005838759243488312
pi05_full_fix,perf/preprocess_s,330,429.7233510017395,0.006526256911456585
pi05_full_fix,perf/preprocess_s,340,441.9897246360779,0.00839805044233799
pi05_full_fix,perf/preprocess_s,350,454.2422993183136,0.008216039277613163
pi05_full_fix,perf/preprocess_s,360,466.5670123100281,0.009217767976224422
pi05_full_fix,perf/preprocess_s,370,478.95870065689087,0.008931966498494148
pi05_full_fix,perf/preprocess_s,380,491.19403982162476,0.0046273269690573215
pi05_full_fix,perf/preprocess_s,390,503.46133399009705,0.006167301908135414
pi05_full_fix,perf/preprocess_s,400,515.7333557605743,0.005918865092098713
pi05_full_fix,perf/preprocess_s,410,528.0766785144806,0.00726858526468277
pi05_full_fix,perf/preprocess_s,420,540.6190390586853,0.022584713995456696
pi05_full_fix,perf/preprocess_s,430,553.1144595146179,0.00509888119995594
pi05_full_fix,perf/preprocess_s,440,565.5736496448517,0.010035878978669643
pi05_full_fix,perf/preprocess_s,450,578.0370090007782,0.006699671968817711
pi05_full_fix,perf/preprocess_s,460,590.4750454425812,0.008142959326505661
pi05_full_fix,perf/preprocess_s,470,603.134007692337,0.007515041157603264
pi05_full_fix,perf/preprocess_s,480,615.5224061012268,0.006470981054008007
pi05_full_fix,perf/preprocess_s,490,627.9647378921509,0.008627830073237419
pi05_full_fix,perf/preprocess_s,500,640.2601079940796,0.006970618851482868
pi05_full_fix,perf/preprocess_s,510,652.6048626899719,0.007507437840104103
pi05_full_fix,perf/preprocess_s,520,664.8924813270569,0.007621887139976025
pi05_full_fix,perf/preprocess_s,530,677.1578962802887,0.006898544728755951
pi05_full_fix,perf/preprocess_s,540,689.5851881504059,0.005150771699845791
pi05_full_fix,perf/preprocess_s,550,701.8120589256287,0.006128102075308561
pi05_full_fix,perf/preprocess_s,560,714.1000859737396,0.007495623081922531
pi05_full_fix,perf/preprocess_s,570,726.3414797782898,0.009704908356070518
pi05_full_fix,perf/preprocess_s,580,738.5027222633362,0.006688870955258608
pi05_full_fix,perf/preprocess_s,590,750.777761220932,0.005593742243945599
pi05_full_fix,perf/preprocess_s,600,763.5217697620392,0.009785773232579231
pi05_full_fix,perf/preprocess_s,610,775.8355751037598,0.00627786573022604
pi05_full_fix,perf/preprocess_s,620,788.108740568161,0.006142807193100452
pi05_full_fix,perf/preprocess_s,630,800.3756368160248,0.009068694896996021
pi05_full_fix,perf/preprocess_s,640,812.5206768512726,0.007110459730029106
pi05_full_fix,perf/preprocess_s,650,824.7448570728302,0.009495057165622711
pi05_full_fix,perf/preprocess_s,660,837.3217043876648,0.008952791802585125
pi05_full_fix,perf/preprocess_s,670,849.6182277202606,0.00802281778305769
pi05_full_fix,perf/preprocess_s,680,861.9499683380127,0.005641235038638115
pi05_full_fix,perf/preprocess_s,690,874.3770878314972,0.01481445413082838
pi05_full_fix,perf/preprocess_s,700,886.6477785110474,0.0069520119577646255
pi05_full_fix,perf/preprocess_s,710,899.042083978653,0.00799475982785225
pi05_full_fix,perf/preprocess_s,720,911.4378974437714,0.007801594212651253
pi05_full_fix,perf/preprocess_s,730,924.0409128665924,0.006534717045724392
pi05_full_fix,perf/preprocess_s,740,936.4083898067474,0.013087094761431217
pi05_full_fix,perf/preprocess_s,750,948.7900063991547,0.005497156176716089
pi05_full_fix,perf/preprocess_s,760,961.170914888382,0.006050601601600647
pi05_full_fix,perf/preprocess_s,770,973.5210349559784,0.006956568919122219
pi05_full_fix,perf/preprocess_s,780,985.8740341663361,0.006819528993219137
pi05_full_fix,perf/preprocess_s,790,998.5931222438812,0.00782482884824276
pi05_full_fix,perf/preprocess_s,800,1010.7231509685516,0.008671872317790985
pi05_full_fix,perf/preprocess_s,810,1023.0804715156555,0.005549401976168156
pi05_full_fix,perf/preprocess_s,820,1035.4153962135315,0.008937856182456017
pi05_full_fix,perf/preprocess_s,830,1047.7874827384949,0.007939389906823635
pi05_full_fix,perf/preprocess_s,840,1060.2493813037872,0.007070502266287804
pi05_full_fix,perf/preprocess_s,850,1072.6486523151398,0.008282461203634739
pi05_full_fix,perf/preprocess_s,860,1085.1538190841675,0.007709464989602566
pi05_full_fix,perf/preprocess_s,870,1097.3765695095062,0.00935879535973072
pi05_full_fix,perf/preprocess_s,880,1109.4605813026428,0.011069457978010178
pi05_full_fix,perf/preprocess_s,890,1121.6923489570618,0.007390327751636505
pi05_full_fix,perf/preprocess_s,900,1133.9903676509857,0.00617634691298008
pi05_full_fix,perf/preprocess_s,910,1146.2323880195618,0.007201165892183781
pi05_full_fix,perf/preprocess_s,920,1158.4777064323425,0.008652923628687859
pi05_full_fix,perf/preprocess_s,930,1170.9202983379364,0.007799407932907343
pi05_full_fix,perf/preprocess_s,940,1183.160386800766,0.008220460265874863
pi05_full_fix,perf/preprocess_s,950,1195.3253734111786,0.008120656944811344
pi05_full_fix,perf/preprocess_s,960,1207.5743944644928,0.008329668082296848
pi05_full_fix,perf/preprocess_s,970,1219.8779706954956,0.008356176316738129
pi05_full_fix,perf/preprocess_s,980,1232.2658865451813,0.006096215918660164
pi05_full_fix,perf/preprocess_s,990,1244.95489859581,0.006120140664279461
pi05_full_fix,perf/preprocess_s,1000,1257.2505056858063,0.008463489823043346
pi05_full_fix,perf/compute_s,10,33.95120573043823,1.1290031671524048
pi05_full_fix,perf/compute_s,20,46.61659860610962,1.2811678647994995
pi05_full_fix,perf/compute_s,30,58.63659310340881,1.1212722063064575
pi05_full_fix,perf/compute_s,40,71.30106544494629,1.1202175617218018
pi05_full_fix,perf/compute_s,50,83.6221911907196,1.1303014755249023
pi05_full_fix,perf/compute_s,60,96.01847100257874,1.1197764873504639
pi05_full_fix,perf/compute_s,70,108.25975775718689,1.1209827661514282
pi05_full_fix,perf/compute_s,80,120.67798566818237,1.1994227170944214
pi05_full_fix,perf/compute_s,90,133.07397484779358,1.120743751525879
pi05_full_fix,perf/compute_s,100,145.32578229904175,1.119829773902893
pi05_full_fix,perf/compute_s,110,157.91179418563843,1.118809700012207
pi05_full_fix,perf/compute_s,120,170.2036111354828,1.1243457794189453
pi05_full_fix,perf/compute_s,130,182.62988138198853,1.1292155981063843
pi05_full_fix,perf/compute_s,140,194.8702163696289,1.1220299005508423
pi05_full_fix,perf/compute_s,150,207.2275960445404,1.1213738918304443
pi05_full_fix,perf/compute_s,160,219.60890817642212,1.1207518577575684
pi05_full_fix,perf/compute_s,170,232.38303065299988,1.5682744979858398
pi05_full_fix,perf/compute_s,180,244.64125156402588,1.1189264059066772
pi05_full_fix,perf/compute_s,190,256.9985978603363,1.1202404499053955
pi05_full_fix,perf/compute_s,200,269.378892660141,1.1200155019760132
pi05_full_fix,perf/compute_s,210,281.7840805053711,1.1218522787094116
pi05_full_fix,perf/compute_s,220,294.0303723812103,1.119749903678894
pi05_full_fix,perf/compute_s,230,306.37575364112854,1.1206581592559814
pi05_full_fix,perf/compute_s,240,318.7329866886139,1.120312213897705
pi05_full_fix,perf/compute_s,250,330.7834618091583,1.1210198402404785
pi05_full_fix,perf/compute_s,260,343.184547662735,1.1221563816070557
pi05_full_fix,perf/compute_s,270,355.50850224494934,1.1253738403320312
pi05_full_fix,perf/compute_s,280,367.92998480796814,1.1230077743530273
pi05_full_fix,perf/compute_s,290,380.45448422431946,1.4039274454116821
pi05_full_fix,perf/compute_s,300,392.7583382129669,1.1216613054275513
pi05_full_fix,perf/compute_s,310,405.12405705451965,1.1265925168991089
pi05_full_fix,perf/compute_s,320,417.3404071331024,1.1202412843704224
pi05_full_fix,perf/compute_s,330,429.72351479530334,1.1221483945846558
pi05_full_fix,perf/compute_s,340,441.98984956741333,1.1189708709716797
pi05_full_fix,perf/compute_s,350,454.24242520332336,1.1210379600524902
pi05_full_fix,perf/compute_s,360,466.56713581085205,1.1234891414642334
pi05_full_fix,perf/compute_s,370,478.95882987976074,1.1217234134674072
pi05_full_fix,perf/compute_s,380,491.19419836997986,1.120065450668335
pi05_full_fix,perf/compute_s,390,503.4614975452423,1.1302731037139893
pi05_full_fix,perf/compute_s,400,515.7334699630737,1.1217517852783203
pi05_full_fix,perf/compute_s,410,528.0768294334412,1.12351393699646
pi05_full_fix,perf/compute_s,420,540.619193315506,1.1250766515731812
pi05_full_fix,perf/compute_s,430,553.1146380901337,1.123148798942566
pi05_full_fix,perf/compute_s,440,565.5737705230713,1.1298353672027588
pi05_full_fix,perf/compute_s,450,578.0371470451355,1.1216154098510742
pi05_full_fix,perf/compute_s,460,590.4752094745636,1.1239888668060303
pi05_full_fix,perf/compute_s,470,603.1341536045074,1.477720856666565
pi05_full_fix,perf/compute_s,480,615.5225381851196,1.1232668161392212
pi05_full_fix,perf/compute_s,490,627.9648764133453,1.125357747077942
pi05_full_fix,perf/compute_s,500,640.2602591514587,1.1207870244979858
pi05_full_fix,perf/compute_s,510,652.60498046875,1.123274564743042
pi05_full_fix,perf/compute_s,520,664.8926730155945,1.1216769218444824
pi05_full_fix,perf/compute_s,530,677.1580154895782,1.1210060119628906
pi05_full_fix,perf/compute_s,540,689.5853145122528,1.3684797286987305
pi05_full_fix,perf/compute_s,550,701.8121683597565,1.1203787326812744
pi05_full_fix,perf/compute_s,560,714.1002063751221,1.1219062805175781
pi05_full_fix,perf/compute_s,570,726.3416080474854,1.1251296997070312
pi05_full_fix,perf/compute_s,580,738.502866268158,1.1200487613677979
pi05_full_fix,perf/compute_s,590,750.7778916358948,1.1213278770446777
pi05_full_fix,perf/compute_s,600,763.5219023227692,1.4937721490859985
pi05_full_fix,perf/compute_s,610,775.8356776237488,1.12263023853302
pi05_full_fix,perf/compute_s,620,788.1088535785675,1.1214900016784668
pi05_full_fix,perf/compute_s,630,800.375795841217,1.125540852546692
pi05_full_fix,perf/compute_s,640,812.5208249092102,1.1200387477874756
pi05_full_fix,perf/compute_s,650,824.7450070381165,1.1242412328720093
pi05_full_fix,perf/compute_s,660,837.3218445777893,1.4008424282073975
pi05_full_fix,perf/compute_s,670,849.618382692337,1.121203064918518
pi05_full_fix,perf/compute_s,680,861.9500966072083,1.1242752075195312
pi05_full_fix,perf/compute_s,690,874.3772201538086,1.1244182586669922
pi05_full_fix,perf/compute_s,700,886.6479105949402,1.1201210021972656
pi05_full_fix,perf/compute_s,710,899.0422151088715,1.1246857643127441
pi05_full_fix,perf/compute_s,720,911.4381430149078,1.1257041692733765
pi05_full_fix,perf/compute_s,730,924.0410223007202,1.119960069656372
pi05_full_fix,perf/compute_s,740,936.4085478782654,1.1255072355270386
pi05_full_fix,perf/compute_s,750,948.7901816368103,1.1219416856765747
pi05_full_fix,perf/compute_s,760,961.1710410118103,1.120667576789856
pi05_full_fix,perf/compute_s,770,973.521152973175,1.1249223947525024
pi05_full_fix,perf/compute_s,780,985.8741836547852,1.1201039552688599
pi05_full_fix,perf/compute_s,790,998.5932228565216,1.5001131296157837
pi05_full_fix,perf/compute_s,800,1010.7232780456543,1.1260831356048584
pi05_full_fix,perf/compute_s,810,1023.0805985927582,1.1196720600128174
pi05_full_fix,perf/compute_s,820,1035.4155378341675,1.1203327178955078
pi05_full_fix,perf/compute_s,830,1047.787621974945,1.1207355260849
pi05_full_fix,perf/compute_s,840,1060.24950838089,1.1247657537460327
pi05_full_fix,perf/compute_s,850,1072.648797750473,1.1252394914627075
pi05_full_fix,perf/compute_s,860,1085.1539685726166,1.3890259265899658
pi05_full_fix,perf/compute_s,870,1097.3767228126526,1.2982438802719116
pi05_full_fix,perf/compute_s,880,1109.4607465267181,1.1236807107925415
pi05_full_fix,perf/compute_s,890,1121.6924967765808,1.122956395149231
pi05_full_fix,perf/compute_s,900,1133.9905111789703,1.1251070499420166
pi05_full_fix,perf/compute_s,910,1146.2325472831726,1.1298729181289673
pi05_full_fix,perf/compute_s,920,1158.47784781456,1.120160698890686
pi05_full_fix,perf/compute_s,930,1170.920433998108,1.362965703010559
pi05_full_fix,perf/compute_s,940,1183.1605598926544,1.1223868131637573
pi05_full_fix,perf/compute_s,950,1195.3255398273468,1.1209592819213867
pi05_full_fix,perf/compute_s,960,1207.574559211731,1.1237826347351074
pi05_full_fix,perf/compute_s,970,1219.8781237602234,1.1214046478271484
pi05_full_fix,perf/compute_s,980,1232.2660434246063,1.1232377290725708
pi05_full_fix,perf/compute_s,990,1244.9550478458405,1.4760043621063232
pi05_full_fix,perf/compute_s,1000,1257.250672340393,1.1238971948623657
pi05_full_fix,perf/optimizer_step_s,10,33.951385736465454,0.0733056589961052
pi05_full_fix,perf/optimizer_step_s,20,46.61675429344177,0.06716296821832657
pi05_full_fix,perf/optimizer_step_s,30,58.63675808906555,0.068902887403965
pi05_full_fix,perf/optimizer_step_s,40,71.30122756958008,0.06979548931121826
pi05_full_fix,perf/optimizer_step_s,50,83.62234354019165,0.06738267838954926
pi05_full_fix,perf/optimizer_step_s,60,96.0186505317688,0.06732820719480515
pi05_full_fix,perf/optimizer_step_s,70,108.25990843772888,0.06812243908643723
pi05_full_fix,perf/optimizer_step_s,80,120.67812299728394,0.06802616268396378
pi05_full_fix,perf/optimizer_step_s,90,133.07413005828857,0.06816453486680984
pi05_full_fix,perf/optimizer_step_s,100,145.32586336135864,0.06817594170570374
pi05_full_fix,perf/optimizer_step_s,110,157.91196465492249,0.06844185292720795
pi05_full_fix,perf/optimizer_step_s,120,170.20373940467834,0.0681968480348587
pi05_full_fix,perf/optimizer_step_s,130,182.63001537322998,0.06956958770751953
pi05_full_fix,perf/optimizer_step_s,140,194.8703773021698,0.06812579929828644
pi05_full_fix,perf/optimizer_step_s,150,207.2277431488037,0.06713300198316574
pi05_full_fix,perf/optimizer_step_s,160,219.60905075073242,0.06742218136787415
pi05_full_fix,perf/optimizer_step_s,170,232.38319492340088,0.06716939806938171
pi05_full_fix,perf/optimizer_step_s,180,244.64139938354492,0.06731584668159485
pi05_full_fix,perf/optimizer_step_s,190,256.99874353408813,0.06700106710195541
pi05_full_fix,perf/optimizer_step_s,200,269.3790326118469,0.07000932097434998
pi05_full_fix,perf/optimizer_step_s,210,281.7842490673065,0.06713969260454178
pi05_full_fix,perf/optimizer_step_s,220,294.0306828022003,0.06726700067520142
pi05_full_fix,perf/optimizer_step_s,230,306.37594199180603,0.06736158579587936
pi05_full_fix,perf/optimizer_step_s,240,318.7331418991089,0.06696927547454834
pi05_full_fix,perf/optimizer_step_s,250,330.78360533714294,0.06747901439666748
pi05_full_fix,perf/optimizer_step_s,260,343.18470335006714,0.06578122824430466
pi05_full_fix,perf/optimizer_step_s,270,355.5086987018585,0.06749476492404938
pi05_full_fix,perf/optimizer_step_s,280,367.93015480041504,0.06843309849500656
pi05_full_fix,perf/optimizer_step_s,290,380.4546971321106,0.06794465333223343
pi05_full_fix,perf/optimizer_step_s,300,392.75853514671326,0.0709332749247551
pi05_full_fix,perf/optimizer_step_s,310,405.124210357666,0.06802650541067123
pi05_full_fix,perf/optimizer_step_s,320,417.3405840396881,0.06801562756299973
pi05_full_fix,perf/optimizer_step_s,330,429.7237083911896,0.06858544796705246
pi05_full_fix,perf/optimizer_step_s,340,441.9900875091553,0.06705213338136673
pi05_full_fix,perf/optimizer_step_s,350,454.24259543418884,0.0698484405875206
pi05_full_fix,perf/optimizer_step_s,360,466.5672905445099,0.06712199747562408
pi05_full_fix,perf/optimizer_step_s,370,478.9589774608612,0.06910476088523865
pi05_full_fix,perf/optimizer_step_s,380,491.19437766075134,0.06853821873664856
pi05_full_fix,perf/optimizer_step_s,390,503.4616913795471,0.0694834291934967
pi05_full_fix,perf/optimizer_step_s,400,515.7336041927338,0.06734538823366165
pi05_full_fix,perf/optimizer_step_s,410,528.0771069526672,0.07014970481395721
pi05_full_fix,perf/optimizer_step_s,420,540.6193671226501,0.06816606968641281
pi05_full_fix,perf/optimizer_step_s,430,553.1148047447205,0.06837088614702225
pi05_full_fix,perf/optimizer_step_s,440,565.5739223957062,0.07064998149871826
pi05_full_fix,perf/optimizer_step_s,450,578.0373120307922,0.06742313504219055
pi05_full_fix,perf/optimizer_step_s,460,590.4754266738892,0.06716630607843399
pi05_full_fix,perf/optimizer_step_s,470,603.1343486309052,0.06883497536182404
pi05_full_fix,perf/optimizer_step_s,480,615.5227386951447,0.06810759752988815
pi05_full_fix,perf/optimizer_step_s,490,627.9650673866272,0.06739266961812973
pi05_full_fix,perf/optimizer_step_s,500,640.2604773044586,0.06726422905921936
pi05_full_fix,perf/optimizer_step_s,510,652.6051485538483,0.06849122792482376
pi05_full_fix,perf/optimizer_step_s,520,664.8928973674774,0.06780222058296204
pi05_full_fix,perf/optimizer_step_s,530,677.158195734024,0.06812280416488647
pi05_full_fix,perf/optimizer_step_s,540,689.5855357646942,0.06817349791526794
pi05_full_fix,perf/optimizer_step_s,550,701.8123061656952,0.06823770701885223
pi05_full_fix,perf/optimizer_step_s,560,714.1003746986389,0.06853259354829788
pi05_full_fix,perf/optimizer_step_s,570,726.3417570590973,0.06842213869094849
pi05_full_fix,perf/optimizer_step_s,580,738.5030329227448,0.06728030741214752
pi05_full_fix,perf/optimizer_step_s,590,750.7780466079712,0.06726403534412384
pi05_full_fix,perf/optimizer_step_s,600,763.5220642089844,0.06723707914352417
pi05_full_fix,perf/optimizer_step_s,610,775.8358390331268,0.06863758713006973
pi05_full_fix,perf/optimizer_step_s,620,788.109005689621,0.06819459050893784
pi05_full_fix,perf/optimizer_step_s,630,800.3759965896606,0.06676333397626877
pi05_full_fix,perf/optimizer_step_s,640,812.521036863327,0.06944624334573746
pi05_full_fix,perf/optimizer_step_s,650,824.7451710700989,0.0683516189455986
pi05_full_fix,perf/optimizer_step_s,660,837.3220193386078,0.07189872860908508
pi05_full_fix,perf/optimizer_step_s,670,849.6185913085938,0.06811665743589401
pi05_full_fix,perf/optimizer_step_s,680,861.9502456188202,0.0671682134270668
pi05_full_fix,perf/optimizer_step_s,690,874.3773782253265,0.06801457703113556
pi05_full_fix,perf/optimizer_step_s,700,886.6480693817139,0.06712699681520462
pi05_full_fix,perf/optimizer_step_s,710,899.0423872470856,0.06780131906270981
pi05_full_fix,perf/optimizer_step_s,720,911.4383420944214,0.068352609872818
pi05_full_fix,perf/optimizer_step_s,730,924.0412087440491,0.0671638622879982
pi05_full_fix,perf/optimizer_step_s,740,936.4087493419647,0.06843336671590805
pi05_full_fix,perf/optimizer_step_s,750,948.7903203964233,0.06594915688037872
pi05_full_fix,perf/optimizer_step_s,760,961.1712110042572,0.06732852011919022
pi05_full_fix,perf/optimizer_step_s,770,973.5213222503662,0.06875297427177429
pi05_full_fix,perf/optimizer_step_s,780,985.8744308948517,0.06797736138105392
pi05_full_fix,perf/optimizer_step_s,790,998.5933520793915,0.06751665472984314
pi05_full_fix,perf/optimizer_step_s,800,1010.7234513759613,0.06871891021728516
pi05_full_fix,perf/optimizer_step_s,810,1023.0807962417603,0.06730173528194427
pi05_full_fix,perf/optimizer_step_s,820,1035.4156880378723,0.0661030039191246
pi05_full_fix,perf/optimizer_step_s,830,1047.7877745628357,0.06701591610908508
pi05_full_fix,perf/optimizer_step_s,840,1060.2496967315674,0.06728518754243851
pi05_full_fix,perf/optimizer_step_s,850,1072.6489770412445,0.06809764355421066
pi05_full_fix,perf/optimizer_step_s,860,1085.1541328430176,0.06857604533433914
pi05_full_fix,perf/optimizer_step_s,870,1097.3768920898438,0.06644078344106674
pi05_full_fix,perf/optimizer_step_s,880,1109.4609286785126,0.06865862756967545
pi05_full_fix,perf/optimizer_step_s,890,1121.6927106380463,0.06826172024011612
pi05_full_fix,perf/optimizer_step_s,900,1133.9906849861145,0.068148672580719
pi05_full_fix,perf/optimizer_step_s,910,1146.2327282428741,0.06926947087049484
pi05_full_fix,perf/optimizer_step_s,920,1158.4780452251434,0.06801702082157135
pi05_full_fix,perf/optimizer_step_s,930,1170.9206120967865,0.06923893094062805
pi05_full_fix,perf/optimizer_step_s,940,1183.1607582569122,0.06639005243778229
pi05_full_fix,perf/optimizer_step_s,950,1195.3257100582123,0.0709579586982727
pi05_full_fix,perf/optimizer_step_s,960,1207.5747621059418,0.0679922103881836
pi05_full_fix,perf/optimizer_step_s,970,1219.8782887458801,0.0687832161784172
pi05_full_fix,perf/optimizer_step_s,980,1232.2662332057953,0.06830532848834991
pi05_full_fix,perf/optimizer_step_s,990,1244.9552414417267,0.0672655776143074
pi05_full_fix,perf/optimizer_step_s,1000,1257.2509410381317,0.06833426654338837
pi05_full_fix,window/loss,1000,1257.251469373703,0.38487645983695984
pi05_full_fix,window/loss_per_dim_0,1000,1257.251482963562,0.29460781812667847
pi05_full_fix,window/loss_per_dim_1,1000,1257.2514896392822,0.49358516931533813
pi05_full_fix,window/loss_per_dim_2,1000,1257.251494884491,0.2841159701347351
pi05_full_fix,window/loss_per_dim_3,1000,1257.2515003681183,0.5123409032821655
pi05_full_fix,window/loss_per_dim_4,1000,1257.2515053749084,0.2941368520259857
pi05_full_fix,window/loss_per_dim_5,1000,1257.2515106201172,0.2995421290397644
pi05_full_fix,window/loss_per_dim_6,1000,1257.251515865326,0.5158063173294067
pi05_full_fix,perf/io_bound_fraction,1000,1257.251537322998,0.016390737146139145
pi05_full_fix,perf/samples_per_sec,1000,1257.251543521881,6.3631086349487305
pi05_full_fix,perf/optimizer_step_s_avg,1000,1257.251549243927,0.06926203519105911
pi05_full_fix,perf/checkpoint_save_s,1000,1312.3971967697144,54.42662811279297
pi05_full_fix,perf/checkpoint_save_s,1000,1363.756131887436,51.35649490356445
pi05_full_fix,epoch/loss,0,1312.3990790843964,0.38487645983695984
pi05_full_fix,epoch/loss_per_dim_0,0,1312.3991029262543,0.29460781812667847
pi05_full_fix,epoch/loss_per_dim_1,0,1312.3991119861603,0.49358516931533813
pi05_full_fix,epoch/loss_per_dim_2,0,1312.3991179466248,0.2841159701347351
pi05_full_fix,epoch/loss_per_dim_3,0,1312.399122953415,0.5123409032821655
pi05_full_fix,epoch/loss_per_dim_4,0,1312.3991284370422,0.2941368520259857
pi05_full_fix,epoch/loss_per_dim_5,0,1312.3991341590881,0.2995421290397644
pi05_full_fix,epoch/loss_per_dim_6,0,1312.3991394042969,0.5158063173294067
molmoact2_freeze_matched,perf/effective_batch_size,0,0.0,8.0
molmoact2_freeze_matched,perf/vram_allocated_mb,0,0.21243762969970703,11017.9501953125
molmoact2_freeze_matched,perf/vram_allocated_mb,0,1.7199912071228027,11017.9501953125
molmoact2_freeze_matched,perf/vram_allocated_mb,0,3.2260079383850098,11017.9501953125
molmoact2_freeze_matched,perf/vram_allocated_mb,0,4.734692096710205,11017.9501953125
molmoact2_freeze_matched,perf/vram_allocated_mb,0,6.240821123123169,11017.9501953125
molmoact2_freeze_matched,perf/vram_allocated_mb,0,7.747128248214722,11017.9501953125
molmoact2_freeze_matched,perf/vram_allocated_mb,0,9.253962278366089,11017.9501953125
molmoact2_freeze_matched,perf/vram_allocated_mb,0,10.760326623916626,11017.9501953125
molmoact2_freeze_matched,perf/vram_allocated_mb,0,12.266260623931885,11017.9501953125
molmoact2_freeze_matched,perf/vram_allocated_mb,0,13.772873640060425,11017.9501953125
molmoact2_freeze_matched,perf/vram_allocated_mb,0,15.2820885181427,11017.9501953125
molmoact2_freeze_matched,perf/vram_allocated_mb,0,16.787699460983276,11017.9501953125
molmoact2_freeze_matched,perf/vram_allocated_mb,0,18.295212745666504,11084.3564453125
molmoact2_freeze_matched,perf/vram_allocated_mb,0,19.836287021636963,11147.6455078125
molmoact2_freeze_matched,perf/vram_allocated_mb,0,21.393356561660767,11292.275390625
molmoact2_freeze_matched,perf/vram_allocated_mb,0,22.902386903762817,12694.638671875
molmoact2_freeze_matched,perf/vram_allocated_mb,1,24.499349117279053,13655.484375
molmoact2_freeze_matched,perf/vram_allocated_mb,2,26.008578300476074,14632.162109375
molmoact2_freeze_matched,perf/vram_allocated_mb,3,27.570967197418213,15398.541015625
molmoact2_freeze_matched,perf/vram_allocated_mb,5,29.08082604408264,13655.9599609375
molmoact2_freeze_matched,perf/vram_allocated_mb,6,30.58641743659973,13944.5068359375
molmoact2_freeze_matched,perf/vram_allocated_mb,7,32.09271693229675,15783.3896484375
molmoact2_freeze_matched,perf/vram_allocated_mb,8,33.64006161689758,15913.08984375
molmoact2_freeze_matched,perf/vram_allocated_mb,10,35.20064926147461,13659.8525390625
molmoact2_freeze_matched,perf/vram_allocated_mb,11,36.70652794837952,15635.802734375
molmoact2_freeze_matched,perf/vram_allocated_mb,12,38.28322386741638,14928.5322265625
molmoact2_freeze_matched,perf/vram_allocated_mb,14,39.80098795890808,13637.763671875
molmoact2_freeze_matched,perf/vram_allocated_mb,15,41.307379961013794,13944.1904296875
molmoact2_freeze_matched,perf/vram_allocated_mb,16,42.858845233917236,15699.02734375
molmoact2_freeze_matched,perf/vram_allocated_mb,18,44.364320278167725,13655.16796875
molmoact2_freeze_matched,perf/vram_allocated_mb,19,45.87089133262634,14243.1640625
molmoact2_freeze_matched,perf/vram_allocated_mb,20,47.45815706253052,14879.0654296875
molmoact2_freeze_matched,perf/vram_allocated_mb,22,48.96606469154358,13655.1845703125
molmoact2_freeze_matched,perf/vram_allocated_mb,23,50.47250938415527,14709.4423828125
molmoact2_freeze_matched,perf/vram_allocated_mb,24,51.98028063774109,15191.4111328125
molmoact2_freeze_matched,perf/vram_allocated_mb,25,53.54574990272522,14930.873046875
molmoact2_freeze_matched,perf/vram_allocated_mb,27,55.05190443992615,13944.4541015625
molmoact2_freeze_matched,perf/vram_allocated_mb,28,56.56305241584778,14915.89453125
molmoact2_freeze_matched,perf/vram_allocated_mb,30,58.071404695510864,13637.78125
molmoact2_freeze_matched,perf/vram_allocated_mb,31,59.57773303985596,13944.4541015625
molmoact2_freeze_matched,perf/vram_allocated_mb,32,61.08902645111084,15800.7861328125
molmoact2_freeze_matched,perf/vram_allocated_mb,33,62.61978602409363,14929.7783203125
molmoact2_freeze_matched,perf/vram_allocated_mb,35,64.12811088562012,13655.55078125
molmoact2_freeze_matched,perf/vram_allocated_mb,36,65.63425588607788,14007.80078125
molmoact2_freeze_matched,perf/vram_allocated_mb,37,67.20381307601929,15830.9443359375
molmoact2_freeze_matched,perf/vram_allocated_mb,39,68.71101903915405,13655.56640625
molmoact2_freeze_matched,perf/vram_allocated_mb,40,70.21813011169434,14350.1826171875
molmoact2_freeze_matched,perf/vram_allocated_mb,41,71.81672382354736,15785.8076171875
molmoact2_freeze_matched,perf/vram_allocated_mb,43,73.37618708610535,13659.142578125
molmoact2_freeze_matched,perf/vram_allocated_mb,44,75.10394978523254,14919.1513671875
molmoact2_freeze_matched,perf/vram_allocated_mb,45,76.70550179481506,14926.7841796875
molmoact2_freeze_matched,perf/vram_allocated_mb,47,78.21645164489746,13810.6240234375
molmoact2_freeze_matched,perf/vram_allocated_mb,48,79.72281241416931,15657.2939453125
molmoact2_freeze_matched,perf/vram_allocated_mb,49,81.25838470458984,14929.8837890625
molmoact2_freeze_matched,perf/vram_allocated_mb,51,82.76409816741943,13944.4541015625
molmoact2_freeze_matched,perf/vram_allocated_mb,52,84.28395771980286,15232.0341796875
molmoact2_freeze_matched,perf/vram_allocated_mb,54,85.79178643226624,13655.1689453125
molmoact2_freeze_matched,perf/vram_allocated_mb,55,87.29798984527588,13944.4541015625
molmoact2_freeze_matched,perf/vram_allocated_mb,56,88.80585527420044,14631.9755859375
molmoact2_freeze_matched,perf/vram_allocated_mb,57,90.40017795562744,15895.658203125
molmoact2_freeze_matched,perf/vram_allocated_mb,59,91.96842527389526,13659.552734375
molmoact2_freeze_matched,perf/vram_allocated_mb,60,93.47605633735657,15793.83203125
molmoact2_freeze_matched,perf/vram_allocated_mb,61,95.05164313316345,14929.8837890625
molmoact2_freeze_matched,perf/vram_allocated_mb,63,96.55959343910217,13680.8203125
molmoact2_freeze_matched,perf/vram_allocated_mb,64,98.06728196144104,15782.6513671875
molmoact2_freeze_matched,perf/vram_allocated_mb,65,99.57468557357788,14965.5625
molmoact2_freeze_matched,perf/vram_allocated_mb,66,101.18623471260071,14923.978515625
molmoact2_freeze_matched,perf/vram_allocated_mb,68,102.75694108009338,13660.09765625
molmoact2_freeze_matched,perf/vram_allocated_mb,69,104.26261377334595,15811.9638671875
molmoact2_freeze_matched,perf/vram_allocated_mb,70,105.83280205726624,14926.3212890625
molmoact2_freeze_matched,perf/vram_allocated_mb,72,107.33873152732849,14213.1298828125
molmoact2_freeze_matched,perf/vram_allocated_mb,73,108.85738229751587,15667.951171875
molmoact2_freeze_matched,perf/vram_allocated_mb,74,110.38244676589966,14926.6435546875
molmoact2_freeze_matched,perf/vram_allocated_mb,76,111.88936161994934,13654.9384765625
molmoact2_freeze_matched,perf/vram_allocated_mb,77,113.3964741230011,14209.306640625
molmoact2_freeze_matched,perf/vram_allocated_mb,78,114.95451092720032,15726.6669921875
molmoact2_freeze_matched,perf/vram_allocated_mb,80,116.46332621574402,13654.921875
molmoact2_freeze_matched,perf/vram_allocated_mb,81,117.96899461746216,13784.71875
molmoact2_freeze_matched,perf/vram_allocated_mb,82,119.51175045967102,15828.927734375
molmoact2_freeze_matched,perf/vram_allocated_mb,84,121.02018713951111,13655.2509765625
molmoact2_freeze_matched,perf/vram_allocated_mb,85,122.52580213546753,13943.7861328125
molmoact2_freeze_matched,perf/vram_allocated_mb,86,124.09699273109436,14275.2470703125
molmoact2_freeze_matched,perf/vram_allocated_mb,87,125.6600193977356,15877.548828125
molmoact2_freeze_matched,perf/vram_allocated_mb,89,127.1669557094574,13656.05859375
molmoact2_freeze_matched,perf/vram_allocated_mb,90,128.67383193969727,14374.85546875
molmoact2_freeze_matched,perf/vram_allocated_mb,91,130.26853966712952,15472.583984375
molmoact2_freeze_matched,perf/vram_allocated_mb,93,131.77501320838928,13656.05859375
molmoact2_freeze_matched,perf/vram_allocated_mb,94,133.28593516349792,14140.8154296875
molmoact2_freeze_matched,perf/vram_allocated_mb,95,134.85985016822815,15140.890625
molmoact2_freeze_matched,perf/vram_allocated_mb,96,136.44677567481995,15905.052734375
molmoact2_freeze_matched,perf/vram_allocated_mb,98,138.02595853805542,13659.634765625
molmoact2_freeze_matched,perf/vram_allocated_mb,99,139.53546810150146,15222.9755859375
molmoact2_freeze_matched,perf/vram_allocated_mb,100,141.11226844787598,14931.6650390625
molmoact2_freeze_matched,perf/vram_allocated_mb,102,142.61765789985657,13681.1962890625
molmoact2_freeze_matched,perf/vram_allocated_mb,103,144.12766528129578,15780.451171875
molmoact2_freeze_matched,perf/vram_allocated_mb,104,145.69689464569092,14930.4912109375
molmoact2_freeze_matched,perf/vram_allocated_mb,106,147.2032401561737,13945.2275390625
molmoact2_freeze_matched,perf/vram_allocated_mb,107,148.70999813079834,14038.4521484375
molmoact2_freeze_matched,perf/vram_allocated_mb,108,150.2543432712555,15659.2490234375
molmoact2_freeze_matched,perf/vram_allocated_mb,110,151.76182579994202,13654.921875
molmoact2_freeze_matched,perf/vram_allocated_mb,111,153.2673797607422,13944.0830078125
molmoact2_freeze_matched,perf/vram_allocated_mb,112,154.80163311958313,14934.6923828125
molmoact2_freeze_matched,perf/vram_allocated_mb,114,156.31401133537292,13645.646484375
molmoact2_freeze_matched,perf/vram_allocated_mb,115,157.82028889656067,13944.271484375
molmoact2_freeze_matched,perf/vram_allocated_mb,116,159.35050201416016,14953.5166015625
molmoact2_freeze_matched,perf/vram_allocated_mb,117,160.90615820884705,14872.8154296875
molmoact2_freeze_matched,perf/vram_allocated_mb,119,162.41305375099182,13655.56640625
molmoact2_freeze_matched,perf/vram_allocated_mb,120,163.91944980621338,14516.5849609375
molmoact2_freeze_matched,perf/vram_allocated_mb,121,165.54195547103882,15913.8310546875
molmoact2_freeze_matched,perf/vram_allocated_mb,123,167.04802751541138,13680.0810546875
molmoact2_freeze_matched,perf/vram_allocated_mb,124,168.56139469146729,15830.5185546875
molmoact2_freeze_matched,perf/vram_allocated_mb,125,170.066801071167,14924.9814453125
molmoact2_freeze_matched,perf/vram_allocated_mb,127,171.57236409187317,13944.1884765625
molmoact2_freeze_matched,perf/vram_allocated_mb,128,173.083434343338,14179.8515625
molmoact2_freeze_matched,perf/vram_allocated_mb,129,174.67185473442078,15213.0556640625
molmoact2_freeze_matched,perf/vram_allocated_mb,131,176.17792654037476,13656.05859375
molmoact2_freeze_matched,perf/vram_allocated_mb,132,177.68379068374634,14347.8095703125
molmoact2_freeze_matched,perf/vram_allocated_mb,133,179.24283909797668,15070.2529296875
molmoact2_freeze_matched,perf/vram_allocated_mb,135,180.74905633926392,13656.05859375
molmoact2_freeze_matched,perf/vram_allocated_mb,136,182.25460743904114,14528.880859375
molmoact2_freeze_matched,perf/vram_allocated_mb,137,183.7603235244751,15347.5400390625
molmoact2_freeze_matched,perf/vram_allocated_mb,138,185.3576741218567,14917.80078125
molmoact2_freeze_matched,perf/vram_allocated_mb,140,186.86896967887878,13850.7734375
molmoact2_freeze_matched,perf/vram_allocated_mb,141,188.37725830078125,15761.150390625
molmoact2_freeze_matched,perf/vram_allocated_mb,142,189.88287663459778,14927.70703125
molmoact2_freeze_matched,perf/vram_allocated_mb,144,191.39853525161743,13659.60546875
molmoact2_freeze_matched,perf/vram_allocated_mb,145,192.90847635269165,15776.7509765625
molmoact2_freeze_matched,perf/vram_allocated_mb,146,194.46598839759827,14926.6435546875
molmoact2_freeze_matched,perf/vram_allocated_mb,147,195.98036551475525,14929.3154296875
molmoact2_freeze_matched,perf/vram_allocated_mb,149,197.48592495918274,13680.5732421875
molmoact2_freeze_matched,perf/vram_allocated_mb,150,198.99228715896606,15840.583984375
molmoact2_freeze_matched,perf/vram_allocated_mb,151,200.54372453689575,14929.0068359375
molmoact2_freeze_matched,perf/vram_allocated_mb,153,202.0575499534607,13659.3056640625
molmoact2_freeze_matched,perf/vram_allocated_mb,154,203.56379890441895,15803.525390625
molmoact2_freeze_matched,perf/vram_allocated_mb,155,205.11311841011047,14929.3154296875
molmoact2_freeze_matched,perf/vram_allocated_mb,157,206.62928223609924,13659.3056640625
molmoact2_freeze_matched,perf/vram_allocated_mb,158,208.13561391830444,13944.8759765625
molmoact2_freeze_matched,perf/vram_allocated_mb,159,209.66130924224854,15602.966796875
molmoact2_freeze_matched,perf/vram_allocated_mb,161,211.17483139038086,13640.392578125
molmoact2_freeze_matched,perf/vram_allocated_mb,162,212.68009448051453,13944.5869140625
molmoact2_freeze_matched,perf/vram_allocated_mb,163,214.19823932647705,15607.43359375
molmoact2_freeze_matched,perf/vram_allocated_mb,164,215.70436096191406,14927.70703125
molmoact2_freeze_matched,perf/vram_allocated_mb,166,217.20985102653503,13680.873046875
molmoact2_freeze_matched,perf/vram_allocated_mb,167,218.71709775924683,15041.5439453125
molmoact2_freeze_matched,perf/vram_allocated_mb,168,220.22377800941467,15766.1015625
molmoact2_freeze_matched,perf/vram_allocated_mb,169,221.7734978199005,14921.529296875
molmoact2_freeze_matched,perf/vram_allocated_mb,171,223.278559923172,13680.0810546875
molmoact2_freeze_matched,perf/vram_allocated_mb,172,224.78468251228333,15752.82421875
molmoact2_freeze_matched,perf/vram_allocated_mb,173,226.31599688529968,14925.4873046875
molmoact2_freeze_matched,perf/vram_allocated_mb,175,227.82152366638184,14046.546875
molmoact2_freeze_matched,perf/vram_allocated_mb,176,229.33421277999878,15764.72265625
molmoact2_freeze_matched,perf/vram_allocated_mb,177,230.8476152420044,14924.8427734375
molmoact2_freeze_matched,perf/vram_allocated_mb,178,232.39215993881226,14922.1376953125
molmoact2_freeze_matched,perf/vram_allocated_mb,180,233.89723086357117,13944.259765625
molmoact2_freeze_matched,perf/vram_allocated_mb,181,235.41566228866577,15797.0234375
molmoact2_freeze_matched,perf/vram_allocated_mb,182,236.921124458313,14901.3134765625
molmoact2_freeze_matched,perf/vram_allocated_mb,184,238.42878603935242,13944.259765625
molmoact2_freeze_matched,perf/vram_allocated_mb,185,239.95454096794128,15806.1689453125
molmoact2_freeze_matched,perf/vram_allocated_mb,187,241.46465015411377,13645.59375
molmoact2_freeze_matched,perf/vram_allocated_mb,188,242.97044372558594,13944.259765625
molmoact2_freeze_matched,perf/vram_allocated_mb,189,244.67289352416992,14759.552734375
molmoact2_freeze_matched,perf/vram_allocated_mb,190,246.276353597641,15171.0634765625
molmoact2_freeze_matched,perf/vram_allocated_mb,192,247.82544326782227,13659.60546875
molmoact2_freeze_matched,perf/vram_allocated_mb,193,249.33276200294495,15008.3828125
molmoact2_freeze_matched,perf/vram_allocated_mb,194,250.85574197769165,14925.3974609375
molmoact2_freeze_matched,perf/vram_allocated_mb,196,252.38405537605286,13659.60546875
molmoact2_freeze_matched,perf/vram_allocated_mb,197,253.89007782936096,15293.328125
molmoact2_freeze_matched,perf/vram_allocated_mb,198,255.45971202850342,14921.1572265625
molmoact2_freeze_matched,perf/vram_allocated_mb,200,256.9654107093811,13638.5546875
molmoact2_freeze_matched,perf/vram_allocated_mb,200,258.47064781188965,13638.5537109375
molmoact2_freeze_matched,perf/vram_allocated_mb,200,259.9765622615814,13638.5537109375
molmoact2_freeze_matched,perf/vram_allocated_mb,200,261.5016598701477,13768.1201171875
molmoact2_freeze_matched,perf/vram_allocated_mb,200,263.02497959136963,13796.0888671875
molmoact2_freeze_matched,perf/vram_allocated_mb,200,264.58668398857117,13767.328125
molmoact2_freeze_matched,perf/vram_allocated_mb,200,266.11772179603577,13795.296875
molmoact2_freeze_matched,perf/vram_allocated_mb,200,267.70865082740784,13768.1201171875
molmoact2_freeze_matched,perf/vram_allocated_mb,200,269.2144236564636,13796.0888671875
molmoact2_freeze_matched,perf/vram_allocated_mb,200,270.76579189300537,13767.328125
molmoact2_freeze_matched,perf/vram_allocated_mb,200,272.2872941493988,13795.296875
molmoact2_freeze_matched,perf/vram_allocated_mb,200,273.851270198822,13768.1201171875
molmoact2_freeze_matched,perf/vram_allocated_mb,200,275.39324402809143,13796.0888671875
molmoact2_freeze_matched,perf/vram_allocated_mb,200,276.96208000183105,13767.328125
molmoact2_freeze_matched,perf/vram_allocated_mb,200,278.4695954322815,13795.296875
molmoact2_freeze_matched,perf/vram_allocated_mb,200,279.9750156402588,14051.7373046875
molmoact2_freeze_matched,perf/vram_allocated_mb,200,281.4816508293152,13762.9609375
molmoact2_freeze_matched,perf/vram_allocated_mb,200,282.9872155189514,14052.529296875
molmoact2_freeze_matched,perf/vram_allocated_mb,200,284.4932596683502,13763.7529296875
molmoact2_freeze_matched,perf/vram_allocated_mb,200,285.99830317497253,14051.7373046875
molmoact2_freeze_matched,perf/vram_allocated_mb,200,287.5033984184265,13762.9609375
molmoact2_freeze_matched,perf/vram_allocated_mb,200,289.00987792015076,14052.529296875
molmoact2_freeze_matched,perf/vram_allocated_mb,200,290.5207703113556,13763.7373046875
molmoact2_freeze_matched,perf/vram_allocated_mb,200,292.02655029296875,14051.7373046875
molmoact2_freeze_matched,perf/vram_allocated_mb,200,294.20106863975525,13729.7578125
molmoact2_freeze_matched,perf/vram_allocated_mb,200,295.93245935440063,13696.5625
molmoact2_freeze_matched,perf/vram_allocated_mb,200,297.6824097633362,13696.5625
molmoact2_freeze_matched,perf/vram_allocated_mb,200,299.2433819770813,13696.5625
molmoact2_freeze_matched,perf/vram_allocated_mb,200,300.8962666988373,13696.5625
molmoact2_freeze_matched,perf/vram_allocated_mb,200,302.53985810279846,13696.5625
molmoact2_freeze_matched,perf/vram_allocated_mb,200,304.32687497138977,13696.5625
molmoact2_freeze_matched,perf/vram_allocated_mb,200,305.9166331291199,13696.5625
molmoact2_freeze_matched,perf/vram_allocated_mb,200,307.55875396728516,13696.5625
molmoact2_freeze_matched,perf/vram_allocated_mb,200,309.1961090564728,13696.5625
molmoact2_freeze_matched,perf/vram_allocated_mb,200,310.72005820274353,13696.5625
molmoact2_freeze_matched,perf/vram_allocated_mb,200,312.373140335083,13696.5625
molmoact2_freeze_matched,perf/vram_allocated_mb,200,313.9549443721771,13696.5625
molmoact2_freeze_matched,perf/vram_allocated_mb,200,315.7076745033264,13696.5625
molmoact2_freeze_matched,perf/vram_allocated_mb,200,317.26569843292236,13696.5625
molmoact2_freeze_matched,perf/vram_allocated_mb,200,318.80623745918274,13696.5625
molmoact2_freeze_matched,perf/vram_allocated_mb,200,320.3412823677063,13696.5625
molmoact2_freeze_matched,perf/vram_allocated_mb,200,321.87989139556885,13696.5625
molmoact2_freeze_matched,perf/vram_allocated_mb,200,324.65772247314453,13696.5625
molmoact2_freeze_matched,perf/vram_allocated_mb,200,326.18872356414795,13696.5625
molmoact2_freeze_matched,perf/vram_allocated_mb,200,327.7548418045044,13696.5625
molmoact2_freeze_matched,perf/vram_allocated_mb,200,329.3352825641632,13696.5625
molmoact2_freeze_matched,perf/vram_allocated_mb,200,330.8900423049927,13696.5625
molmoact2_freeze_matched,perf/vram_allocated_mb,200,332.4457116127014,13696.5625
molmoact2_freeze_matched,perf/vram_allocated_mb,200,333.95297622680664,13696.5625
molmoact2_freeze_matched,perf/vram_allocated_mb,200,335.45976424217224,13696.5625
molmoact2_freeze_matched,perf/vram_allocated_mb,200,336.9667446613312,13696.5625
molmoact2_freeze_matched,perf/vram_allocated_mb,200,338.47331833839417,13646.0576171875
molmoact2_freeze_matched,perf/vram_reserved_mb,0,0.21247506141662598,11035.2138671875
molmoact2_freeze_matched,perf/vram_reserved_mb,0,1.7200207710266113,11035.2138671875
molmoact2_freeze_matched,perf/vram_reserved_mb,0,3.22603702545166,11035.2138671875
molmoact2_freeze_matched,perf/vram_reserved_mb,0,4.734719753265381,11035.2138671875
molmoact2_freeze_matched,perf/vram_reserved_mb,0,6.24084997177124,11035.2138671875
molmoact2_freeze_matched,perf/vram_reserved_mb,0,7.747159004211426,11035.2138671875
molmoact2_freeze_matched,perf/vram_reserved_mb,0,9.253990173339844,11035.2138671875
molmoact2_freeze_matched,perf/vram_reserved_mb,0,10.76035451889038,11035.2138671875
molmoact2_freeze_matched,perf/vram_reserved_mb,0,12.266288042068481,11035.2138671875
molmoact2_freeze_matched,perf/vram_reserved_mb,0,13.772921085357666,11035.2138671875
molmoact2_freeze_matched,perf/vram_reserved_mb,0,15.282116651535034,11035.2138671875
molmoact2_freeze_matched,perf/vram_reserved_mb,0,16.787731170654297,11035.2138671875
molmoact2_freeze_matched,perf/vram_reserved_mb,0,18.29524540901184,11119.099609375
molmoact2_freeze_matched,perf/vram_reserved_mb,0,19.836318492889404,11184.111328125
molmoact2_freeze_matched,perf/vram_reserved_mb,0,21.393388509750366,12027.1669921875
molmoact2_freeze_matched,perf/vram_reserved_mb,0,22.902450561523438,13740.5400390625
molmoact2_freeze_matched,perf/vram_reserved_mb,1,24.49938702583313,16122.904296875
molmoact2_freeze_matched,perf/vram_reserved_mb,2,26.00862956047058,17804.8203125
molmoact2_freeze_matched,perf/vram_reserved_mb,3,27.571007251739502,17804.8203125
molmoact2_freeze_matched,perf/vram_reserved_mb,5,29.08086133003235,17804.8203125
molmoact2_freeze_matched,perf/vram_reserved_mb,6,30.58645510673523,17804.8203125
molmoact2_freeze_matched,perf/vram_reserved_mb,7,32.092753887176514,17804.8203125
molmoact2_freeze_matched,perf/vram_reserved_mb,8,33.64009881019592,17806.91796875
molmoact2_freeze_matched,perf/vram_reserved_mb,10,35.20068860054016,17806.91796875
molmoact2_freeze_matched,perf/vram_reserved_mb,11,36.706562757492065,17806.91796875
molmoact2_freeze_matched,perf/vram_reserved_mb,12,38.283262491226196,17806.91796875
molmoact2_freeze_matched,perf/vram_reserved_mb,14,39.80102205276489,17806.91796875
molmoact2_freeze_matched,perf/vram_reserved_mb,15,41.307416677474976,17806.91796875
molmoact2_freeze_matched,perf/vram_reserved_mb,16,42.85888123512268,17806.91796875
molmoact2_freeze_matched,perf/vram_reserved_mb,18,44.36435317993164,17806.91796875
molmoact2_freeze_matched,perf/vram_reserved_mb,19,45.87093544006348,17806.91796875
molmoact2_freeze_matched,perf/vram_reserved_mb,20,47.458191871643066,17806.91796875
molmoact2_freeze_matched,perf/vram_reserved_mb,22,48.96610903739929,17806.91796875
molmoact2_freeze_matched,perf/vram_reserved_mb,23,50.47254395484924,17806.91796875
molmoact2_freeze_matched,perf/vram_reserved_mb,24,51.98031830787659,17806.91796875
molmoact2_freeze_matched,perf/vram_reserved_mb,25,53.54578518867493,17806.91796875
molmoact2_freeze_matched,perf/vram_reserved_mb,27,55.05194854736328,17806.91796875
molmoact2_freeze_matched,perf/vram_reserved_mb,28,56.563088178634644,17806.91796875
molmoact2_freeze_matched,perf/vram_reserved_mb,30,58.07143211364746,17806.91796875
molmoact2_freeze_matched,perf/vram_reserved_mb,31,59.57776665687561,17806.91796875
molmoact2_freeze_matched,perf/vram_reserved_mb,32,61.08906149864197,17806.91796875
molmoact2_freeze_matched,perf/vram_reserved_mb,33,62.6198205947876,17806.91796875
molmoact2_freeze_matched,perf/vram_reserved_mb,35,64.12814116477966,17806.91796875
molmoact2_freeze_matched,perf/vram_reserved_mb,36,65.63429045677185,17806.91796875
molmoact2_freeze_matched,perf/vram_reserved_mb,37,67.20384979248047,17806.91796875
molmoact2_freeze_matched,perf/vram_reserved_mb,39,68.71105980873108,17806.91796875
molmoact2_freeze_matched,perf/vram_reserved_mb,40,70.21816039085388,17806.91796875
molmoact2_freeze_matched,perf/vram_reserved_mb,41,71.81676244735718,17806.91796875
molmoact2_freeze_matched,perf/vram_reserved_mb,43,73.37622356414795,17806.91796875
molmoact2_freeze_matched,perf/vram_reserved_mb,44,75.10398888587952,17806.91796875
molmoact2_freeze_matched,perf/vram_reserved_mb,45,76.70553731918335,17806.91796875
molmoact2_freeze_matched,perf/vram_reserved_mb,47,78.21648669242859,17806.91796875
molmoact2_freeze_matched,perf/vram_reserved_mb,48,79.72284722328186,17806.91796875
molmoact2_freeze_matched,perf/vram_reserved_mb,49,81.25841975212097,17806.91796875
molmoact2_freeze_matched,perf/vram_reserved_mb,51,82.76413226127625,17806.91796875
molmoact2_freeze_matched,perf/vram_reserved_mb,52,84.28399419784546,17806.91796875
molmoact2_freeze_matched,perf/vram_reserved_mb,54,85.79181790351868,17806.91796875
molmoact2_freeze_matched,perf/vram_reserved_mb,55,87.29802513122559,17806.91796875
molmoact2_freeze_matched,perf/vram_reserved_mb,56,88.80589389801025,17806.91796875
molmoact2_freeze_matched,perf/vram_reserved_mb,57,90.40021467208862,17806.91796875
molmoact2_freeze_matched,perf/vram_reserved_mb,59,91.96846389770508,17806.91796875
molmoact2_freeze_matched,perf/vram_reserved_mb,60,93.47609066963196,17806.91796875
molmoact2_freeze_matched,perf/vram_reserved_mb,61,95.05168652534485,17806.91796875
molmoact2_freeze_matched,perf/vram_reserved_mb,63,96.55962777137756,17806.91796875
molmoact2_freeze_matched,perf/vram_reserved_mb,64,98.06732034683228,17806.91796875
molmoact2_freeze_matched,perf/vram_reserved_mb,65,99.57472205162048,17806.91796875
molmoact2_freeze_matched,perf/vram_reserved_mb,66,101.18626976013184,17806.91796875
molmoact2_freeze_matched,perf/vram_reserved_mb,68,102.75697827339172,17806.91796875
molmoact2_freeze_matched,perf/vram_reserved_mb,69,104.26264834403992,17806.91796875
molmoact2_freeze_matched,perf/vram_reserved_mb,70,105.83283638954163,17806.91796875
molmoact2_freeze_matched,perf/vram_reserved_mb,72,107.33876824378967,17806.91796875
molmoact2_freeze_matched,perf/vram_reserved_mb,73,108.8574161529541,17806.91796875
molmoact2_freeze_matched,perf/vram_reserved_mb,74,110.382479429245,17806.91796875
molmoact2_freeze_matched,perf/vram_reserved_mb,76,111.88939571380615,17806.91796875
molmoact2_freeze_matched,perf/vram_reserved_mb,77,113.39651012420654,17806.91796875
molmoact2_freeze_matched,perf/vram_reserved_mb,78,114.95454788208008,17806.91796875
molmoact2_freeze_matched,perf/vram_reserved_mb,80,116.46335887908936,17806.91796875
molmoact2_freeze_matched,perf/vram_reserved_mb,81,117.9690318107605,17806.91796875
molmoact2_freeze_matched,perf/vram_reserved_mb,82,119.51178574562073,17806.91796875
molmoact2_freeze_matched,perf/vram_reserved_mb,84,121.02022314071655,17806.91796875
molmoact2_freeze_matched,perf/vram_reserved_mb,85,122.52583694458008,17806.91796875
molmoact2_freeze_matched,perf/vram_reserved_mb,86,124.09702920913696,17806.91796875
molmoact2_freeze_matched,perf/vram_reserved_mb,87,125.66005563735962,17806.91796875
molmoact2_freeze_matched,perf/vram_reserved_mb,89,127.1669909954071,17806.91796875
molmoact2_freeze_matched,perf/vram_reserved_mb,90,128.67386507987976,17806.91796875
molmoact2_freeze_matched,perf/vram_reserved_mb,91,130.2685742378235,17806.91796875
molmoact2_freeze_matched,perf/vram_reserved_mb,93,131.77504515647888,17806.91796875
molmoact2_freeze_matched,perf/vram_reserved_mb,94,133.2859742641449,17806.91796875
molmoact2_freeze_matched,perf/vram_reserved_mb,95,134.85988402366638,17806.91796875
molmoact2_freeze_matched,perf/vram_reserved_mb,96,136.44681024551392,17806.91796875
molmoact2_freeze_matched,perf/vram_reserved_mb,98,138.02599596977234,17806.91796875
molmoact2_freeze_matched,perf/vram_reserved_mb,99,139.5355019569397,17806.91796875
molmoact2_freeze_matched,perf/vram_reserved_mb,100,141.11230444908142,17806.91796875
molmoact2_freeze_matched,perf/vram_reserved_mb,102,142.61769223213196,17806.91796875
molmoact2_freeze_matched,perf/vram_reserved_mb,103,144.12771105766296,17806.91796875
molmoact2_freeze_matched,perf/vram_reserved_mb,104,145.6969428062439,17806.91796875
molmoact2_freeze_matched,perf/vram_reserved_mb,106,147.2032766342163,17806.91796875
molmoact2_freeze_matched,perf/vram_reserved_mb,107,148.71003437042236,17806.91796875
molmoact2_freeze_matched,perf/vram_reserved_mb,108,150.25437998771667,17806.91796875
molmoact2_freeze_matched,perf/vram_reserved_mb,110,151.76185965538025,17806.91796875
molmoact2_freeze_matched,perf/vram_reserved_mb,111,153.267413854599,17806.91796875
molmoact2_freeze_matched,perf/vram_reserved_mb,112,154.80166912078857,17806.91796875
molmoact2_freeze_matched,perf/vram_reserved_mb,114,156.31404304504395,17806.91796875
molmoact2_freeze_matched,perf/vram_reserved_mb,115,157.82032537460327,17806.91796875
molmoact2_freeze_matched,perf/vram_reserved_mb,116,159.35053825378418,17806.91796875
molmoact2_freeze_matched,perf/vram_reserved_mb,117,160.90619373321533,17806.91796875
molmoact2_freeze_matched,perf/vram_reserved_mb,119,162.41308665275574,17806.91796875
molmoact2_freeze_matched,perf/vram_reserved_mb,120,163.91948437690735,17806.91796875
molmoact2_freeze_matched,perf/vram_reserved_mb,121,165.54199194908142,17806.91796875
molmoact2_freeze_matched,perf/vram_reserved_mb,123,167.04806447029114,17806.91796875
molmoact2_freeze_matched,perf/vram_reserved_mb,124,168.56143021583557,17806.91796875
molmoact2_freeze_matched,perf/vram_reserved_mb,125,170.06683158874512,17806.91796875
molmoact2_freeze_matched,perf/vram_reserved_mb,127,171.57239818572998,17806.91796875
molmoact2_freeze_matched,perf/vram_reserved_mb,128,173.08347296714783,17806.91796875
molmoact2_freeze_matched,perf/vram_reserved_mb,129,174.67189288139343,17806.91796875
molmoact2_freeze_matched,perf/vram_reserved_mb,131,176.17796277999878,17806.91796875
molmoact2_freeze_matched,perf/vram_reserved_mb,132,177.68382573127747,17806.91796875
molmoact2_freeze_matched,perf/vram_reserved_mb,133,179.24287843704224,17806.91796875
molmoact2_freeze_matched,perf/vram_reserved_mb,135,180.74909138679504,17806.91796875
molmoact2_freeze_matched,perf/vram_reserved_mb,136,182.25464272499084,17806.91796875
molmoact2_freeze_matched,perf/vram_reserved_mb,137,183.7603578567505,17806.91796875
molmoact2_freeze_matched,perf/vram_reserved_mb,138,185.35770964622498,17806.91796875
molmoact2_freeze_matched,perf/vram_reserved_mb,140,186.8690071105957,17806.91796875
molmoact2_freeze_matched,perf/vram_reserved_mb,141,188.3772931098938,17806.91796875
molmoact2_freeze_matched,perf/vram_reserved_mb,142,189.8829221725464,17806.91796875
molmoact2_freeze_matched,perf/vram_reserved_mb,144,191.39856839179993,17806.91796875
molmoact2_freeze_matched,perf/vram_reserved_mb,145,192.90851092338562,17806.91796875
molmoact2_freeze_matched,perf/vram_reserved_mb,146,194.46602511405945,17806.91796875
molmoact2_freeze_matched,perf/vram_reserved_mb,147,195.98040461540222,17806.91796875
molmoact2_freeze_matched,perf/vram_reserved_mb,149,197.48596024513245,17806.91796875
molmoact2_freeze_matched,perf/vram_reserved_mb,150,198.99233746528625,17806.91796875
molmoact2_freeze_matched,perf/vram_reserved_mb,151,200.54377031326294,17806.91796875
molmoact2_freeze_matched,perf/vram_reserved_mb,153,202.05758571624756,17806.91796875
molmoact2_freeze_matched,perf/vram_reserved_mb,154,203.56383109092712,17806.91796875
molmoact2_freeze_matched,perf/vram_reserved_mb,155,205.11315035820007,17806.91796875
molmoact2_freeze_matched,perf/vram_reserved_mb,157,206.62931895256042,17806.91796875
molmoact2_freeze_matched,perf/vram_reserved_mb,158,208.13564729690552,17806.91796875
molmoact2_freeze_matched,perf/vram_reserved_mb,159,209.6613428592682,17806.91796875
molmoact2_freeze_matched,perf/vram_reserved_mb,161,211.17486238479614,17806.91796875
molmoact2_freeze_matched,perf/vram_reserved_mb,162,212.68012833595276,17806.91796875
molmoact2_freeze_matched,perf/vram_reserved_mb,163,214.1982729434967,17806.91796875
molmoact2_freeze_matched,perf/vram_reserved_mb,164,215.70439457893372,17806.91796875
molmoact2_freeze_matched,perf/vram_reserved_mb,166,217.20988631248474,17806.91796875
molmoact2_freeze_matched,perf/vram_reserved_mb,167,218.71713185310364,17806.91796875
molmoact2_freeze_matched,perf/vram_reserved_mb,168,220.22381043434143,17806.91796875
molmoact2_freeze_matched,perf/vram_reserved_mb,169,221.7735333442688,17806.91796875
molmoact2_freeze_matched,perf/vram_reserved_mb,171,223.27859616279602,17806.91796875
molmoact2_freeze_matched,perf/vram_reserved_mb,172,224.78471541404724,17806.91796875
molmoact2_freeze_matched,perf/vram_reserved_mb,173,226.31603074073792,17806.91796875
molmoact2_freeze_matched,perf/vram_reserved_mb,175,227.82155966758728,17806.91796875
molmoact2_freeze_matched,perf/vram_reserved_mb,176,229.33424544334412,17806.91796875
molmoact2_freeze_matched,perf/vram_reserved_mb,177,230.84764909744263,17806.91796875
molmoact2_freeze_matched,perf/vram_reserved_mb,178,232.39219331741333,17806.91796875
molmoact2_freeze_matched,perf/vram_reserved_mb,180,233.8972635269165,17806.91796875
molmoact2_freeze_matched,perf/vram_reserved_mb,181,235.41570925712585,17806.91796875
molmoact2_freeze_matched,perf/vram_reserved_mb,182,236.92115783691406,17806.91796875
molmoact2_freeze_matched,perf/vram_reserved_mb,184,238.42882299423218,17806.91796875
molmoact2_freeze_matched,perf/vram_reserved_mb,185,239.95457530021667,17806.91796875
molmoact2_freeze_matched,perf/vram_reserved_mb,187,241.46467900276184,17806.91796875
molmoact2_freeze_matched,perf/vram_reserved_mb,188,242.97047996520996,17806.91796875
molmoact2_freeze_matched,perf/vram_reserved_mb,189,244.6729371547699,17806.91796875
molmoact2_freeze_matched,perf/vram_reserved_mb,190,246.2763867378235,17806.91796875
molmoact2_freeze_matched,perf/vram_reserved_mb,192,247.82547664642334,17806.91796875
molmoact2_freeze_matched,perf/vram_reserved_mb,193,249.33279299736023,17806.91796875
molmoact2_freeze_matched,perf/vram_reserved_mb,194,250.8557732105255,17806.91796875
molmoact2_freeze_matched,perf/vram_reserved_mb,196,252.38408875465393,17806.91796875
molmoact2_freeze_matched,perf/vram_reserved_mb,197,253.89010882377625,17806.91796875
molmoact2_freeze_matched,perf/vram_reserved_mb,198,255.4597465991974,17806.91796875
molmoact2_freeze_matched,perf/vram_reserved_mb,200,256.96544122695923,17806.91796875
molmoact2_freeze_matched,perf/vram_reserved_mb,200,258.470680475235,17806.91796875
molmoact2_freeze_matched,perf/vram_reserved_mb,200,259.9765923023224,17806.91796875
molmoact2_freeze_matched,perf/vram_reserved_mb,200,261.5016918182373,17806.91796875
molmoact2_freeze_matched,perf/vram_reserved_mb,200,263.02501797676086,17806.91796875
molmoact2_freeze_matched,perf/vram_reserved_mb,200,264.58671712875366,17806.91796875
molmoact2_freeze_matched,perf/vram_reserved_mb,200,266.11775374412537,17806.91796875
molmoact2_freeze_matched,perf/vram_reserved_mb,200,267.70868492126465,17806.91796875
molmoact2_freeze_matched,perf/vram_reserved_mb,200,269.2144615650177,17806.91796875
molmoact2_freeze_matched,perf/vram_reserved_mb,200,270.7658247947693,17806.91796875
molmoact2_freeze_matched,perf/vram_reserved_mb,200,272.28732800483704,17806.91796875
molmoact2_freeze_matched,perf/vram_reserved_mb,200,273.8513045310974,17806.91796875
molmoact2_freeze_matched,perf/vram_reserved_mb,200,275.3932762145996,17806.91796875
molmoact2_freeze_matched,perf/vram_reserved_mb,200,276.96211099624634,17806.91796875
molmoact2_freeze_matched,perf/vram_reserved_mb,200,278.46962690353394,17806.91796875
molmoact2_freeze_matched,perf/vram_reserved_mb,200,279.9750452041626,17806.91796875
molmoact2_freeze_matched,perf/vram_reserved_mb,200,281.4816794395447,17806.91796875
molmoact2_freeze_matched,perf/vram_reserved_mb,200,282.98724460601807,17806.91796875
molmoact2_freeze_matched,perf/vram_reserved_mb,200,284.4932885169983,17806.91796875
molmoact2_freeze_matched,perf/vram_reserved_mb,200,285.9983334541321,17806.91796875
molmoact2_freeze_matched,perf/vram_reserved_mb,200,287.5034279823303,17806.91796875
molmoact2_freeze_matched,perf/vram_reserved_mb,200,289.00991654396057,17806.91796875
molmoact2_freeze_matched,perf/vram_reserved_mb,200,290.52079916000366,17806.91796875
molmoact2_freeze_matched,perf/vram_reserved_mb,200,292.026579618454,17806.91796875
molmoact2_freeze_matched,perf/vram_reserved_mb,200,294.20109963417053,17806.91796875
molmoact2_freeze_matched,perf/vram_reserved_mb,200,295.93248772621155,17806.91796875
molmoact2_freeze_matched,perf/vram_reserved_mb,200,297.68245005607605,17806.91796875
molmoact2_freeze_matched,perf/vram_reserved_mb,200,299.2434113025665,17806.91796875
molmoact2_freeze_matched,perf/vram_reserved_mb,200,300.8962936401367,17806.91796875
molmoact2_freeze_matched,perf/vram_reserved_mb,200,302.53988552093506,17806.91796875
molmoact2_freeze_matched,perf/vram_reserved_mb,200,304.3269064426422,17806.91796875
molmoact2_freeze_matched,perf/vram_reserved_mb,200,305.9166615009308,17806.91796875
molmoact2_freeze_matched,perf/vram_reserved_mb,200,307.55878233909607,17806.91796875
molmoact2_freeze_matched,perf/vram_reserved_mb,200,309.19613790512085,17806.91796875
molmoact2_freeze_matched,perf/vram_reserved_mb,200,310.7200860977173,17806.91796875
molmoact2_freeze_matched,perf/vram_reserved_mb,200,312.37317156791687,17806.91796875
molmoact2_freeze_matched,perf/vram_reserved_mb,200,313.9549751281738,17806.91796875
molmoact2_freeze_matched,perf/vram_reserved_mb,200,315.7077021598816,17806.91796875
molmoact2_freeze_matched,perf/vram_reserved_mb,200,317.2657296657562,17806.91796875
molmoact2_freeze_matched,perf/vram_reserved_mb,200,318.80626487731934,17806.91796875
molmoact2_freeze_matched,perf/vram_reserved_mb,200,320.34131145477295,17806.91796875
molmoact2_freeze_matched,perf/vram_reserved_mb,200,321.87993001937866,17806.91796875
molmoact2_freeze_matched,perf/vram_reserved_mb,200,324.65775775909424,17806.91796875
molmoact2_freeze_matched,perf/vram_reserved_mb,200,326.1887607574463,17806.91796875
molmoact2_freeze_matched,perf/vram_reserved_mb,200,327.7548780441284,17806.91796875
molmoact2_freeze_matched,perf/vram_reserved_mb,200,329.3353204727173,17806.91796875
molmoact2_freeze_matched,perf/vram_reserved_mb,200,330.8900761604309,17806.91796875
molmoact2_freeze_matched,perf/vram_reserved_mb,200,332.4457516670227,17806.91796875
molmoact2_freeze_matched,perf/vram_reserved_mb,200,333.9530053138733,17806.91796875
molmoact2_freeze_matched,perf/vram_reserved_mb,200,335.4597923755646,17806.91796875
molmoact2_freeze_matched,perf/vram_reserved_mb,200,336.96678352355957,17806.91796875
molmoact2_freeze_matched,perf/vram_reserved_mb,200,338.47336196899414,17806.91796875
molmoact2_freeze_matched,perf/vram_peak_mb,0,0.21248841285705566,11017.9501953125
molmoact2_freeze_matched,perf/vram_peak_mb,0,1.7200300693511963,11017.9501953125
molmoact2_freeze_matched,perf/vram_peak_mb,0,3.226045846939087,11017.9501953125
molmoact2_freeze_matched,perf/vram_peak_mb,0,4.734727621078491,11017.9501953125
molmoact2_freeze_matched,perf/vram_peak_mb,0,6.24085807800293,11017.9501953125
molmoact2_freeze_matched,perf/vram_peak_mb,0,7.747168064117432,11017.9501953125
molmoact2_freeze_matched,perf/vram_peak_mb,0,9.253998756408691,11017.9501953125
molmoact2_freeze_matched,perf/vram_peak_mb,0,10.760362148284912,11017.9501953125
molmoact2_freeze_matched,perf/vram_peak_mb,0,12.26629638671875,11017.9501953125
molmoact2_freeze_matched,perf/vram_peak_mb,0,13.772937297821045,11017.9501953125
molmoact2_freeze_matched,perf/vram_peak_mb,0,15.282124996185303,11017.9501953125
molmoact2_freeze_matched,perf/vram_peak_mb,0,16.78774118423462,11017.9501953125
molmoact2_freeze_matched,perf/vram_peak_mb,0,18.295262336730957,11086.3037109375
molmoact2_freeze_matched,perf/vram_peak_mb,0,19.83632731437683,11147.767578125
molmoact2_freeze_matched,perf/vram_peak_mb,0,21.393396854400635,11989.509765625
molmoact2_freeze_matched,perf/vram_peak_mb,0,22.902470111846924,13412.216796875
molmoact2_freeze_matched,perf/vram_peak_mb,1,24.499395608901978,16071.9384765625
molmoact2_freeze_matched,perf/vram_peak_mb,2,26.008644819259644,16090.3291015625
molmoact2_freeze_matched,perf/vram_peak_mb,3,27.571017026901245,16099.1240234375
molmoact2_freeze_matched,perf/vram_peak_mb,5,29.080870866775513,16099.1240234375
molmoact2_freeze_matched,perf/vram_peak_mb,6,30.586464643478394,16099.1240234375
molmoact2_freeze_matched,perf/vram_peak_mb,7,32.09276247024536,16099.1240234375
molmoact2_freeze_matched,perf/vram_peak_mb,8,33.64010787010193,16099.1240234375
molmoact2_freeze_matched,perf/vram_peak_mb,10,35.200697898864746,16099.1240234375
molmoact2_freeze_matched,perf/vram_peak_mb,11,36.70657157897949,16099.1240234375
molmoact2_freeze_matched,perf/vram_peak_mb,12,38.28327131271362,16099.1240234375
molmoact2_freeze_matched,perf/vram_peak_mb,14,39.80103087425232,16099.1240234375
molmoact2_freeze_matched,perf/vram_peak_mb,15,41.30742621421814,16099.1240234375
molmoact2_freeze_matched,perf/vram_peak_mb,16,42.85889005661011,16099.1240234375
molmoact2_freeze_matched,perf/vram_peak_mb,18,44.36436176300049,16099.1298828125
molmoact2_freeze_matched,perf/vram_peak_mb,19,45.8709442615509,16099.1298828125
molmoact2_freeze_matched,perf/vram_peak_mb,20,47.458200216293335,16099.6298828125
molmoact2_freeze_matched,perf/vram_peak_mb,22,48.96612501144409,16111.3037109375
molmoact2_freeze_matched,perf/vram_peak_mb,23,50.47255301475525,16111.3037109375
molmoact2_freeze_matched,perf/vram_peak_mb,24,51.98032784461975,16111.3037109375
molmoact2_freeze_matched,perf/vram_peak_mb,25,53.54579472541809,16111.3037109375
molmoact2_freeze_matched,perf/vram_peak_mb,27,55.051957845687866,16111.3037109375
molmoact2_freeze_matched,perf/vram_peak_mb,28,56.56309747695923,16111.3037109375
molmoact2_freeze_matched,perf/vram_peak_mb,30,58.07144021987915,16111.3037109375
molmoact2_freeze_matched,perf/vram_peak_mb,31,59.57777523994446,16111.3037109375
molmoact2_freeze_matched,perf/vram_peak_mb,32,61.089069843292236,16111.3037109375
molmoact2_freeze_matched,perf/vram_peak_mb,33,62.61982989311218,16111.3037109375
molmoact2_freeze_matched,perf/vram_peak_mb,35,64.1281509399414,16111.3037109375
molmoact2_freeze_matched,perf/vram_peak_mb,36,65.63429927825928,16111.3037109375
molmoact2_freeze_matched,perf/vram_peak_mb,37,67.2038586139679,16111.3037109375
molmoact2_freeze_matched,perf/vram_peak_mb,39,68.71107053756714,16111.3037109375
molmoact2_freeze_matched,perf/vram_peak_mb,40,70.21817016601562,16111.3037109375
molmoact2_freeze_matched,perf/vram_peak_mb,41,71.81677103042603,16111.3037109375
molmoact2_freeze_matched,perf/vram_peak_mb,43,73.37623310089111,16111.3037109375
molmoact2_freeze_matched,perf/vram_peak_mb,44,75.10399913787842,16111.3037109375
molmoact2_freeze_matched,perf/vram_peak_mb,45,76.7055459022522,16111.3037109375
molmoact2_freeze_matched,perf/vram_peak_mb,47,78.21649599075317,16111.3037109375
molmoact2_freeze_matched,perf/vram_peak_mb,48,79.72285628318787,16111.3037109375
molmoact2_freeze_matched,perf/vram_peak_mb,49,81.2584285736084,16111.3037109375
molmoact2_freeze_matched,perf/vram_peak_mb,51,82.76414060592651,16112.8994140625
molmoact2_freeze_matched,perf/vram_peak_mb,52,84.2840039730072,16112.8994140625
molmoact2_freeze_matched,perf/vram_peak_mb,54,85.79182648658752,16112.8994140625
molmoact2_freeze_matched,perf/vram_peak_mb,55,87.29803347587585,16112.8994140625
molmoact2_freeze_matched,perf/vram_peak_mb,56,88.80590391159058,16112.8994140625
molmoact2_freeze_matched,perf/vram_peak_mb,57,90.40022420883179,16112.8994140625
molmoact2_freeze_matched,perf/vram_peak_mb,59,91.96847319602966,16112.8994140625
molmoact2_freeze_matched,perf/vram_peak_mb,60,93.47610020637512,16112.8994140625
molmoact2_freeze_matched,perf/vram_peak_mb,61,95.05169701576233,16112.8994140625
molmoact2_freeze_matched,perf/vram_peak_mb,63,96.55963683128357,16112.8994140625
molmoact2_freeze_matched,perf/vram_peak_mb,64,98.06732940673828,16112.8994140625
molmoact2_freeze_matched,perf/vram_peak_mb,65,99.57473111152649,16112.8994140625
molmoact2_freeze_matched,perf/vram_peak_mb,66,101.18627834320068,16112.8994140625
molmoact2_freeze_matched,perf/vram_peak_mb,68,102.75698733329773,16112.8994140625
molmoact2_freeze_matched,perf/vram_peak_mb,69,104.26265788078308,16112.8994140625
molmoact2_freeze_matched,perf/vram_peak_mb,70,105.83284521102905,16112.8994140625
molmoact2_freeze_matched,perf/vram_peak_mb,72,107.33877754211426,16112.8994140625
molmoact2_freeze_matched,perf/vram_peak_mb,73,108.85742473602295,16112.8994140625
molmoact2_freeze_matched,perf/vram_peak_mb,74,110.38248777389526,16112.8994140625
molmoact2_freeze_matched,perf/vram_peak_mb,76,111.88940477371216,16112.8994140625
molmoact2_freeze_matched,perf/vram_peak_mb,77,113.39651870727539,16112.8994140625
molmoact2_freeze_matched,perf/vram_peak_mb,78,114.95455622673035,16112.8994140625
molmoact2_freeze_matched,perf/vram_peak_mb,80,116.46336770057678,16112.8994140625
molmoact2_freeze_matched,perf/vram_peak_mb,81,117.96904110908508,16112.8994140625
molmoact2_freeze_matched,perf/vram_peak_mb,82,119.51179504394531,16112.8994140625
molmoact2_freeze_matched,perf/vram_peak_mb,84,121.0202317237854,16112.8994140625
molmoact2_freeze_matched,perf/vram_peak_mb,85,122.52584505081177,16112.8994140625
molmoact2_freeze_matched,perf/vram_peak_mb,86,124.09703850746155,16112.8994140625
molmoact2_freeze_matched,perf/vram_peak_mb,87,125.66006469726562,16112.8994140625
molmoact2_freeze_matched,perf/vram_peak_mb,89,127.16699934005737,16112.8994140625
molmoact2_freeze_matched,perf/vram_peak_mb,90,128.67387413978577,16112.8994140625
molmoact2_freeze_matched,perf/vram_peak_mb,91,130.26858353614807,16112.8994140625
molmoact2_freeze_matched,perf/vram_peak_mb,93,131.77505469322205,16112.8994140625
molmoact2_freeze_matched,perf/vram_peak_mb,94,133.28598427772522,16112.8994140625
molmoact2_freeze_matched,perf/vram_peak_mb,95,134.8598928451538,16112.8994140625
molmoact2_freeze_matched,perf/vram_peak_mb,96,136.4468183517456,16112.8994140625
molmoact2_freeze_matched,perf/vram_peak_mb,98,138.0260055065155,16112.8994140625
molmoact2_freeze_matched,perf/vram_peak_mb,99,139.53551125526428,16112.8994140625
molmoact2_freeze_matched,perf/vram_peak_mb,100,141.11231327056885,16112.8994140625
molmoact2_freeze_matched,perf/vram_peak_mb,102,142.6177008152008,16112.8994140625
molmoact2_freeze_matched,perf/vram_peak_mb,103,144.1277208328247,16112.8994140625
molmoact2_freeze_matched,perf/vram_peak_mb,104,145.6969530582428,16112.8994140625
molmoact2_freeze_matched,perf/vram_peak_mb,106,147.2032961845398,16112.8994140625
molmoact2_freeze_matched,perf/vram_peak_mb,107,148.71004366874695,16112.8994140625
molmoact2_freeze_matched,perf/vram_peak_mb,108,150.25438904762268,16112.8994140625
molmoact2_freeze_matched,perf/vram_peak_mb,110,151.76186871528625,16112.8994140625
molmoact2_freeze_matched,perf/vram_peak_mb,111,153.267422914505,16112.8994140625
molmoact2_freeze_matched,perf/vram_peak_mb,112,154.80167818069458,16112.8994140625
molmoact2_freeze_matched,perf/vram_peak_mb,114,156.31405186653137,16112.8994140625
molmoact2_freeze_matched,perf/vram_peak_mb,115,157.82033395767212,16112.8994140625
molmoact2_freeze_matched,perf/vram_peak_mb,116,159.35054683685303,16112.8994140625
molmoact2_freeze_matched,perf/vram_peak_mb,117,160.90620255470276,16112.8994140625
molmoact2_freeze_matched,perf/vram_peak_mb,119,162.41309547424316,16112.8994140625
molmoact2_freeze_matched,perf/vram_peak_mb,120,163.91949319839478,16112.8994140625
molmoact2_freeze_matched,perf/vram_peak_mb,121,165.54200100898743,16112.8994140625
molmoact2_freeze_matched,perf/vram_peak_mb,123,167.04807329177856,16112.8994140625
molmoact2_freeze_matched,perf/vram_peak_mb,124,168.56143879890442,16112.8994140625
molmoact2_freeze_matched,perf/vram_peak_mb,125,170.0668396949768,16112.8994140625
molmoact2_freeze_matched,perf/vram_peak_mb,127,171.57240629196167,16112.8994140625
molmoact2_freeze_matched,perf/vram_peak_mb,128,173.08348202705383,16112.8994140625
molmoact2_freeze_matched,perf/vram_peak_mb,129,174.67190170288086,16112.8994140625
molmoact2_freeze_matched,perf/vram_peak_mb,131,176.17797207832336,16112.8994140625
molmoact2_freeze_matched,perf/vram_peak_mb,132,177.68383359909058,16112.8994140625
molmoact2_freeze_matched,perf/vram_peak_mb,133,179.24288725852966,16112.8994140625
molmoact2_freeze_matched,perf/vram_peak_mb,135,180.7491009235382,16112.8994140625
molmoact2_freeze_matched,perf/vram_peak_mb,136,182.25465178489685,16112.8994140625
molmoact2_freeze_matched,perf/vram_peak_mb,137,183.76036643981934,16112.8994140625
molmoact2_freeze_matched,perf/vram_peak_mb,138,185.3577184677124,16112.8994140625
molmoact2_freeze_matched,perf/vram_peak_mb,140,186.86901664733887,16112.8994140625
molmoact2_freeze_matched,perf/vram_peak_mb,141,188.37731432914734,16112.8994140625
molmoact2_freeze_matched,perf/vram_peak_mb,142,189.88293313980103,16112.8994140625
molmoact2_freeze_matched,perf/vram_peak_mb,144,191.39857602119446,16112.8994140625
molmoact2_freeze_matched,perf/vram_peak_mb,145,192.9085328578949,16112.8994140625
molmoact2_freeze_matched,perf/vram_peak_mb,146,194.4660336971283,16112.8994140625
molmoact2_freeze_matched,perf/vram_peak_mb,147,195.98041343688965,16112.8994140625
molmoact2_freeze_matched,perf/vram_peak_mb,149,197.48596835136414,16112.8994140625
molmoact2_freeze_matched,perf/vram_peak_mb,150,198.99235224723816,16112.8994140625
molmoact2_freeze_matched,perf/vram_peak_mb,151,200.54377913475037,16112.8994140625
molmoact2_freeze_matched,perf/vram_peak_mb,153,202.05759406089783,16112.8994140625
molmoact2_freeze_matched,perf/vram_peak_mb,154,203.56383967399597,16112.8994140625
molmoact2_freeze_matched,perf/vram_peak_mb,155,205.11315846443176,16112.8994140625
molmoact2_freeze_matched,perf/vram_peak_mb,157,206.62932801246643,16112.8994140625
molmoact2_freeze_matched,perf/vram_peak_mb,158,208.1356556415558,16112.8994140625
molmoact2_freeze_matched,perf/vram_peak_mb,159,209.66135168075562,16112.8994140625
molmoact2_freeze_matched,perf/vram_peak_mb,161,211.17487144470215,16112.8994140625
molmoact2_freeze_matched,perf/vram_peak_mb,162,212.68013739585876,16112.8994140625
molmoact2_freeze_matched,perf/vram_peak_mb,163,214.19828152656555,16112.8994140625
molmoact2_freeze_matched,perf/vram_peak_mb,164,215.7044038772583,16112.8994140625
molmoact2_freeze_matched,perf/vram_peak_mb,166,217.20989513397217,16112.8994140625
molmoact2_freeze_matched,perf/vram_peak_mb,167,218.71714115142822,16112.8994140625
molmoact2_freeze_matched,perf/vram_peak_mb,168,220.22381925582886,16112.8994140625
molmoact2_freeze_matched,perf/vram_peak_mb,169,221.77354168891907,16112.8994140625
molmoact2_freeze_matched,perf/vram_peak_mb,171,223.27860474586487,16112.8994140625
molmoact2_freeze_matched,perf/vram_peak_mb,172,224.78472352027893,16112.8994140625
molmoact2_freeze_matched,perf/vram_peak_mb,173,226.31603956222534,16112.8994140625
molmoact2_freeze_matched,perf/vram_peak_mb,175,227.82156896591187,16112.8994140625
molmoact2_freeze_matched,perf/vram_peak_mb,176,229.33425450325012,16112.8994140625
molmoact2_freeze_matched,perf/vram_peak_mb,177,230.84765815734863,16112.8994140625
molmoact2_freeze_matched,perf/vram_peak_mb,178,232.39220237731934,16112.8994140625
molmoact2_freeze_matched,perf/vram_peak_mb,180,233.8972716331482,16112.8994140625
molmoact2_freeze_matched,perf/vram_peak_mb,181,235.41572165489197,16112.8994140625
molmoact2_freeze_matched,perf/vram_peak_mb,182,236.92116618156433,16112.8994140625
molmoact2_freeze_matched,perf/vram_peak_mb,184,238.42883205413818,16112.8994140625
molmoact2_freeze_matched,perf/vram_peak_mb,185,239.95458388328552,16112.8994140625
molmoact2_freeze_matched,perf/vram_peak_mb,187,241.46468806266785,16112.8994140625
molmoact2_freeze_matched,perf/vram_peak_mb,188,242.9704887866974,16112.8994140625
molmoact2_freeze_matched,perf/vram_peak_mb,189,244.67294669151306,16112.8994140625
molmoact2_freeze_matched,perf/vram_peak_mb,190,246.27639532089233,16112.8994140625
molmoact2_freeze_matched,perf/vram_peak_mb,192,247.82548546791077,16112.8994140625
molmoact2_freeze_matched,perf/vram_peak_mb,193,249.33280277252197,16112.8994140625
molmoact2_freeze_matched,perf/vram_peak_mb,194,250.85578179359436,16112.8994140625
molmoact2_freeze_matched,perf/vram_peak_mb,196,252.38409852981567,16112.8994140625
molmoact2_freeze_matched,perf/vram_peak_mb,197,253.89011764526367,16112.8994140625
molmoact2_freeze_matched,perf/vram_peak_mb,198,255.45975589752197,16112.8994140625
molmoact2_freeze_matched,perf/vram_peak_mb,200,256.9654495716095,16112.8994140625
molmoact2_freeze_matched,perf/vram_peak_mb,200,258.470689535141,16112.8994140625
molmoact2_freeze_matched,perf/vram_peak_mb,200,259.9766001701355,16112.8994140625
molmoact2_freeze_matched,perf/vram_peak_mb,200,261.5017011165619,16112.8994140625
molmoact2_freeze_matched,perf/vram_peak_mb,200,263.02502965927124,16112.8994140625
molmoact2_freeze_matched,perf/vram_peak_mb,200,264.58672881126404,16112.8994140625
molmoact2_freeze_matched,perf/vram_peak_mb,200,266.11776304244995,16112.8994140625
molmoact2_freeze_matched,perf/vram_peak_mb,200,267.7086935043335,16112.8994140625
molmoact2_freeze_matched,perf/vram_peak_mb,200,269.2144732475281,16112.8994140625
molmoact2_freeze_matched,perf/vram_peak_mb,200,270.7658336162567,16112.8994140625
molmoact2_freeze_matched,perf/vram_peak_mb,200,272.28733706474304,16112.8994140625
molmoact2_freeze_matched,perf/vram_peak_mb,200,273.85131335258484,16112.8994140625
molmoact2_freeze_matched,perf/vram_peak_mb,200,275.3932852745056,16112.8994140625
molmoact2_freeze_matched,perf/vram_peak_mb,200,276.9621205329895,16112.8994140625
molmoact2_freeze_matched,perf/vram_peak_mb,200,278.46963691711426,16112.8994140625
molmoact2_freeze_matched,perf/vram_peak_mb,200,279.97505402565,16112.8994140625
molmoact2_freeze_matched,perf/vram_peak_mb,200,281.4816882610321,16112.8994140625
molmoact2_freeze_matched,perf/vram_peak_mb,200,282.9872534275055,16112.8994140625
molmoact2_freeze_matched,perf/vram_peak_mb,200,284.49329805374146,16112.8994140625
molmoact2_freeze_matched,perf/vram_peak_mb,200,285.9983422756195,16112.8994140625
molmoact2_freeze_matched,perf/vram_peak_mb,200,287.5034375190735,16112.8994140625
molmoact2_freeze_matched,perf/vram_peak_mb,200,289.00993180274963,16112.8994140625
molmoact2_freeze_matched,perf/vram_peak_mb,200,290.52080750465393,16112.8994140625
molmoact2_freeze_matched,perf/vram_peak_mb,200,292.0265882015228,16112.8994140625
molmoact2_freeze_matched,perf/vram_peak_mb,200,294.2011089324951,16112.8994140625
molmoact2_freeze_matched,perf/vram_peak_mb,200,295.93249583244324,16112.8994140625
molmoact2_freeze_matched,perf/vram_peak_mb,200,297.68246269226074,16112.8994140625
molmoact2_freeze_matched,perf/vram_peak_mb,200,299.2434194087982,16112.8994140625
molmoact2_freeze_matched,perf/vram_peak_mb,200,300.89630222320557,16112.8994140625
molmoact2_freeze_matched,perf/vram_peak_mb,200,302.53989362716675,16112.8994140625
molmoact2_freeze_matched,perf/vram_peak_mb,200,304.32692766189575,16112.8994140625
molmoact2_freeze_matched,perf/vram_peak_mb,200,305.9166703224182,16112.8994140625
molmoact2_freeze_matched,perf/vram_peak_mb,200,307.55879044532776,16112.8994140625
molmoact2_freeze_matched,perf/vram_peak_mb,200,309.1961462497711,16112.8994140625
molmoact2_freeze_matched,perf/vram_peak_mb,200,310.72009468078613,16112.8994140625
molmoact2_freeze_matched,perf/vram_peak_mb,200,312.3731803894043,16112.8994140625
molmoact2_freeze_matched,perf/vram_peak_mb,200,313.95498394966125,16112.8994140625
molmoact2_freeze_matched,perf/vram_peak_mb,200,315.707722902298,16112.8994140625
molmoact2_freeze_matched,perf/vram_peak_mb,200,317.26573848724365,16112.8994140625
molmoact2_freeze_matched,perf/vram_peak_mb,200,318.8062732219696,16112.8994140625
molmoact2_freeze_matched,perf/vram_peak_mb,200,320.3413197994232,16112.8994140625
molmoact2_freeze_matched,perf/vram_peak_mb,200,321.8799388408661,16112.8994140625
molmoact2_freeze_matched,perf/vram_peak_mb,200,324.65776681900024,16112.8994140625
molmoact2_freeze_matched,perf/vram_peak_mb,200,326.18876910209656,16112.8994140625
molmoact2_freeze_matched,perf/vram_peak_mb,200,327.75488686561584,16112.8994140625
molmoact2_freeze_matched,perf/vram_peak_mb,200,329.3353292942047,16112.8994140625
molmoact2_freeze_matched,perf/vram_peak_mb,200,330.89008498191833,16112.8994140625
molmoact2_freeze_matched,perf/vram_peak_mb,200,332.4457609653473,16112.8994140625
molmoact2_freeze_matched,perf/vram_peak_mb,200,333.95301389694214,16112.8994140625
molmoact2_freeze_matched,perf/vram_peak_mb,200,335.4598009586334,16112.8994140625
molmoact2_freeze_matched,perf/vram_peak_mb,200,336.9667925834656,16112.8994140625
molmoact2_freeze_matched,perf/vram_peak_mb,200,338.47337102890015,16112.8994140625
molmoact2_freeze_matched,perf/gpu_util_pct,0,0.21249985694885254,1.0
molmoact2_freeze_matched,perf/gpu_util_pct,0,1.7200360298156738,0.0
molmoact2_freeze_matched,perf/gpu_util_pct,0,3.2260518074035645,0.0
molmoact2_freeze_matched,perf/gpu_util_pct,0,4.73473334312439,0.0
molmoact2_freeze_matched,perf/gpu_util_pct,0,6.24086332321167,0.0
molmoact2_freeze_matched,perf/gpu_util_pct,0,7.747174263000488,0.0
molmoact2_freeze_matched,perf/gpu_util_pct,0,9.254004955291748,0.0
molmoact2_freeze_matched,perf/gpu_util_pct,0,10.760367393493652,0.0
molmoact2_freeze_matched,perf/gpu_util_pct,0,12.266302347183228,0.0
molmoact2_freeze_matched,perf/gpu_util_pct,0,13.772944450378418,0.0
molmoact2_freeze_matched,perf/gpu_util_pct,0,15.282130718231201,0.0
molmoact2_freeze_matched,perf/gpu_util_pct,0,16.787747859954834,0.0
molmoact2_freeze_matched,perf/gpu_util_pct,0,18.29527235031128,0.0
molmoact2_freeze_matched,perf/gpu_util_pct,0,19.83633327484131,0.0
molmoact2_freeze_matched,perf/gpu_util_pct,0,21.39340329170227,0.0
molmoact2_freeze_matched,perf/gpu_util_pct,0,22.902484893798828,5.0
molmoact2_freeze_matched,perf/gpu_util_pct,1,24.49940252304077,0.0
molmoact2_freeze_matched,perf/gpu_util_pct,2,26.008655071258545,39.0
molmoact2_freeze_matched,perf/gpu_util_pct,3,27.57102346420288,100.0
molmoact2_freeze_matched,perf/gpu_util_pct,5,29.08087706565857,39.0
molmoact2_freeze_matched,perf/gpu_util_pct,6,30.58647108078003,0.0
molmoact2_freeze_matched,perf/gpu_util_pct,7,32.092769384384155,93.0
molmoact2_freeze_matched,perf/gpu_util_pct,8,33.640114307403564,100.0
molmoact2_freeze_matched,perf/gpu_util_pct,10,35.2007040977478,1.0
molmoact2_freeze_matched,perf/gpu_util_pct,11,36.70657777786255,90.0
molmoact2_freeze_matched,perf/gpu_util_pct,12,38.28327775001526,100.0
molmoact2_freeze_matched,perf/gpu_util_pct,14,39.8010368347168,100.0
molmoact2_freeze_matched,perf/gpu_util_pct,15,41.307432651519775,1.0
molmoact2_freeze_matched,perf/gpu_util_pct,16,42.858896255493164,100.0
molmoact2_freeze_matched,perf/gpu_util_pct,18,44.364368200302124,100.0
molmoact2_freeze_matched,perf/gpu_util_pct,19,45.87095046043396,92.0
molmoact2_freeze_matched,perf/gpu_util_pct,20,47.45820617675781,100.0
molmoact2_freeze_matched,perf/gpu_util_pct,22,48.96613144874573,79.0
molmoact2_freeze_matched,perf/gpu_util_pct,23,50.472559452056885,89.0
molmoact2_freeze_matched,perf/gpu_util_pct,24,51.98033428192139,85.0
molmoact2_freeze_matched,perf/gpu_util_pct,25,53.54580092430115,100.0
molmoact2_freeze_matched,perf/gpu_util_pct,27,55.0519642829895,2.0
molmoact2_freeze_matched,perf/gpu_util_pct,28,56.563103675842285,100.0
molmoact2_freeze_matched,perf/gpu_util_pct,30,58.07144641876221,100.0
molmoact2_freeze_matched,perf/gpu_util_pct,31,59.577781438827515,0.0
molmoact2_freeze_matched,perf/gpu_util_pct,32,61.089075565338135,100.0
molmoact2_freeze_matched,perf/gpu_util_pct,33,62.6198365688324,100.0
molmoact2_freeze_matched,perf/gpu_util_pct,35,64.12815737724304,100.0
molmoact2_freeze_matched,perf/gpu_util_pct,36,65.63430571556091,0.0
molmoact2_freeze_matched,perf/gpu_util_pct,37,67.20386505126953,87.0
molmoact2_freeze_matched,perf/gpu_util_pct,39,68.71107792854309,45.0
molmoact2_freeze_matched,perf/gpu_util_pct,40,70.21817660331726,20.0
molmoact2_freeze_matched,perf/gpu_util_pct,41,71.8167769908905,100.0
molmoact2_freeze_matched,perf/gpu_util_pct,43,73.37623953819275,0.0
molmoact2_freeze_matched,perf/gpu_util_pct,44,75.10400533676147,0.0
molmoact2_freeze_matched,perf/gpu_util_pct,45,76.70555138587952,100.0
molmoact2_freeze_matched,perf/gpu_util_pct,47,78.21650195121765,0.0
molmoact2_freeze_matched,perf/gpu_util_pct,48,79.7228627204895,100.0
molmoact2_freeze_matched,perf/gpu_util_pct,49,81.25843477249146,100.0
molmoact2_freeze_matched,perf/gpu_util_pct,51,82.76414656639099,0.0
molmoact2_freeze_matched,perf/gpu_util_pct,52,84.28401041030884,91.0
molmoact2_freeze_matched,perf/gpu_util_pct,54,85.791832447052,100.0
molmoact2_freeze_matched,perf/gpu_util_pct,55,87.29803943634033,1.0
molmoact2_freeze_matched,perf/gpu_util_pct,56,88.80592036247253,11.0
molmoact2_freeze_matched,perf/gpu_util_pct,57,90.400230884552,100.0
molmoact2_freeze_matched,perf/gpu_util_pct,59,91.96847915649414,0.0
molmoact2_freeze_matched,perf/gpu_util_pct,60,93.47610712051392,70.0
molmoact2_freeze_matched,perf/gpu_util_pct,61,95.05170321464539,100.0
molmoact2_freeze_matched,perf/gpu_util_pct,63,96.55964303016663,0.0
molmoact2_freeze_matched,perf/gpu_util_pct,64,98.06733465194702,90.0
molmoact2_freeze_matched,perf/gpu_util_pct,65,99.5747377872467,0.0
molmoact2_freeze_matched,perf/gpu_util_pct,66,101.18628430366516,100.0
molmoact2_freeze_matched,perf/gpu_util_pct,68,102.75699353218079,0.0
molmoact2_freeze_matched,perf/gpu_util_pct,69,104.2626645565033,67.0
molmoact2_freeze_matched,perf/gpu_util_pct,70,105.83285188674927,100.0
molmoact2_freeze_matched,perf/gpu_util_pct,72,107.33878374099731,0.0
molmoact2_freeze_matched,perf/gpu_util_pct,73,108.85743069648743,89.0
molmoact2_freeze_matched,perf/gpu_util_pct,74,110.38249325752258,100.0
molmoact2_freeze_matched,perf/gpu_util_pct,76,111.8894112110138,100.0
molmoact2_freeze_matched,perf/gpu_util_pct,77,113.39652490615845,27.0
molmoact2_freeze_matched,perf/gpu_util_pct,78,114.95456314086914,100.0
molmoact2_freeze_matched,perf/gpu_util_pct,80,116.463374376297,100.0
molmoact2_freeze_matched,perf/gpu_util_pct,81,117.96904730796814,55.0
molmoact2_freeze_matched,perf/gpu_util_pct,82,119.5118019580841,100.0
molmoact2_freeze_matched,perf/gpu_util_pct,84,121.0202374458313,100.0
molmoact2_freeze_matched,perf/gpu_util_pct,85,122.52585101127625,21.0
molmoact2_freeze_matched,perf/gpu_util_pct,86,124.09704494476318,3.0
molmoact2_freeze_matched,perf/gpu_util_pct,87,125.66007161140442,100.0
molmoact2_freeze_matched,perf/gpu_util_pct,89,127.16700506210327,10.0
molmoact2_freeze_matched,perf/gpu_util_pct,90,128.67388033866882,33.0
molmoact2_freeze_matched,perf/gpu_util_pct,91,130.26859045028687,100.0
molmoact2_freeze_matched,perf/gpu_util_pct,93,131.77506113052368,3.0
molmoact2_freeze_matched,perf/gpu_util_pct,94,133.28599381446838,1.0
molmoact2_freeze_matched,perf/gpu_util_pct,95,134.8598988056183,100.0
molmoact2_freeze_matched,perf/gpu_util_pct,96,136.44682455062866,100.0
molmoact2_freeze_matched,perf/gpu_util_pct,98,138.02601194381714,0.0
molmoact2_freeze_matched,perf/gpu_util_pct,99,139.53551769256592,89.0
molmoact2_freeze_matched,perf/gpu_util_pct,100,141.11231994628906,100.0
molmoact2_freeze_matched,perf/gpu_util_pct,102,142.6177065372467,0.0
molmoact2_freeze_matched,perf/gpu_util_pct,103,144.12772750854492,81.0
molmoact2_freeze_matched,perf/gpu_util_pct,104,145.6969599723816,100.0
molmoact2_freeze_matched,perf/gpu_util_pct,106,147.20330262184143,0.0
molmoact2_freeze_matched,perf/gpu_util_pct,107,148.71004986763,1.0
molmoact2_freeze_matched,perf/gpu_util_pct,108,150.25439620018005,86.0
molmoact2_freeze_matched,perf/gpu_util_pct,110,151.7618749141693,85.0
molmoact2_freeze_matched,perf/gpu_util_pct,111,153.26742887496948,0.0
molmoact2_freeze_matched,perf/gpu_util_pct,112,154.80168414115906,85.0
molmoact2_freeze_matched,perf/gpu_util_pct,114,156.314058303833,100.0
molmoact2_freeze_matched,perf/gpu_util_pct,115,157.82034015655518,1.0
molmoact2_freeze_matched,perf/gpu_util_pct,116,159.3505527973175,90.0
molmoact2_freeze_matched,perf/gpu_util_pct,117,160.90620923042297,87.0
molmoact2_freeze_matched,perf/gpu_util_pct,119,162.4131019115448,59.0
molmoact2_freeze_matched,perf/gpu_util_pct,120,163.9194996356964,13.0
molmoact2_freeze_matched,perf/gpu_util_pct,121,165.54200720787048,100.0
molmoact2_freeze_matched,perf/gpu_util_pct,123,167.04807996749878,0.0
molmoact2_freeze_matched,perf/gpu_util_pct,124,168.56144499778748,87.0
molmoact2_freeze_matched,perf/gpu_util_pct,125,170.06684613227844,100.0
molmoact2_freeze_matched,perf/gpu_util_pct,127,171.57241249084473,1.0
molmoact2_freeze_matched,perf/gpu_util_pct,128,173.0834882259369,1.0
molmoact2_freeze_matched,perf/gpu_util_pct,129,174.67190742492676,100.0
molmoact2_freeze_matched,perf/gpu_util_pct,131,176.17797827720642,5.0
molmoact2_freeze_matched,perf/gpu_util_pct,132,177.68383955955505,14.0
molmoact2_freeze_matched,perf/gpu_util_pct,133,179.24289321899414,100.0
molmoact2_freeze_matched,perf/gpu_util_pct,135,180.74910807609558,1.0
molmoact2_freeze_matched,perf/gpu_util_pct,136,182.2546582221985,71.0
molmoact2_freeze_matched,perf/gpu_util_pct,137,183.76037287712097,93.0
molmoact2_freeze_matched,perf/gpu_util_pct,138,185.3577241897583,100.0
molmoact2_freeze_matched,perf/gpu_util_pct,140,186.86902332305908,0.0
molmoact2_freeze_matched,perf/gpu_util_pct,141,188.3773214817047,84.0
molmoact2_freeze_matched,perf/gpu_util_pct,142,189.88293957710266,100.0
molmoact2_freeze_matched,perf/gpu_util_pct,144,191.39858150482178,0.0
molmoact2_freeze_matched,perf/gpu_util_pct,145,192.9085397720337,86.0
molmoact2_freeze_matched,perf/gpu_util_pct,146,194.46603965759277,100.0
molmoact2_freeze_matched,perf/gpu_util_pct,147,195.98041939735413,100.0
molmoact2_freeze_matched,perf/gpu_util_pct,149,197.48597359657288,1.0
molmoact2_freeze_matched,perf/gpu_util_pct,150,198.9923586845398,99.0
molmoact2_freeze_matched,perf/gpu_util_pct,151,200.54379534721375,100.0
molmoact2_freeze_matched,perf/gpu_util_pct,153,202.05759978294373,0.0
molmoact2_freeze_matched,perf/gpu_util_pct,154,203.56384563446045,94.0
molmoact2_freeze_matched,perf/gpu_util_pct,155,205.11316418647766,100.0
molmoact2_freeze_matched,perf/gpu_util_pct,157,206.6293339729309,0.0
molmoact2_freeze_matched,perf/gpu_util_pct,158,208.13566088676453,0.0
molmoact2_freeze_matched,perf/gpu_util_pct,159,209.6613576412201,85.0
molmoact2_freeze_matched,perf/gpu_util_pct,161,211.17487812042236,100.0
molmoact2_freeze_matched,perf/gpu_util_pct,162,212.68014335632324,0.0
molmoact2_freeze_matched,perf/gpu_util_pct,163,214.1982877254486,84.0
molmoact2_freeze_matched,perf/gpu_util_pct,164,215.70441055297852,100.0
molmoact2_freeze_matched,perf/gpu_util_pct,166,217.20990109443665,0.0
molmoact2_freeze_matched,perf/gpu_util_pct,167,218.71714758872986,83.0
molmoact2_freeze_matched,perf/gpu_util_pct,168,220.2238254547119,36.0
molmoact2_freeze_matched,perf/gpu_util_pct,169,221.77354788780212,100.0
molmoact2_freeze_matched,perf/gpu_util_pct,171,223.27861046791077,0.0
molmoact2_freeze_matched,perf/gpu_util_pct,172,224.784729719162,98.0
molmoact2_freeze_matched,perf/gpu_util_pct,173,226.31604623794556,100.0
molmoact2_freeze_matched,perf/gpu_util_pct,175,227.82157492637634,0.0
molmoact2_freeze_matched,perf/gpu_util_pct,176,229.33426070213318,87.0
molmoact2_freeze_matched,perf/gpu_util_pct,177,230.84766387939453,100.0
molmoact2_freeze_matched,perf/gpu_util_pct,178,232.3922085762024,100.0
molmoact2_freeze_matched,perf/gpu_util_pct,180,233.89727759361267,0.0
molmoact2_freeze_matched,perf/gpu_util_pct,181,235.41572833061218,79.0
molmoact2_freeze_matched,perf/gpu_util_pct,182,236.92117309570312,100.0
molmoact2_freeze_matched,perf/gpu_util_pct,184,238.42883849143982,38.0
molmoact2_freeze_matched,perf/gpu_util_pct,185,239.95459032058716,87.0
molmoact2_freeze_matched,perf/gpu_util_pct,187,241.46469473838806,100.0
molmoact2_freeze_matched,perf/gpu_util_pct,188,242.9704945087433,0.0
molmoact2_freeze_matched,perf/gpu_util_pct,189,244.672954082489,0.0
molmoact2_freeze_matched,perf/gpu_util_pct,190,246.27640199661255,100.0
molmoact2_freeze_matched,perf/gpu_util_pct,192,247.8254919052124,1.0
molmoact2_freeze_matched,perf/gpu_util_pct,193,249.33280873298645,91.0
molmoact2_freeze_matched,perf/gpu_util_pct,194,250.85578751564026,100.0
molmoact2_freeze_matched,perf/gpu_util_pct,196,252.3841049671173,1.0
molmoact2_freeze_matched,perf/gpu_util_pct,197,253.8901240825653,94.0
molmoact2_freeze_matched,perf/gpu_util_pct,198,255.4597623348236,100.0
molmoact2_freeze_matched,perf/gpu_util_pct,200,256.96545577049255,0.0
molmoact2_freeze_matched,perf/gpu_util_pct,200,258.47069573402405,0.0
molmoact2_freeze_matched,perf/gpu_util_pct,200,259.9766061306,0.0
molmoact2_freeze_matched,perf/gpu_util_pct,200,261.5017075538635,0.0
molmoact2_freeze_matched,perf/gpu_util_pct,200,263.025039434433,33.0
molmoact2_freeze_matched,perf/gpu_util_pct,200,264.58673620224,1.0
molmoact2_freeze_matched,perf/gpu_util_pct,200,266.11776995658875,94.0
molmoact2_freeze_matched,perf/gpu_util_pct,200,267.7087001800537,0.0
molmoact2_freeze_matched,perf/gpu_util_pct,200,269.21448278427124,51.0
molmoact2_freeze_matched,perf/gpu_util_pct,200,270.76584005355835,0.0
molmoact2_freeze_matched,perf/gpu_util_pct,200,272.2873430252075,93.0
molmoact2_freeze_matched,perf/gpu_util_pct,200,273.8513195514679,1.0
molmoact2_freeze_matched,perf/gpu_util_pct,200,275.39329075813293,64.0
molmoact2_freeze_matched,perf/gpu_util_pct,200,276.96212673187256,0.0
molmoact2_freeze_matched,perf/gpu_util_pct,200,278.46964383125305,100.0
molmoact2_freeze_matched,perf/gpu_util_pct,200,279.9750602245331,0.0
molmoact2_freeze_matched,perf/gpu_util_pct,200,281.48169445991516,30.0
molmoact2_freeze_matched,perf/gpu_util_pct,200,282.98725938796997,0.0
molmoact2_freeze_matched,perf/gpu_util_pct,200,284.4933042526245,100.0
molmoact2_freeze_matched,perf/gpu_util_pct,200,285.99834847450256,0.0
molmoact2_freeze_matched,perf/gpu_util_pct,200,287.5034432411194,100.0
molmoact2_freeze_matched,perf/gpu_util_pct,200,289.0099415779114,0.0
molmoact2_freeze_matched,perf/gpu_util_pct,200,290.520813703537,100.0
molmoact2_freeze_matched,perf/gpu_util_pct,200,292.0265941619873,0.0
molmoact2_freeze_matched,perf/gpu_util_pct,200,294.2011160850525,0.0
molmoact2_freeze_matched,perf/gpu_util_pct,200,295.93250131607056,2.0
molmoact2_freeze_matched,perf/gpu_util_pct,200,297.6824724674225,1.0
molmoact2_freeze_matched,perf/gpu_util_pct,200,299.24342584609985,2.0
molmoact2_freeze_matched,perf/gpu_util_pct,200,300.89630818367004,2.0
molmoact2_freeze_matched,perf/gpu_util_pct,200,302.5398995876312,1.0
molmoact2_freeze_matched,perf/gpu_util_pct,200,304.3269348144531,1.0
molmoact2_freeze_matched,perf/gpu_util_pct,200,305.9166762828827,0.0
molmoact2_freeze_matched,perf/gpu_util_pct,200,307.5587966442108,0.0
molmoact2_freeze_matched,perf/gpu_util_pct,200,309.1961524486542,1.0
molmoact2_freeze_matched,perf/gpu_util_pct,200,310.7201006412506,1.0
molmoact2_freeze_matched,perf/gpu_util_pct,200,312.3731861114502,0.0
molmoact2_freeze_matched,perf/gpu_util_pct,200,313.95498991012573,2.0
molmoact2_freeze_matched,perf/gpu_util_pct,200,315.70773005485535,1.0
molmoact2_freeze_matched,perf/gpu_util_pct,200,317.2657446861267,1.0
molmoact2_freeze_matched,perf/gpu_util_pct,200,318.8062787055969,2.0
molmoact2_freeze_matched,perf/gpu_util_pct,200,320.3413257598877,1.0
molmoact2_freeze_matched,perf/gpu_util_pct,200,321.87994503974915,1.0
molmoact2_freeze_matched,perf/gpu_util_pct,200,324.6577730178833,0.0
molmoact2_freeze_matched,perf/gpu_util_pct,200,326.18877601623535,1.0
molmoact2_freeze_matched,perf/gpu_util_pct,200,327.7548930644989,1.0
molmoact2_freeze_matched,perf/gpu_util_pct,200,329.3353371620178,1.0
molmoact2_freeze_matched,perf/gpu_util_pct,200,330.8900909423828,1.0
molmoact2_freeze_matched,perf/gpu_util_pct,200,332.4457676410675,1.0
molmoact2_freeze_matched,perf/gpu_util_pct,200,333.9530198574066,0.0
molmoact2_freeze_matched,perf/gpu_util_pct,200,335.4598066806793,0.0
molmoact2_freeze_matched,perf/gpu_util_pct,200,336.96679854393005,0.0
molmoact2_freeze_matched,perf/gpu_util_pct,200,338.4733772277832,0.0
molmoact2_freeze_matched,perf/gpu_mem_util_pct,0,0.2125091552734375,0.0
molmoact2_freeze_matched,perf/gpu_mem_util_pct,0,1.720041036605835,0.0
molmoact2_freeze_matched,perf/gpu_mem_util_pct,0,3.2260570526123047,0.0
molmoact2_freeze_matched,perf/gpu_mem_util_pct,0,4.73473858833313,0.0
molmoact2_freeze_matched,perf/gpu_mem_util_pct,0,6.24086856842041,0.0
molmoact2_freeze_matched,perf/gpu_mem_util_pct,0,7.747179269790649,0.0
molmoact2_freeze_matched,perf/gpu_mem_util_pct,0,9.25400996208191,0.0
molmoact2_freeze_matched,perf/gpu_mem_util_pct,0,10.760372638702393,0.0
molmoact2_freeze_matched,perf/gpu_mem_util_pct,0,12.266307353973389,0.0
molmoact2_freeze_matched,perf/gpu_mem_util_pct,0,13.772949934005737,0.0
molmoact2_freeze_matched,perf/gpu_mem_util_pct,0,15.28213620185852,0.0
molmoact2_freeze_matched,perf/gpu_mem_util_pct,0,16.787753582000732,0.0
molmoact2_freeze_matched,perf/gpu_mem_util_pct,0,18.295281171798706,0.0
molmoact2_freeze_matched,perf/gpu_mem_util_pct,0,19.83633804321289,0.0
molmoact2_freeze_matched,perf/gpu_mem_util_pct,0,21.39340853691101,0.0
molmoact2_freeze_matched,perf/gpu_mem_util_pct,0,22.902498245239258,2.0
molmoact2_freeze_matched,perf/gpu_mem_util_pct,1,24.49940848350525,0.0
molmoact2_freeze_matched,perf/gpu_mem_util_pct,2,26.008662700653076,11.0
molmoact2_freeze_matched,perf/gpu_mem_util_pct,3,27.57102942466736,49.0
molmoact2_freeze_matched,perf/gpu_mem_util_pct,5,29.080882787704468,23.0
molmoact2_freeze_matched,perf/gpu_mem_util_pct,6,30.58647632598877,0.0
molmoact2_freeze_matched,perf/gpu_mem_util_pct,7,32.09277558326721,41.0
molmoact2_freeze_matched,perf/gpu_mem_util_pct,8,33.64012002944946,48.0
molmoact2_freeze_matched,perf/gpu_mem_util_pct,10,35.20071005821228,0.0
molmoact2_freeze_matched,perf/gpu_mem_util_pct,11,36.70658349990845,40.0
molmoact2_freeze_matched,perf/gpu_mem_util_pct,12,38.28328323364258,48.0
molmoact2_freeze_matched,perf/gpu_mem_util_pct,14,39.80104207992554,48.0
molmoact2_freeze_matched,perf/gpu_mem_util_pct,15,41.307438135147095,0.0
molmoact2_freeze_matched,perf/gpu_mem_util_pct,16,42.858901500701904,48.0
molmoact2_freeze_matched,perf/gpu_mem_util_pct,18,44.364373445510864,48.0
molmoact2_freeze_matched,perf/gpu_mem_util_pct,19,45.87095618247986,27.0
molmoact2_freeze_matched,perf/gpu_mem_util_pct,20,47.458211183547974,49.0
molmoact2_freeze_matched,perf/gpu_mem_util_pct,22,48.96613693237305,43.0
molmoact2_freeze_matched,perf/gpu_mem_util_pct,23,50.47256517410278,33.0
molmoact2_freeze_matched,perf/gpu_mem_util_pct,24,51.980339765548706,32.0
molmoact2_freeze_matched,perf/gpu_mem_util_pct,25,53.54580593109131,48.0
molmoact2_freeze_matched,perf/gpu_mem_util_pct,27,55.0519700050354,1.0
molmoact2_freeze_matched,perf/gpu_mem_util_pct,28,56.563109159469604,45.0
molmoact2_freeze_matched,perf/gpu_mem_util_pct,30,58.07145166397095,49.0
molmoact2_freeze_matched,perf/gpu_mem_util_pct,31,59.577786684036255,0.0
molmoact2_freeze_matched,perf/gpu_mem_util_pct,32,61.089081048965454,46.0
molmoact2_freeze_matched,perf/gpu_mem_util_pct,33,62.61984205245972,49.0
molmoact2_freeze_matched,perf/gpu_mem_util_pct,35,64.12816286087036,49.0
molmoact2_freeze_matched,perf/gpu_mem_util_pct,36,65.63431072235107,0.0
molmoact2_freeze_matched,perf/gpu_mem_util_pct,37,67.20387029647827,41.0
molmoact2_freeze_matched,perf/gpu_mem_util_pct,39,68.71108531951904,26.0
molmoact2_freeze_matched,perf/gpu_mem_util_pct,40,70.218181848526,6.0
molmoact2_freeze_matched,perf/gpu_mem_util_pct,41,71.81678247451782,49.0
molmoact2_freeze_matched,perf/gpu_mem_util_pct,43,73.37624502182007,0.0
molmoact2_freeze_matched,perf/gpu_mem_util_pct,44,75.10401058197021,0.0
molmoact2_freeze_matched,perf/gpu_mem_util_pct,45,76.70555710792542,48.0
molmoact2_freeze_matched,perf/gpu_mem_util_pct,47,78.21650719642639,0.0
molmoact2_freeze_matched,perf/gpu_mem_util_pct,48,79.72286796569824,46.0
molmoact2_freeze_matched,perf/gpu_mem_util_pct,49,81.25843930244446,48.0
molmoact2_freeze_matched,perf/gpu_mem_util_pct,51,82.764151096344,0.0
molmoact2_freeze_matched,perf/gpu_mem_util_pct,52,84.28401589393616,41.0
molmoact2_freeze_matched,perf/gpu_mem_util_pct,54,85.7918381690979,48.0
molmoact2_freeze_matched,perf/gpu_mem_util_pct,55,87.29804491996765,0.0
molmoact2_freeze_matched,perf/gpu_mem_util_pct,56,88.80592799186707,4.0
molmoact2_freeze_matched,perf/gpu_mem_util_pct,57,90.40023612976074,49.0
molmoact2_freeze_matched,perf/gpu_mem_util_pct,59,91.96848440170288,0.0
molmoact2_freeze_matched,perf/gpu_mem_util_pct,60,93.47611260414124,20.0
molmoact2_freeze_matched,perf/gpu_mem_util_pct,61,95.0517086982727,49.0
molmoact2_freeze_matched,perf/gpu_mem_util_pct,63,96.55964827537537,0.0
molmoact2_freeze_matched,perf/gpu_mem_util_pct,64,98.06733989715576,26.0
molmoact2_freeze_matched,perf/gpu_mem_util_pct,65,99.57474398612976,0.0
molmoact2_freeze_matched,perf/gpu_mem_util_pct,66,101.1862895488739,49.0
molmoact2_freeze_matched,perf/gpu_mem_util_pct,68,102.75699853897095,0.0
molmoact2_freeze_matched,perf/gpu_mem_util_pct,69,104.2626702785492,20.0
molmoact2_freeze_matched,perf/gpu_mem_util_pct,70,105.83285737037659,49.0
molmoact2_freeze_matched,perf/gpu_mem_util_pct,72,107.33878922462463,0.0
molmoact2_freeze_matched,perf/gpu_mem_util_pct,73,108.85743594169617,31.0
molmoact2_freeze_matched,perf/gpu_mem_util_pct,74,110.38249826431274,49.0
molmoact2_freeze_matched,perf/gpu_mem_util_pct,76,111.88941693305969,49.0
molmoact2_freeze_matched,perf/gpu_mem_util_pct,77,113.39653062820435,8.0
molmoact2_freeze_matched,perf/gpu_mem_util_pct,78,114.95456886291504,48.0
molmoact2_freeze_matched,perf/gpu_mem_util_pct,80,116.46337985992432,48.0
molmoact2_freeze_matched,perf/gpu_mem_util_pct,81,117.96905326843262,17.0
molmoact2_freeze_matched,perf/gpu_mem_util_pct,82,119.51180815696716,48.0
molmoact2_freeze_matched,perf/gpu_mem_util_pct,84,121.0202431678772,48.0
molmoact2_freeze_matched,perf/gpu_mem_util_pct,85,122.5258560180664,6.0
molmoact2_freeze_matched,perf/gpu_mem_util_pct,86,124.09705018997192,1.0
molmoact2_freeze_matched,perf/gpu_mem_util_pct,87,125.66007733345032,49.0
molmoact2_freeze_matched,perf/gpu_mem_util_pct,89,127.16700983047485,8.0
molmoact2_freeze_matched,perf/gpu_mem_util_pct,90,128.67388558387756,10.0
molmoact2_freeze_matched,perf/gpu_mem_util_pct,91,130.26859664916992,48.0
molmoact2_freeze_matched,perf/gpu_mem_util_pct,93,131.77506637573242,2.0
molmoact2_freeze_matched,perf/gpu_mem_util_pct,94,133.28600001335144,0.0
molmoact2_freeze_matched,perf/gpu_mem_util_pct,95,134.85990381240845,48.0
molmoact2_freeze_matched,perf/gpu_mem_util_pct,96,136.44683027267456,49.0
molmoact2_freeze_matched,perf/gpu_mem_util_pct,98,138.02601766586304,0.0
molmoact2_freeze_matched,perf/gpu_mem_util_pct,99,139.53552293777466,41.0
molmoact2_freeze_matched,perf/gpu_mem_util_pct,100,141.11232590675354,48.0
molmoact2_freeze_matched,perf/gpu_mem_util_pct,102,142.61771249771118,0.0
molmoact2_freeze_matched,perf/gpu_mem_util_pct,103,144.12773275375366,37.0
molmoact2_freeze_matched,perf/gpu_mem_util_pct,104,145.6969654560089,48.0
molmoact2_freeze_matched,perf/gpu_mem_util_pct,106,147.20330786705017,0.0
molmoact2_freeze_matched,perf/gpu_mem_util_pct,107,148.71005535125732,0.0
molmoact2_freeze_matched,perf/gpu_mem_util_pct,108,150.2544023990631,40.0
molmoact2_freeze_matched,perf/gpu_mem_util_pct,110,151.7618806362152,46.0
molmoact2_freeze_matched,perf/gpu_mem_util_pct,111,153.26743412017822,0.0
molmoact2_freeze_matched,perf/gpu_mem_util_pct,112,154.8016893863678,40.0
molmoact2_freeze_matched,perf/gpu_mem_util_pct,114,156.31406426429749,49.0
molmoact2_freeze_matched,perf/gpu_mem_util_pct,115,157.82034516334534,0.0
molmoact2_freeze_matched,perf/gpu_mem_util_pct,116,159.3505585193634,42.0
molmoact2_freeze_matched,perf/gpu_mem_util_pct,117,160.90621519088745,42.0
molmoact2_freeze_matched,perf/gpu_mem_util_pct,119,162.4131076335907,32.0
molmoact2_freeze_matched,perf/gpu_mem_util_pct,120,163.91950464248657,4.0
molmoact2_freeze_matched,perf/gpu_mem_util_pct,121,165.54201245307922,48.0
molmoact2_freeze_matched,perf/gpu_mem_util_pct,123,167.04808568954468,0.0
molmoact2_freeze_matched,perf/gpu_mem_util_pct,124,168.56145024299622,39.0
molmoact2_freeze_matched,perf/gpu_mem_util_pct,125,170.06685090065002,47.0
molmoact2_freeze_matched,perf/gpu_mem_util_pct,127,171.5724184513092,0.0
molmoact2_freeze_matched,perf/gpu_mem_util_pct,128,173.08349347114563,0.0
molmoact2_freeze_matched,perf/gpu_mem_util_pct,129,174.6719286441803,49.0
molmoact2_freeze_matched,perf/gpu_mem_util_pct,131,176.17798352241516,4.0
molmoact2_freeze_matched,perf/gpu_mem_util_pct,132,177.68384456634521,4.0
molmoact2_freeze_matched,perf/gpu_mem_util_pct,133,179.24289846420288,48.0
molmoact2_freeze_matched,perf/gpu_mem_util_pct,135,180.74911451339722,0.0
molmoact2_freeze_matched,perf/gpu_mem_util_pct,136,182.25466442108154,21.0
molmoact2_freeze_matched,perf/gpu_mem_util_pct,137,183.7603781223297,43.0
molmoact2_freeze_matched,perf/gpu_mem_util_pct,138,185.35772943496704,48.0
molmoact2_freeze_matched,perf/gpu_mem_util_pct,140,186.8690288066864,0.0
molmoact2_freeze_matched,perf/gpu_mem_util_pct,141,188.3773272037506,38.0
molmoact2_freeze_matched,perf/gpu_mem_util_pct,142,189.88294506072998,48.0
molmoact2_freeze_matched,perf/gpu_mem_util_pct,144,191.3985950946808,0.0
molmoact2_freeze_matched,perf/gpu_mem_util_pct,145,192.90854501724243,31.0
molmoact2_freeze_matched,perf/gpu_mem_util_pct,146,194.46604466438293,49.0
molmoact2_freeze_matched,perf/gpu_mem_util_pct,147,195.98042488098145,48.0
molmoact2_freeze_matched,perf/gpu_mem_util_pct,149,197.48597836494446,0.0
molmoact2_freeze_matched,perf/gpu_mem_util_pct,150,198.99236416816711,45.0
molmoact2_freeze_matched,perf/gpu_mem_util_pct,151,200.5438003540039,48.0
molmoact2_freeze_matched,perf/gpu_mem_util_pct,153,202.05760502815247,0.0
molmoact2_freeze_matched,perf/gpu_mem_util_pct,154,203.56385111808777,28.0
molmoact2_freeze_matched,perf/gpu_mem_util_pct,155,205.11316895484924,49.0
molmoact2_freeze_matched,perf/gpu_mem_util_pct,157,206.62933945655823,0.0
molmoact2_freeze_matched,perf/gpu_mem_util_pct,158,208.1356658935547,0.0
molmoact2_freeze_matched,perf/gpu_mem_util_pct,159,209.6613631248474,38.0
molmoact2_freeze_matched,perf/gpu_mem_util_pct,161,211.17488360404968,48.0
molmoact2_freeze_matched,perf/gpu_mem_util_pct,162,212.68014907836914,0.0
molmoact2_freeze_matched,perf/gpu_mem_util_pct,163,214.19829392433167,37.0
molmoact2_freeze_matched,perf/gpu_mem_util_pct,164,215.70441555976868,48.0
molmoact2_freeze_matched,perf/gpu_mem_util_pct,166,217.20990633964539,0.0
molmoact2_freeze_matched,perf/gpu_mem_util_pct,167,218.71715307235718,31.0
molmoact2_freeze_matched,perf/gpu_mem_util_pct,168,220.2238311767578,16.0
molmoact2_freeze_matched,perf/gpu_mem_util_pct,169,221.77355360984802,49.0
molmoact2_freeze_matched,perf/gpu_mem_util_pct,171,223.2786159515381,0.0
molmoact2_freeze_matched,perf/gpu_mem_util_pct,172,224.7847352027893,44.0
molmoact2_freeze_matched,perf/gpu_mem_util_pct,173,226.31605172157288,48.0
molmoact2_freeze_matched,perf/gpu_mem_util_pct,175,227.8215811252594,0.0
molmoact2_freeze_matched,perf/gpu_mem_util_pct,176,229.33426594734192,34.0
molmoact2_freeze_matched,perf/gpu_mem_util_pct,177,230.84766936302185,48.0
molmoact2_freeze_matched,perf/gpu_mem_util_pct,178,232.3922140598297,48.0
molmoact2_freeze_matched,perf/gpu_mem_util_pct,180,233.89728260040283,0.0
molmoact2_freeze_matched,perf/gpu_mem_util_pct,181,235.41573357582092,35.0
molmoact2_freeze_matched,perf/gpu_mem_util_pct,182,236.92117929458618,47.0
molmoact2_freeze_matched,perf/gpu_mem_util_pct,184,238.42884421348572,11.0
molmoact2_freeze_matched,perf/gpu_mem_util_pct,185,239.95459580421448,39.0
molmoact2_freeze_matched,perf/gpu_mem_util_pct,187,241.46470046043396,48.0
molmoact2_freeze_matched,perf/gpu_mem_util_pct,188,242.97050023078918,0.0
molmoact2_freeze_matched,perf/gpu_mem_util_pct,189,244.67295932769775,0.0
molmoact2_freeze_matched,perf/gpu_mem_util_pct,190,246.27640748023987,48.0
molmoact2_freeze_matched,perf/gpu_mem_util_pct,192,247.82549738883972,0.0
molmoact2_freeze_matched,perf/gpu_mem_util_pct,193,249.33281421661377,28.0
molmoact2_freeze_matched,perf/gpu_mem_util_pct,194,250.85579252243042,48.0
molmoact2_freeze_matched,perf/gpu_mem_util_pct,196,252.38411116600037,0.0
molmoact2_freeze_matched,perf/gpu_mem_util_pct,197,253.8901298046112,43.0
molmoact2_freeze_matched,perf/gpu_mem_util_pct,198,255.45976758003235,48.0
molmoact2_freeze_matched,perf/gpu_mem_util_pct,200,256.9654607772827,0.0
molmoact2_freeze_matched,perf/gpu_mem_util_pct,200,258.47070145606995,0.0
molmoact2_freeze_matched,perf/gpu_mem_util_pct,200,259.97661113739014,0.0
molmoact2_freeze_matched,perf/gpu_mem_util_pct,200,261.5017132759094,0.0
molmoact2_freeze_matched,perf/gpu_mem_util_pct,200,263.0250482559204,10.0
molmoact2_freeze_matched,perf/gpu_mem_util_pct,200,264.5867416858673,0.0
molmoact2_freeze_matched,perf/gpu_mem_util_pct,200,266.11777544021606,31.0
molmoact2_freeze_matched,perf/gpu_mem_util_pct,200,267.70870542526245,0.0
molmoact2_freeze_matched,perf/gpu_mem_util_pct,200,269.21449160575867,15.0
molmoact2_freeze_matched,perf/gpu_mem_util_pct,200,270.7658452987671,0.0
molmoact2_freeze_matched,perf/gpu_mem_util_pct,200,272.28734827041626,36.0
molmoact2_freeze_matched,perf/gpu_mem_util_pct,200,273.8513250350952,0.0
molmoact2_freeze_matched,perf/gpu_mem_util_pct,200,275.3932960033417,19.0
molmoact2_freeze_matched,perf/gpu_mem_util_pct,200,276.9621317386627,0.0
molmoact2_freeze_matched,perf/gpu_mem_util_pct,200,278.46964955329895,45.0
molmoact2_freeze_matched,perf/gpu_mem_util_pct,200,279.9750657081604,0.0
molmoact2_freeze_matched,perf/gpu_mem_util_pct,200,281.4816994667053,13.0
molmoact2_freeze_matched,perf/gpu_mem_util_pct,200,282.98726511001587,0.0
molmoact2_freeze_matched,perf/gpu_mem_util_pct,200,284.49330973625183,46.0
molmoact2_freeze_matched,perf/gpu_mem_util_pct,200,285.9983537197113,0.0
molmoact2_freeze_matched,perf/gpu_mem_util_pct,200,287.5034487247467,45.0
molmoact2_freeze_matched,perf/gpu_mem_util_pct,200,289.00994753837585,0.0
molmoact2_freeze_matched,perf/gpu_mem_util_pct,200,290.5208194255829,45.0
molmoact2_freeze_matched,perf/gpu_mem_util_pct,200,292.02659916877747,0.0
molmoact2_freeze_matched,perf/gpu_mem_util_pct,200,294.2011218070984,0.0
molmoact2_freeze_matched,perf/gpu_mem_util_pct,200,295.9325063228607,0.0
molmoact2_freeze_matched,perf/gpu_mem_util_pct,200,297.6824812889099,0.0
molmoact2_freeze_matched,perf/gpu_mem_util_pct,200,299.24343085289,0.0
molmoact2_freeze_matched,perf/gpu_mem_util_pct,200,300.8963129520416,0.0
molmoact2_freeze_matched,perf/gpu_mem_util_pct,200,302.5399045944214,0.0
molmoact2_freeze_matched,perf/gpu_mem_util_pct,200,304.326940536499,0.0
molmoact2_freeze_matched,perf/gpu_mem_util_pct,200,305.91668152809143,0.0
molmoact2_freeze_matched,perf/gpu_mem_util_pct,200,307.5588026046753,0.0
molmoact2_freeze_matched,perf/gpu_mem_util_pct,200,309.19615745544434,0.0
molmoact2_freeze_matched,perf/gpu_mem_util_pct,200,310.72010612487793,0.0
molmoact2_freeze_matched,perf/gpu_mem_util_pct,200,312.3731915950775,0.0
molmoact2_freeze_matched,perf/gpu_mem_util_pct,200,313.9549951553345,0.0
molmoact2_freeze_matched,perf/gpu_mem_util_pct,200,315.7077353000641,0.0
molmoact2_freeze_matched,perf/gpu_mem_util_pct,200,317.265750169754,0.0
molmoact2_freeze_matched,perf/gpu_mem_util_pct,200,318.80628395080566,0.0
molmoact2_freeze_matched,perf/gpu_mem_util_pct,200,320.34133100509644,0.0
molmoact2_freeze_matched,perf/gpu_mem_util_pct,200,321.87995052337646,0.0
molmoact2_freeze_matched,perf/gpu_mem_util_pct,200,324.6577785015106,0.0
molmoact2_freeze_matched,perf/gpu_mem_util_pct,200,326.1887812614441,0.0
molmoact2_freeze_matched,perf/gpu_mem_util_pct,200,327.7548990249634,0.0
molmoact2_freeze_matched,perf/gpu_mem_util_pct,200,329.33534264564514,0.0
molmoact2_freeze_matched,perf/gpu_mem_util_pct,200,330.89009618759155,0.0
molmoact2_freeze_matched,perf/gpu_mem_util_pct,200,332.445773601532,0.0
molmoact2_freeze_matched,perf/gpu_mem_util_pct,200,333.9530248641968,0.0
molmoact2_freeze_matched,perf/gpu_mem_util_pct,200,335.4598116874695,0.0
molmoact2_freeze_matched,perf/gpu_mem_util_pct,200,336.9668035507202,0.0
molmoact2_freeze_matched,perf/gpu_mem_util_pct,200,338.47338247299194,0.0
molmoact2_freeze_matched,train/loss,10,34.8881094455719,0.37890625
molmoact2_freeze_matched,train/loss,20,46.51187705993652,0.08447265625
molmoact2_freeze_matched,train/loss,30,58.05507493019104,0.41015625
molmoact2_freeze_matched,train/loss,40,69.68761134147644,0.1455078125
molmoact2_freeze_matched,train/loss,50,81.30253648757935,0.291015625
molmoact2_freeze_matched,train/loss,60,92.81251287460327,0.8359375
molmoact2_freeze_matched,train/loss,70,104.74324989318848,0.3671875
molmoact2_freeze_matched,train/loss,80,116.39576172828674,0.2294921875
molmoact2_freeze_matched,train/loss,90,128.14700531959534,0.11181640625
molmoact2_freeze_matched,train/loss,100,140.03175902366638,0.21484375
molmoact2_freeze_matched,train/loss,110,151.69600677490234,0.2578125
molmoact2_freeze_matched,train/loss,120,163.36682200431824,0.08203125
molmoact2_freeze_matched,train/loss,130,174.86655163764954,0.3046875
molmoact2_freeze_matched,train/loss,140,186.53302907943726,0.1826171875
molmoact2_freeze_matched,train/loss,150,198.31250667572021,0.2138671875
molmoact2_freeze_matched,train/loss,160,209.9988031387329,0.482421875
molmoact2_freeze_matched,train/loss,170,221.82148456573486,0.28515625
molmoact2_freeze_matched,train/loss,180,233.54535698890686,0.10400390625
molmoact2_freeze_matched,train/loss,190,245.2381191253662,0.1689453125
molmoact2_freeze_matched,train/loss,200,256.6177248954773,0.0654296875
molmoact2_freeze_matched,train/action_flow_loss,10,34.88814425468445,0.37890625
molmoact2_freeze_matched,train/action_flow_loss,20,46.511908292770386,0.08447265625
molmoact2_freeze_matched,train/action_flow_loss,30,58.055107831954956,0.41015625
molmoact2_freeze_matched,train/action_flow_loss,40,69.68764185905457,0.1455078125
molmoact2_freeze_matched,train/action_flow_loss,50,81.30257058143616,0.291015625
molmoact2_freeze_matched,train/action_flow_loss,60,92.81254386901855,0.8359375
molmoact2_freeze_matched,train/action_flow_loss,70,104.7432849407196,0.3671875
molmoact2_freeze_matched,train/action_flow_loss,80,116.39579319953918,0.2294921875
molmoact2_freeze_matched,train/action_flow_loss,90,128.14703631401062,0.11181640625
molmoact2_freeze_matched,train/action_flow_loss,100,140.0317885875702,0.21484375
molmoact2_freeze_matched,train/action_flow_loss,110,151.69603824615479,0.2578125
molmoact2_freeze_matched,train/action_flow_loss,120,163.36685180664062,0.08203125
molmoact2_freeze_matched,train/action_flow_loss,130,174.86658191680908,0.3046875
molmoact2_freeze_matched,train/action_flow_loss,140,186.53305864334106,0.1826171875
molmoact2_freeze_matched,train/action_flow_loss,150,198.31253957748413,0.2138671875
molmoact2_freeze_matched,train/action_flow_loss,160,209.99883246421814,0.482421875
molmoact2_freeze_matched,train/action_flow_loss,170,221.8215081691742,0.28515625
molmoact2_freeze_matched,train/action_flow_loss,180,233.54539227485657,0.10400390625
molmoact2_freeze_matched,train/action_flow_loss,190,245.23815155029297,0.1689453125
molmoact2_freeze_matched,train/action_flow_loss,200,256.6177611351013,0.0654296875
molmoact2_freeze_matched,train/lr_group0,10,34.88815426826477,4.999999873689376e-05
molmoact2_freeze_matched,train/lr_group0,20,46.51193022727966,4.999999873689376e-05
molmoact2_freeze_matched,train/lr_group0,30,58.05511736869812,4.999999873689376e-05
molmoact2_freeze_matched,train/lr_group0,40,69.68765068054199,4.999999873689376e-05
molmoact2_freeze_matched,train/lr_group0,50,81.30257964134216,4.999999873689376e-05
molmoact2_freeze_matched,train/lr_group0,60,92.81255340576172,4.999999873689376e-05
molmoact2_freeze_matched,train/lr_group0,70,104.7432951927185,4.999999873689376e-05
molmoact2_freeze_matched,train/lr_group0,80,116.39580273628235,4.999999873689376e-05
molmoact2_freeze_matched,train/lr_group0,90,128.14704537391663,4.999999873689376e-05
molmoact2_freeze_matched,train/lr_group0,100,140.0317976474762,4.999999873689376e-05
molmoact2_freeze_matched,train/lr_group0,110,151.69604778289795,4.999999873689376e-05
molmoact2_freeze_matched,train/lr_group0,120,163.36686062812805,4.999999873689376e-05
molmoact2_freeze_matched,train/lr_group0,130,174.8665907382965,4.999999873689376e-05
molmoact2_freeze_matched,train/lr_group0,140,186.5330672264099,4.999999873689376e-05
molmoact2_freeze_matched,train/lr_group0,150,198.31254959106445,4.999999873689376e-05
molmoact2_freeze_matched,train/lr_group0,160,209.99884128570557,4.999999873689376e-05
molmoact2_freeze_matched,train/lr_group0,170,221.82151699066162,4.999999873689376e-05
molmoact2_freeze_matched,train/lr_group0,180,233.5454022884369,4.999999873689376e-05
molmoact2_freeze_matched,train/lr_group0,190,245.23816061019897,4.999999873689376e-05
molmoact2_freeze_matched,train/lr_group0,200,256.61776995658875,4.999999873689376e-05
molmoact2_freeze_matched,perf/data_wait_s,10,34.88816785812378,0.00010545016266405582
molmoact2_freeze_matched,perf/data_wait_s,20,46.51194381713867,0.00010794796980917454
molmoact2_freeze_matched,perf/data_wait_s,30,58.055129528045654,9.510992094874382e-05
molmoact2_freeze_matched,perf/data_wait_s,40,69.68766188621521,0.00010176887735724449
molmoact2_freeze_matched,perf/data_wait_s,50,81.30259227752686,0.0001050939317792654
molmoact2_freeze_matched,perf/data_wait_s,60,92.81256580352783,0.0003631690051406622
molmoact2_freeze_matched,perf/data_wait_s,70,104.7433090209961,0.00012458092533051968
molmoact2_freeze_matched,perf/data_wait_s,80,116.39581418037415,0.00012563890777528286
molmoact2_freeze_matched,perf/data_wait_s,90,128.14705729484558,0.0001262130681425333
molmoact2_freeze_matched,perf/data_wait_s,100,140.03180956840515,0.00010502012446522713
molmoact2_freeze_matched,perf/data_wait_s,110,151.6960597038269,0.0001006140373647213
molmoact2_freeze_matched,perf/data_wait_s,120,163.36687302589417,9.695603512227535e-05
molmoact2_freeze_matched,perf/data_wait_s,130,174.86660313606262,0.00010533910244703293
molmoact2_freeze_matched,perf/data_wait_s,140,186.53307795524597,9.930483065545559e-05
molmoact2_freeze_matched,perf/data_wait_s,150,198.31256198883057,0.00030902493745088577
molmoact2_freeze_matched,perf/data_wait_s,160,209.99885392189026,0.000300833024084568
molmoact2_freeze_matched,perf/data_wait_s,170,221.82153010368347,0.00014011492021381855
molmoact2_freeze_matched,perf/data_wait_s,180,233.54541611671448,0.0002893740311264992
molmoact2_freeze_matched,perf/data_wait_s,190,245.23817229270935,0.0001257341355085373
molmoact2_freeze_matched,perf/data_wait_s,200,256.6177821159363,0.00033189496025443077
molmoact2_freeze_matched,perf/preprocess_s,10,34.888176918029785,0.23417893052101135
molmoact2_freeze_matched,perf/preprocess_s,20,46.51195049285889,0.19112960994243622
molmoact2_freeze_matched,perf/preprocess_s,30,58.05513596534729,0.18655891716480255
molmoact2_freeze_matched,perf/preprocess_s,40,69.68766832351685,0.206976979970932
molmoact2_freeze_matched,perf/preprocess_s,50,81.30259895324707,0.19442911446094513
molmoact2_freeze_matched,perf/preprocess_s,60,92.81257247924805,0.2007201910018921
molmoact2_freeze_matched,perf/preprocess_s,70,104.74331665039062,0.19890721142292023
molmoact2_freeze_matched,perf/preprocess_s,80,116.3958203792572,0.2583974003791809
molmoact2_freeze_matched,perf/preprocess_s,90,128.14706325531006,0.2039157599210739
molmoact2_freeze_matched,perf/preprocess_s,100,140.0318160057068,0.2011711597442627
molmoact2_freeze_matched,perf/preprocess_s,110,151.69606685638428,0.1979346126317978
molmoact2_freeze_matched,perf/preprocess_s,120,163.36687898635864,0.19717556238174438
molmoact2_freeze_matched,perf/preprocess_s,130,174.86660957336426,0.19900022447109222
molmoact2_freeze_matched,perf/preprocess_s,140,186.5330832004547,0.19862312078475952
molmoact2_freeze_matched,perf/preprocess_s,150,198.3125684261322,0.19686584174633026
molmoact2_freeze_matched,perf/preprocess_s,160,209.99886083602905,0.19564035534858704
molmoact2_freeze_matched,perf/preprocess_s,170,221.82153630256653,0.1981358528137207
molmoact2_freeze_matched,perf/preprocess_s,180,233.54542207717896,0.19028747081756592
molmoact2_freeze_matched,perf/preprocess_s,190,245.23817801475525,0.1944783478975296
molmoact2_freeze_matched,perf/preprocess_s,200,256.6177885532379,0.1960209310054779
molmoact2_freeze_matched,perf/compute_s,10,34.88818335533142,0.9265433549880981
molmoact2_freeze_matched,perf/compute_s,20,46.51195549964905,0.9100567102432251
molmoact2_freeze_matched,perf/compute_s,30,58.05514097213745,0.9165832996368408
molmoact2_freeze_matched,perf/compute_s,40,69.68767380714417,0.9123534560203552
molmoact2_freeze_matched,perf/compute_s,50,81.30260443687439,0.9180773496627808
molmoact2_freeze_matched,perf/compute_s,60,92.81257820129395,0.9293267726898193
molmoact2_freeze_matched,perf/compute_s,70,104.74332284927368,0.9194751977920532
molmoact2_freeze_matched,perf/compute_s,80,116.39582586288452,0.9220278263092041
molmoact2_freeze_matched,perf/compute_s,90,128.1470685005188,0.914863109588623
molmoact2_freeze_matched,perf/compute_s,100,140.03182196617126,0.9387760162353516
molmoact2_freeze_matched,perf/compute_s,110,151.69607281684875,0.9295706748962402
molmoact2_freeze_matched,perf/compute_s,120,163.36688423156738,0.8873841762542725
molmoact2_freeze_matched,perf/compute_s,130,174.86661577224731,0.9193599820137024
molmoact2_freeze_matched,perf/compute_s,140,186.53308844566345,0.9183007478713989
molmoact2_freeze_matched,perf/compute_s,150,198.31257343292236,0.915921151638031
molmoact2_freeze_matched,perf/compute_s,160,209.9988660812378,0.898117184638977
molmoact2_freeze_matched,perf/compute_s,170,221.82154178619385,0.9230070114135742
molmoact2_freeze_matched,perf/compute_s,180,233.54542756080627,0.8994337916374207
molmoact2_freeze_matched,perf/compute_s,190,245.23818349838257,1.3042881488800049
molmoact2_freeze_matched,perf/compute_s,200,256.6177933216095,0.8997384905815125
molmoact2_freeze_matched,perf/optimizer_step_s,10,34.88818907737732,0.013180485926568508
molmoact2_freeze_matched,perf/optimizer_step_s,20,46.511961221694946,0.0126920435577631
molmoact2_freeze_matched,perf/optimizer_step_s,30,58.05514645576477,0.01278357207775116
molmoact2_freeze_matched,perf/optimizer_step_s,40,69.6876950263977,0.013138625770807266
molmoact2_freeze_matched,perf/optimizer_step_s,50,81.30260944366455,0.012902621179819107
molmoact2_freeze_matched,perf/optimizer_step_s,60,92.8125832080841,0.013162471354007721
molmoact2_freeze_matched,perf/optimizer_step_s,70,104.74332857131958,0.015183581039309502
molmoact2_freeze_matched,perf/optimizer_step_s,80,116.3958306312561,0.013016973622143269
molmoact2_freeze_matched,perf/optimizer_step_s,90,128.14707350730896,0.012597882188856602
molmoact2_freeze_matched,perf/optimizer_step_s,100,140.03182721138,0.01266174204647541
molmoact2_freeze_matched,perf/optimizer_step_s,110,151.69607782363892,0.013463055714964867
molmoact2_freeze_matched,perf/optimizer_step_s,120,163.36688923835754,0.01291498914361
molmoact2_freeze_matched,perf/optimizer_step_s,130,174.86662101745605,0.012763447128236294
molmoact2_freeze_matched,perf/optimizer_step_s,140,186.53309321403503,0.012922577559947968
molmoact2_freeze_matched,perf/optimizer_step_s,150,198.31257843971252,0.014065978117287159
molmoact2_freeze_matched,perf/optimizer_step_s,160,209.9988706111908,0.014507208950817585
molmoact2_freeze_matched,perf/optimizer_step_s,170,221.82154655456543,0.014760004356503487
molmoact2_freeze_matched,perf/optimizer_step_s,180,233.54543232917786,0.01453915424644947
molmoact2_freeze_matched,perf/optimizer_step_s,190,245.23818850517273,0.015099849551916122
molmoact2_freeze_matched,perf/optimizer_step_s,200,256.61779832839966,0.013856997713446617
molmoact2_freeze_matched,window/loss,200,256.6182897090912,0.2761254906654358
molmoact2_freeze_matched,window/action_flow_loss,200,256.61830139160156,0.2761254906654358
molmoact2_freeze_matched,perf/io_bound_fraction,200,256.6183137893677,0.06956835091114044
molmoact2_freeze_matched,perf/samples_per_sec,200,256.618319272995,6.239793300628662
molmoact2_freeze_matched,perf/optimizer_step_s_avg,200,256.61832427978516,0.015969976782798767
molmoact2_freeze_matched,val/loss,200,292.2576868534088,0.42363280057907104
molmoact2_freeze_matched,val/action_flow_loss,200,292.25772047042847,0.42363280057907104
molmoact2_freeze_matched,perf/checkpoint_save_s,200,337.9363167285919,45.678157806396484
molmoact2_freeze_matched,epoch/loss,0,337.93838834762573,0.2761254906654358
molmoact2_freeze_matched,epoch/action_flow_loss,0,337.93841552734375,0.2761254906654358
molmoact2_native_bs8,perf/vram_allocated_mb,0,0.0,22028.849609375
molmoact2_native_bs8,perf/vram_allocated_mb,1,1.5057899951934814,25763.9453125
molmoact2_native_bs8,perf/vram_allocated_mb,1,3.047196865081787,29043.55859375
molmoact2_native_bs8,perf/vram_allocated_mb,2,4.568178415298462,29839.6953125
molmoact2_native_bs8,perf/vram_allocated_mb,3,6.074085712432861,32105.728515625
molmoact2_native_bs8,perf/vram_allocated_mb,4,7.579638242721558,30961.267578125
molmoact2_native_bs8,perf/vram_allocated_mb,5,9.089358806610107,31356.4609375
molmoact2_native_bs8,perf/vram_allocated_mb,6,10.593669176101685,29032.96484375
molmoact2_native_bs8,perf/vram_allocated_mb,7,12.09753131866455,29032.96484375
molmoact2_native_bs8,perf/vram_allocated_mb,9,13.629822969436646,29137.11328125
molmoact2_native_bs8,perf/vram_allocated_mb,10,15.133529424667358,33300.42578125
molmoact2_native_bs8,perf/vram_allocated_mb,11,16.636995553970337,31093.75390625
molmoact2_native_bs8,perf/vram_allocated_mb,12,18.141514539718628,29032.96484375
molmoact2_native_bs8,perf/vram_allocated_mb,13,19.64721941947937,29032.96484375
molmoact2_native_bs8,perf/vram_allocated_mb,14,21.150981903076172,29032.96484375
molmoact2_native_bs8,perf/vram_allocated_mb,16,22.65475106239319,27626.873046875
molmoact2_native_bs8,perf/vram_allocated_mb,17,24.15811800956726,32137.830078125
molmoact2_native_bs8,perf/vram_allocated_mb,18,25.662124633789062,31133.119140625
molmoact2_native_bs8,perf/vram_allocated_mb,19,27.168659448623657,29032.96484375
molmoact2_native_bs8,perf/vram_allocated_mb,20,28.672635316848755,29032.970703125
molmoact2_native_bs8,perf/vram_allocated_mb,22,30.182738304138184,29032.970703125
molmoact2_native_bs8,perf/vram_allocated_mb,23,31.686787605285645,30470.896484375
molmoact2_native_bs8,perf/vram_allocated_mb,24,33.19049525260925,33598.328125
molmoact2_native_bs8,perf/vram_allocated_mb,25,34.694204568862915,31398.619140625
molmoact2_native_bs8,perf/vram_allocated_mb,26,36.198702335357666,29033.001953125
molmoact2_native_bs8,perf/vram_allocated_mb,27,37.70274591445923,29033.001953125
molmoact2_native_bs8,perf/vram_allocated_mb,28,39.20697069168091,29033.001953125
molmoact2_native_bs8,perf/vram_allocated_mb,30,40.75003361701965,29213.4296875
molmoact2_native_bs8,perf/vram_allocated_mb,31,42.25558543205261,33705.83984375
molmoact2_native_bs8,perf/vram_allocated_mb,32,43.75899815559387,31371.6796875
molmoact2_native_bs8,perf/vram_allocated_mb,33,45.264174461364746,29033.001953125
molmoact2_native_bs8,perf/vram_allocated_mb,34,46.76886200904846,29033.001953125
molmoact2_native_bs8,perf/vram_allocated_mb,36,48.27276420593262,26935.212890625
molmoact2_native_bs8,perf/vram_allocated_mb,37,49.77765083312988,30750.33203125
molmoact2_native_bs8,perf/vram_allocated_mb,38,51.28153467178345,31295.41015625
molmoact2_native_bs8,perf/vram_allocated_mb,39,52.7849063873291,29033.001953125
molmoact2_native_bs8,perf/vram_allocated_mb,40,54.28908824920654,29033.001953125
molmoact2_native_bs8,perf/vram_allocated_mb,41,55.7944757938385,29033.001953125
molmoact2_native_bs8,perf/vram_allocated_mb,43,57.30323100090027,28791.802734375
molmoact2_native_bs8,perf/vram_allocated_mb,44,58.80684995651245,32571.626953125
molmoact2_native_bs8,perf/vram_allocated_mb,45,60.310861587524414,31143.017578125
molmoact2_native_bs8,perf/vram_allocated_mb,46,61.816667556762695,29033.001953125
molmoact2_native_bs8,perf/vram_allocated_mb,47,63.3209388256073,29033.001953125
molmoact2_native_bs8,perf/vram_allocated_mb,48,64.82480645179749,29033.001953125
molmoact2_native_bs8,perf/vram_allocated_mb,50,66.32861542701721,26805.876953125
molmoact2_native_bs8,perf/vram_allocated_mb,51,67.83296203613281,32043.83203125
molmoact2_native_bs8,perf/vram_allocated_mb,52,69.33659076690674,31244.013671875
molmoact2_native_bs8,perf/vram_allocated_mb,53,70.84314012527466,31356.501953125
molmoact2_native_bs8,perf/vram_allocated_mb,54,72.34759402275085,29033.001953125
molmoact2_native_bs8,perf/vram_allocated_mb,55,73.85164189338684,29033.001953125
molmoact2_native_bs8,perf/vram_allocated_mb,57,75.3604724407196,27757.984375
molmoact2_native_bs8,perf/vram_allocated_mb,58,76.87057185173035,30470.9296875
molmoact2_native_bs8,perf/vram_allocated_mb,59,78.37464189529419,33895.04296875
molmoact2_native_bs8,perf/vram_allocated_mb,60,79.87951683998108,31784.80859375
molmoact2_native_bs8,perf/vram_allocated_mb,61,81.38594317436218,29033.001953125
molmoact2_native_bs8,perf/vram_allocated_mb,62,82.89196372032166,29033.001953125
molmoact2_native_bs8,perf/vram_allocated_mb,64,84.39501214027405,26885.1328125
molmoact2_native_bs8,perf/vram_allocated_mb,65,85.8984649181366,32200.0390625
molmoact2_native_bs8,perf/vram_allocated_mb,66,87.40207147598267,31394.46484375
molmoact2_native_bs8,perf/vram_allocated_mb,67,88.90559124946594,29033.001953125
molmoact2_native_bs8,perf/vram_allocated_mb,68,90.41004276275635,29033.001953125
molmoact2_native_bs8,perf/vram_allocated_mb,70,91.91353249549866,26886.498046875
molmoact2_native_bs8,perf/vram_allocated_mb,71,93.4169054031372,32443.18359375
molmoact2_native_bs8,perf/vram_allocated_mb,72,94.9204089641571,31409.998046875
molmoact2_native_bs8,perf/vram_allocated_mb,73,96.42438125610352,29033.001953125
molmoact2_native_bs8,perf/vram_allocated_mb,74,97.92882966995239,29033.001953125
molmoact2_native_bs8,perf/vram_allocated_mb,76,99.43244457244873,27498.755859375
molmoact2_native_bs8,perf/vram_allocated_mb,77,100.93557810783386,33258.02734375
molmoact2_native_bs8,perf/vram_allocated_mb,78,102.43946623802185,31527.69921875
molmoact2_native_bs8,perf/vram_allocated_mb,79,103.94339895248413,29033.001953125
molmoact2_native_bs8,perf/vram_allocated_mb,80,105.4477789402008,29033.001953125
molmoact2_native_bs8,perf/vram_allocated_mb,82,106.95072913169861,26808.052734375
molmoact2_native_bs8,perf/vram_allocated_mb,83,108.45408272743225,31948.314453125
molmoact2_native_bs8,perf/vram_allocated_mb,84,109.95798516273499,31128.328125
molmoact2_native_bs8,perf/vram_allocated_mb,85,111.47120451927185,29033.001953125
molmoact2_native_bs8,perf/vram_allocated_mb,86,112.97550845146179,29033.001953125
molmoact2_native_bs8,perf/vram_allocated_mb,88,114.47922086715698,27405.16796875
molmoact2_native_bs8,perf/vram_allocated_mb,89,115.98598909378052,30526.88671875
molmoact2_native_bs8,perf/vram_allocated_mb,90,117.48951959609985,33569.3671875
molmoact2_native_bs8,perf/vram_allocated_mb,91,118.99280500411987,31922.205078125
molmoact2_native_bs8,perf/vram_allocated_mb,92,120.49756264686584,29033.001953125
molmoact2_native_bs8,perf/vram_allocated_mb,93,122.00277900695801,29033.001953125
molmoact2_native_bs8,perf/vram_allocated_mb,95,123.50730490684509,27764.42578125
molmoact2_native_bs8,perf/vram_allocated_mb,96,125.02056884765625,31746.556640625
molmoact2_native_bs8,perf/vram_allocated_mb,97,126.5251317024231,31171.912109375
molmoact2_native_bs8,perf/vram_allocated_mb,98,128.02908611297607,29033.001953125
molmoact2_native_bs8,perf/vram_allocated_mb,99,129.533105134964,29033.001953125
molmoact2_native_bs8,perf/vram_allocated_mb,101,131.03734493255615,27038.34765625
molmoact2_native_bs8,perf/vram_allocated_mb,102,132.56156039237976,30624.0390625
molmoact2_native_bs8,perf/vram_allocated_mb,103,134.06523823738098,33896.1484375
molmoact2_native_bs8,perf/vram_allocated_mb,104,135.56872582435608,31628.568359375
molmoact2_native_bs8,perf/vram_allocated_mb,105,137.07243371009827,29033.001953125
molmoact2_native_bs8,perf/vram_allocated_mb,106,138.5759665966034,29033.001953125
molmoact2_native_bs8,perf/vram_allocated_mb,108,140.1221513748169,29476.458984375
molmoact2_native_bs8,perf/vram_allocated_mb,109,141.62604451179504,33599.09765625
molmoact2_native_bs8,perf/vram_allocated_mb,110,143.1343970298767,30198.77734375
molmoact2_native_bs8,perf/vram_allocated_mb,111,144.6379988193512,29033.001953125
molmoact2_native_bs8,perf/vram_allocated_mb,112,146.14184069633484,29033.001953125
molmoact2_native_bs8,perf/vram_allocated_mb,114,147.66451215744019,30458.416015625
molmoact2_native_bs8,perf/vram_allocated_mb,115,149.17456078529358,29988.689453125
molmoact2_native_bs8,perf/vram_allocated_mb,116,150.68425869941711,29043.61328125
molmoact2_native_bs8,perf/vram_allocated_mb,117,152.18838930130005,29033.001953125
molmoact2_native_bs8,perf/vram_allocated_mb,118,153.6923863887787,29033.001953125
molmoact2_native_bs8,perf/vram_allocated_mb,120,155.2495677471161,29791.755859375
molmoact2_native_bs8,perf/vram_allocated_mb,121,156.75330901145935,33576.01171875
molmoact2_native_bs8,perf/vram_allocated_mb,122,158.2578101158142,31102.318359375
molmoact2_native_bs8,perf/vram_allocated_mb,123,159.76242446899414,29033.001953125
molmoact2_native_bs8,perf/vram_allocated_mb,124,161.26860904693604,29033.001953125
molmoact2_native_bs8,perf/vram_allocated_mb,125,162.77308058738708,29033.001953125
molmoact2_native_bs8,perf/vram_allocated_mb,127,164.27596497535706,26886.498046875
molmoact2_native_bs8,perf/vram_allocated_mb,128,165.79038453102112,30951.982421875
molmoact2_native_bs8,perf/vram_allocated_mb,129,167.29798126220703,30113.59375
molmoact2_native_bs8,perf/vram_allocated_mb,130,168.80738377571106,29139.80078125
molmoact2_native_bs8,perf/vram_allocated_mb,131,170.31205081939697,29033.001953125
molmoact2_native_bs8,perf/vram_allocated_mb,132,171.82078003883362,29033.001953125
molmoact2_native_bs8,perf/vram_allocated_mb,134,173.32486367225647,27522.365234375
molmoact2_native_bs8,perf/vram_allocated_mb,135,174.87996172904968,29801.525390625
molmoact2_native_bs8,perf/vram_allocated_mb,136,176.38347721099854,33249.6171875
molmoact2_native_bs8,perf/vram_allocated_mb,137,177.88711023330688,31093.642578125
molmoact2_native_bs8,perf/vram_allocated_mb,138,179.39562320709229,29043.6171875
molmoact2_native_bs8,perf/vram_allocated_mb,139,180.91193675994873,29033.001953125
molmoact2_native_bs8,perf/vram_allocated_mb,140,182.41721773147583,29033.001953125
molmoact2_native_bs8,perf/vram_allocated_mb,141,183.92239832878113,29033.001953125
molmoact2_native_bs8,perf/vram_allocated_mb,143,185.42648696899414,28300.984375
molmoact2_native_bs8,perf/vram_allocated_mb,144,186.93009686470032,30624.0390625
molmoact2_native_bs8,perf/vram_allocated_mb,145,188.43387746810913,33592.09375
molmoact2_native_bs8,perf/vram_allocated_mb,146,189.93769240379333,31385.357421875
molmoact2_native_bs8,perf/vram_allocated_mb,147,191.44146871566772,29033.001953125
molmoact2_native_bs8,perf/vram_allocated_mb,148,192.9480094909668,29033.001953125
molmoact2_native_bs8,perf/vram_allocated_mb,149,194.4533133506775,29033.001953125
molmoact2_native_bs8,perf/vram_allocated_mb,150,195.95869827270508,29033.001953125
molmoact2_native_bs8,perf/vram_allocated_mb,152,197.47280836105347,28934.732421875
molmoact2_native_bs8,perf/vram_allocated_mb,153,198.99040579795837,30913.98046875
molmoact2_native_bs8,perf/vram_allocated_mb,154,200.49484753608704,30889.845703125
molmoact2_native_bs8,perf/vram_allocated_mb,155,202.00757813453674,29296.876953125
molmoact2_native_bs8,perf/vram_allocated_mb,156,203.51202178001404,29033.001953125
molmoact2_native_bs8,perf/vram_allocated_mb,157,205.01609683036804,29033.001953125
molmoact2_native_bs8,perf/vram_allocated_mb,159,206.5217626094818,27390.603515625
molmoact2_native_bs8,perf/vram_allocated_mb,160,208.04971885681152,29069.505859375
molmoact2_native_bs8,perf/vram_allocated_mb,161,209.5620801448822,31700.33203125
molmoact2_native_bs8,perf/vram_allocated_mb,162,211.06604075431824,33894.41796875
molmoact2_native_bs8,perf/vram_allocated_mb,163,212.57280158996582,31348.64453125
molmoact2_native_bs8,perf/vram_allocated_mb,164,214.07764434814453,29033.001953125
molmoact2_native_bs8,perf/vram_allocated_mb,165,215.58236050605774,29033.001953125
molmoact2_native_bs8,perf/vram_allocated_mb,166,217.08621764183044,29033.001953125
molmoact2_native_bs8,perf/vram_allocated_mb,167,218.59098267555237,29033.001953125
molmoact2_native_bs8,perf/vram_allocated_mb,169,220.0960819721222,28092.220703125
molmoact2_native_bs8,perf/vram_allocated_mb,170,221.60125470161438,31824.0546875
molmoact2_native_bs8,perf/vram_allocated_mb,171,223.10547018051147,30980.796875
molmoact2_native_bs8,perf/vram_allocated_mb,172,224.6122181415558,31748.5234375
molmoact2_native_bs8,perf/vram_allocated_mb,173,226.11828422546387,29033.001953125
molmoact2_native_bs8,perf/vram_allocated_mb,174,227.62328147888184,29033.001953125
molmoact2_native_bs8,perf/vram_allocated_mb,175,229.12773251533508,29033.001953125
molmoact2_native_bs8,perf/vram_allocated_mb,177,230.6311559677124,27228.99609375
molmoact2_native_bs8,perf/vram_allocated_mb,178,232.13453769683838,30422.0234375
molmoact2_native_bs8,perf/vram_allocated_mb,179,233.64831042289734,30695.416015625
molmoact2_native_bs8,perf/vram_allocated_mb,180,235.15470147132874,29146.294921875
molmoact2_native_bs8,perf/vram_allocated_mb,181,236.65836572647095,29033.001953125
molmoact2_native_bs8,perf/vram_allocated_mb,182,238.16283345222473,29033.001953125
molmoact2_native_bs8,perf/vram_allocated_mb,184,239.6668508052826,26884.359375
molmoact2_native_bs8,perf/vram_allocated_mb,185,241.17156338691711,30422.0234375
molmoact2_native_bs8,perf/vram_allocated_mb,186,242.67714762687683,29946.857421875
molmoact2_native_bs8,perf/vram_allocated_mb,187,244.18053936958313,31932.421875
molmoact2_native_bs8,perf/vram_allocated_mb,188,245.68665838241577,29033.001953125
molmoact2_native_bs8,perf/vram_allocated_mb,189,247.19458985328674,29033.001953125
molmoact2_native_bs8,perf/vram_allocated_mb,191,248.69883370399475,26804.51171875
molmoact2_native_bs8,perf/vram_allocated_mb,192,250.22673845291138,31746.556640625
molmoact2_native_bs8,perf/vram_allocated_mb,193,251.7301688194275,33599.01171875
molmoact2_native_bs8,perf/vram_allocated_mb,194,253.23775935173035,31550.00390625
molmoact2_native_bs8,perf/vram_allocated_mb,195,254.7421910762787,29033.001953125
molmoact2_native_bs8,perf/vram_allocated_mb,196,256.24695682525635,29033.001953125
molmoact2_native_bs8,perf/vram_allocated_mb,197,257.7537086009979,29033.001953125
molmoact2_native_bs8,perf/vram_allocated_mb,199,259.2576711177826,26805.19140625
molmoact2_native_bs8,perf/vram_allocated_mb,200,260.7767207622528,30466.701171875
molmoact2_native_bs8,perf/vram_allocated_mb,200,262.4723153114319,26721.939453125
molmoact2_native_bs8,perf/vram_allocated_mb,200,264.19094681739807,26721.939453125
molmoact2_native_bs8,perf/vram_allocated_mb,200,265.9183223247528,26721.939453125
molmoact2_native_bs8,perf/vram_allocated_mb,200,267.67587757110596,26721.939453125
molmoact2_native_bs8,perf/vram_allocated_mb,200,269.65274477005005,26721.939453125
molmoact2_native_bs8,perf/vram_allocated_mb,200,271.28916478157043,26721.939453125
molmoact2_native_bs8,perf/vram_allocated_mb,200,272.8410484790802,26721.939453125
molmoact2_native_bs8,perf/vram_reserved_mb,0,4.506111145019531e-05,25438.453125
molmoact2_native_bs8,perf/vram_reserved_mb,1,1.505829095840454,28143.779296875
molmoact2_native_bs8,perf/vram_reserved_mb,1,3.0472402572631836,33978.05859375
molmoact2_native_bs8,perf/vram_reserved_mb,2,4.568220138549805,34087.109375
molmoact2_native_bs8,perf/vram_reserved_mb,3,6.074122905731201,37511.7578125
molmoact2_native_bs8,perf/vram_reserved_mb,4,7.579685926437378,38667.2890625
molmoact2_native_bs8,perf/vram_reserved_mb,5,9.089393377304077,38667.2890625
molmoact2_native_bs8,perf/vram_reserved_mb,6,10.593703508377075,38667.2890625
molmoact2_native_bs8,perf/vram_reserved_mb,7,12.097565174102783,38667.2890625
molmoact2_native_bs8,perf/vram_reserved_mb,9,13.62986969947815,38667.2890625
molmoact2_native_bs8,perf/vram_reserved_mb,10,15.133562803268433,38667.2890625
molmoact2_native_bs8,perf/vram_reserved_mb,11,16.63702917098999,38667.2890625
molmoact2_native_bs8,perf/vram_reserved_mb,12,18.141552686691284,38667.2890625
molmoact2_native_bs8,perf/vram_reserved_mb,13,19.64725399017334,38667.2890625
molmoact2_native_bs8,perf/vram_reserved_mb,14,21.15101647377014,38667.2890625
molmoact2_native_bs8,perf/vram_reserved_mb,16,22.654786825180054,38667.2890625
molmoact2_native_bs8,perf/vram_reserved_mb,17,24.15815234184265,38667.2890625
molmoact2_native_bs8,perf/vram_reserved_mb,18,25.662160634994507,38667.2890625
molmoact2_native_bs8,perf/vram_reserved_mb,19,27.168695211410522,38667.2890625
molmoact2_native_bs8,perf/vram_reserved_mb,20,28.672669172286987,38667.2890625
molmoact2_native_bs8,perf/vram_reserved_mb,22,30.18277406692505,38667.2890625
molmoact2_native_bs8,perf/vram_reserved_mb,23,31.686822175979614,38667.2890625
molmoact2_native_bs8,perf/vram_reserved_mb,24,33.19053053855896,38667.2890625
molmoact2_native_bs8,perf/vram_reserved_mb,25,34.694238901138306,38667.2890625
molmoact2_native_bs8,perf/vram_reserved_mb,26,36.198734760284424,39822.8203125
molmoact2_native_bs8,perf/vram_reserved_mb,27,37.702779054641724,39822.8203125
molmoact2_native_bs8,perf/vram_reserved_mb,28,39.20700669288635,39822.8203125
molmoact2_native_bs8,perf/vram_reserved_mb,30,40.75006723403931,39822.8203125
molmoact2_native_bs8,perf/vram_reserved_mb,31,42.25562119483948,39822.8203125
molmoact2_native_bs8,perf/vram_reserved_mb,32,43.75903129577637,39822.8203125
molmoact2_native_bs8,perf/vram_reserved_mb,33,45.26420831680298,39822.8203125
molmoact2_native_bs8,perf/vram_reserved_mb,34,46.76889729499817,39822.8203125
molmoact2_native_bs8,perf/vram_reserved_mb,36,48.27279758453369,39822.8203125
molmoact2_native_bs8,perf/vram_reserved_mb,37,49.77768564224243,39822.8203125
molmoact2_native_bs8,perf/vram_reserved_mb,38,51.28156757354736,39822.8203125
molmoact2_native_bs8,perf/vram_reserved_mb,39,52.78493928909302,39822.8203125
molmoact2_native_bs8,perf/vram_reserved_mb,40,54.289122104644775,39822.8203125
molmoact2_native_bs8,perf/vram_reserved_mb,41,55.79450964927673,39822.8203125
molmoact2_native_bs8,perf/vram_reserved_mb,43,57.30326700210571,39822.8203125
molmoact2_native_bs8,perf/vram_reserved_mb,44,58.80688452720642,39822.8203125
molmoact2_native_bs8,perf/vram_reserved_mb,45,60.310898780822754,39822.8203125
molmoact2_native_bs8,perf/vram_reserved_mb,46,61.816704988479614,39822.8203125
molmoact2_native_bs8,perf/vram_reserved_mb,47,63.32097387313843,39822.8203125
molmoact2_native_bs8,perf/vram_reserved_mb,48,64.82484817504883,39822.8203125
molmoact2_native_bs8,perf/vram_reserved_mb,50,66.32865357398987,39822.8203125
molmoact2_native_bs8,perf/vram_reserved_mb,51,67.83305168151855,39822.8203125
molmoact2_native_bs8,perf/vram_reserved_mb,52,69.33662700653076,39822.8203125
molmoact2_native_bs8,perf/vram_reserved_mb,53,70.84317803382874,39822.8203125
molmoact2_native_bs8,perf/vram_reserved_mb,54,72.34762954711914,39822.8203125
molmoact2_native_bs8,perf/vram_reserved_mb,55,73.85168027877808,39822.8203125
molmoact2_native_bs8,perf/vram_reserved_mb,57,75.36051058769226,39822.8203125
molmoact2_native_bs8,perf/vram_reserved_mb,58,76.87061262130737,39822.8203125
molmoact2_native_bs8,perf/vram_reserved_mb,59,78.37469029426575,39822.8203125
molmoact2_native_bs8,perf/vram_reserved_mb,60,79.8795759677887,39822.8203125
molmoact2_native_bs8,perf/vram_reserved_mb,61,81.38597965240479,39822.8203125
molmoact2_native_bs8,perf/vram_reserved_mb,62,82.89200067520142,39822.8203125
molmoact2_native_bs8,perf/vram_reserved_mb,64,84.3950469493866,39822.8203125
molmoact2_native_bs8,perf/vram_reserved_mb,65,85.89850664138794,39822.8203125
molmoact2_native_bs8,perf/vram_reserved_mb,66,87.40210580825806,39822.8203125
molmoact2_native_bs8,perf/vram_reserved_mb,67,88.90562772750854,39822.8203125
molmoact2_native_bs8,perf/vram_reserved_mb,68,90.41007876396179,39822.8203125
molmoact2_native_bs8,perf/vram_reserved_mb,70,91.91356611251831,39822.8203125
molmoact2_native_bs8,perf/vram_reserved_mb,71,93.41694140434265,39822.8203125
molmoact2_native_bs8,perf/vram_reserved_mb,72,94.9204523563385,39822.8203125
molmoact2_native_bs8,perf/vram_reserved_mb,73,96.4244270324707,39822.8203125
molmoact2_native_bs8,perf/vram_reserved_mb,74,97.92886662483215,39822.8203125
molmoact2_native_bs8,perf/vram_reserved_mb,76,99.43247961997986,39822.8203125
molmoact2_native_bs8,perf/vram_reserved_mb,77,100.9356119632721,39822.8203125
molmoact2_native_bs8,perf/vram_reserved_mb,78,102.43951201438904,39822.8203125
molmoact2_native_bs8,perf/vram_reserved_mb,79,103.94345164299011,39822.8203125
molmoact2_native_bs8,perf/vram_reserved_mb,80,105.44781398773193,39822.8203125
molmoact2_native_bs8,perf/vram_reserved_mb,82,106.95076084136963,39822.8203125
molmoact2_native_bs8,perf/vram_reserved_mb,83,108.45411777496338,39822.8203125
molmoact2_native_bs8,perf/vram_reserved_mb,84,109.95802044868469,39822.8203125
molmoact2_native_bs8,perf/vram_reserved_mb,85,111.47124361991882,39822.8203125
molmoact2_native_bs8,perf/vram_reserved_mb,86,112.97554397583008,39822.8203125
molmoact2_native_bs8,perf/vram_reserved_mb,88,114.47925543785095,39822.8203125
molmoact2_native_bs8,perf/vram_reserved_mb,89,115.98602414131165,39822.8203125
molmoact2_native_bs8,perf/vram_reserved_mb,90,117.48955798149109,39822.8203125
molmoact2_native_bs8,perf/vram_reserved_mb,91,118.99284029006958,39822.8203125
molmoact2_native_bs8,perf/vram_reserved_mb,92,120.49759721755981,39822.8203125
molmoact2_native_bs8,perf/vram_reserved_mb,93,122.00281429290771,39822.8203125
molmoact2_native_bs8,perf/vram_reserved_mb,95,123.50733947753906,39822.8203125
molmoact2_native_bs8,perf/vram_reserved_mb,96,125.02060437202454,39822.8203125
molmoact2_native_bs8,perf/vram_reserved_mb,97,126.52516722679138,39822.8203125
molmoact2_native_bs8,perf/vram_reserved_mb,98,128.0291223526001,39822.8203125
molmoact2_native_bs8,perf/vram_reserved_mb,99,129.53314113616943,39822.8203125
molmoact2_native_bs8,perf/vram_reserved_mb,101,131.03738474845886,39822.8203125
molmoact2_native_bs8,perf/vram_reserved_mb,102,132.5615930557251,39822.8203125
molmoact2_native_bs8,perf/vram_reserved_mb,103,134.06527972221375,39822.8203125
molmoact2_native_bs8,perf/vram_reserved_mb,104,135.56875872612,39822.8203125
molmoact2_native_bs8,perf/vram_reserved_mb,105,137.07247042655945,39822.8203125
molmoact2_native_bs8,perf/vram_reserved_mb,106,138.57600140571594,39822.8203125
molmoact2_native_bs8,perf/vram_reserved_mb,108,140.12218475341797,39822.8203125
molmoact2_native_bs8,perf/vram_reserved_mb,109,141.62608551979065,39822.8203125
molmoact2_native_bs8,perf/vram_reserved_mb,110,143.13444137573242,39822.8203125
molmoact2_native_bs8,perf/vram_reserved_mb,111,144.63803386688232,39822.8203125
molmoact2_native_bs8,perf/vram_reserved_mb,112,146.1418740749359,39822.8203125
molmoact2_native_bs8,perf/vram_reserved_mb,114,147.6645495891571,39822.8203125
molmoact2_native_bs8,perf/vram_reserved_mb,115,149.17461371421814,39822.8203125
molmoact2_native_bs8,perf/vram_reserved_mb,116,150.68430304527283,39822.8203125
molmoact2_native_bs8,perf/vram_reserved_mb,117,152.18843173980713,39822.8203125
molmoact2_native_bs8,perf/vram_reserved_mb,118,153.69243597984314,39822.8203125
molmoact2_native_bs8,perf/vram_reserved_mb,120,155.24960255622864,39822.8203125
molmoact2_native_bs8,perf/vram_reserved_mb,121,156.75334405899048,39822.8203125
molmoact2_native_bs8,perf/vram_reserved_mb,122,158.25784373283386,39822.8203125
molmoact2_native_bs8,perf/vram_reserved_mb,123,159.762460231781,39822.8203125
molmoact2_native_bs8,perf/vram_reserved_mb,124,161.26864409446716,39822.8203125
molmoact2_native_bs8,perf/vram_reserved_mb,125,162.77311515808105,39822.8203125
molmoact2_native_bs8,perf/vram_reserved_mb,127,164.27599692344666,39822.8203125
molmoact2_native_bs8,perf/vram_reserved_mb,128,165.7904303073883,39822.8203125
molmoact2_native_bs8,perf/vram_reserved_mb,129,167.29802083969116,39822.8203125
molmoact2_native_bs8,perf/vram_reserved_mb,130,168.80743622779846,39822.8203125
molmoact2_native_bs8,perf/vram_reserved_mb,131,170.31208491325378,39822.8203125
molmoact2_native_bs8,perf/vram_reserved_mb,132,171.82081532478333,39822.8203125
molmoact2_native_bs8,perf/vram_reserved_mb,134,173.3249068260193,39822.8203125
molmoact2_native_bs8,perf/vram_reserved_mb,135,174.8799991607666,39822.8203125
molmoact2_native_bs8,perf/vram_reserved_mb,136,176.3835117816925,39822.8203125
molmoact2_native_bs8,perf/vram_reserved_mb,137,177.8871443271637,39822.8203125
molmoact2_native_bs8,perf/vram_reserved_mb,138,179.395658493042,39822.8203125
molmoact2_native_bs8,perf/vram_reserved_mb,139,180.9119791984558,39822.8203125
molmoact2_native_bs8,perf/vram_reserved_mb,140,182.4172580242157,39822.8203125
molmoact2_native_bs8,perf/vram_reserved_mb,141,183.92245268821716,39822.8203125
molmoact2_native_bs8,perf/vram_reserved_mb,143,185.42652249336243,39822.8203125
molmoact2_native_bs8,perf/vram_reserved_mb,144,186.93013262748718,39822.8203125
molmoact2_native_bs8,perf/vram_reserved_mb,145,188.43391251564026,39822.8203125
molmoact2_native_bs8,perf/vram_reserved_mb,146,189.937726020813,39822.8203125
molmoact2_native_bs8,perf/vram_reserved_mb,147,191.4415044784546,39822.8203125
molmoact2_native_bs8,perf/vram_reserved_mb,148,192.94811391830444,39822.8203125
molmoact2_native_bs8,perf/vram_reserved_mb,149,194.45336604118347,39822.8203125
molmoact2_native_bs8,perf/vram_reserved_mb,150,195.95873284339905,39822.8203125
molmoact2_native_bs8,perf/vram_reserved_mb,152,197.4728512763977,39822.8203125
molmoact2_native_bs8,perf/vram_reserved_mb,153,198.9904501438141,39822.8203125
molmoact2_native_bs8,perf/vram_reserved_mb,154,200.49488759040833,39822.8203125
molmoact2_native_bs8,perf/vram_reserved_mb,155,202.00762391090393,39822.8203125
molmoact2_native_bs8,perf/vram_reserved_mb,156,203.51205682754517,39822.8203125
molmoact2_native_bs8,perf/vram_reserved_mb,157,205.01612997055054,39822.8203125
molmoact2_native_bs8,perf/vram_reserved_mb,159,206.52179861068726,39822.8203125
molmoact2_native_bs8,perf/vram_reserved_mb,160,208.04975724220276,39822.8203125
molmoact2_native_bs8,perf/vram_reserved_mb,161,209.56211638450623,39822.8203125
molmoact2_native_bs8,perf/vram_reserved_mb,162,211.06608176231384,39822.8203125
molmoact2_native_bs8,perf/vram_reserved_mb,163,212.57284688949585,39822.8203125
molmoact2_native_bs8,perf/vram_reserved_mb,164,214.07767820358276,39822.8203125
molmoact2_native_bs8,perf/vram_reserved_mb,165,215.58239603042603,39822.8203125
molmoact2_native_bs8,perf/vram_reserved_mb,166,217.08625268936157,39822.8203125
molmoact2_native_bs8,perf/vram_reserved_mb,167,218.59101700782776,39822.8203125
molmoact2_native_bs8,perf/vram_reserved_mb,169,220.096120595932,39822.8203125
molmoact2_native_bs8,perf/vram_reserved_mb,170,221.60129165649414,39822.8203125
molmoact2_native_bs8,perf/vram_reserved_mb,171,223.10550737380981,39822.8203125
molmoact2_native_bs8,perf/vram_reserved_mb,172,224.61225247383118,39822.8203125
molmoact2_native_bs8,perf/vram_reserved_mb,173,226.1183216571808,39822.8203125
molmoact2_native_bs8,perf/vram_reserved_mb,174,227.62331867218018,39822.8203125
molmoact2_native_bs8,perf/vram_reserved_mb,175,229.12776732444763,39822.8203125
molmoact2_native_bs8,perf/vram_reserved_mb,177,230.63119053840637,39822.8203125
molmoact2_native_bs8,perf/vram_reserved_mb,178,232.1345729827881,39822.8203125
molmoact2_native_bs8,perf/vram_reserved_mb,179,233.64834475517273,39822.8203125
molmoact2_native_bs8,perf/vram_reserved_mb,180,235.15473699569702,39822.8203125
molmoact2_native_bs8,perf/vram_reserved_mb,181,236.65839982032776,39822.8203125
molmoact2_native_bs8,perf/vram_reserved_mb,182,238.1628715991974,39822.8203125
molmoact2_native_bs8,perf/vram_reserved_mb,184,239.66688776016235,39822.8203125
molmoact2_native_bs8,perf/vram_reserved_mb,185,241.1716115474701,39822.8203125
molmoact2_native_bs8,perf/vram_reserved_mb,186,242.677184343338,39822.8203125
molmoact2_native_bs8,perf/vram_reserved_mb,187,244.18057346343994,39822.8203125
molmoact2_native_bs8,perf/vram_reserved_mb,188,245.68669772148132,39822.8203125
molmoact2_native_bs8,perf/vram_reserved_mb,189,247.19462728500366,39822.8203125
molmoact2_native_bs8,perf/vram_reserved_mb,191,248.6988697052002,39822.8203125
molmoact2_native_bs8,perf/vram_reserved_mb,192,250.22677755355835,39822.8203125
molmoact2_native_bs8,perf/vram_reserved_mb,193,251.7302107810974,39822.8203125
molmoact2_native_bs8,perf/vram_reserved_mb,194,253.23780417442322,39822.8203125
molmoact2_native_bs8,perf/vram_reserved_mb,195,254.7422297000885,39822.8203125
molmoact2_native_bs8,perf/vram_reserved_mb,196,256.2469906806946,39822.8203125
molmoact2_native_bs8,perf/vram_reserved_mb,197,257.75374150276184,39822.8203125
molmoact2_native_bs8,perf/vram_reserved_mb,199,259.25770902633667,39822.8203125
molmoact2_native_bs8,perf/vram_reserved_mb,200,260.7767565250397,39822.8203125
molmoact2_native_bs8,perf/vram_reserved_mb,200,262.4723541736603,27751.61328125
molmoact2_native_bs8,perf/vram_reserved_mb,200,264.1915497779846,27751.61328125
molmoact2_native_bs8,perf/vram_reserved_mb,200,265.91836190223694,27751.61328125
molmoact2_native_bs8,perf/vram_reserved_mb,200,267.6759159564972,27751.61328125
molmoact2_native_bs8,perf/vram_reserved_mb,200,269.65280055999756,27751.61328125
molmoact2_native_bs8,perf/vram_reserved_mb,200,271.2892036437988,27751.61328125
molmoact2_native_bs8,perf/vram_reserved_mb,200,272.8410954475403,27751.61328125
molmoact2_native_bs8,perf/vram_peak_mb,0,5.650520324707031e-05,24818.060546875
molmoact2_native_bs8,perf/vram_peak_mb,1,1.5058386325836182,26610.43359375
molmoact2_native_bs8,perf/vram_peak_mb,1,3.047250270843506,29043.55859375
molmoact2_native_bs8,perf/vram_peak_mb,2,4.568229913711548,31354.603515625
molmoact2_native_bs8,perf/vram_peak_mb,3,6.074132442474365,33586.37890625
molmoact2_native_bs8,perf/vram_peak_mb,4,7.579700708389282,33643.2109375
molmoact2_native_bs8,perf/vram_peak_mb,5,9.0894033908844,33764.4140625
molmoact2_native_bs8,perf/vram_peak_mb,6,10.59371280670166,33764.4140625
molmoact2_native_bs8,perf/vram_peak_mb,7,12.09757375717163,33764.4140625
molmoact2_native_bs8,perf/vram_peak_mb,9,13.629883289337158,33764.4140625
molmoact2_native_bs8,perf/vram_peak_mb,10,15.13357162475586,33764.4140625
molmoact2_native_bs8,perf/vram_peak_mb,11,16.637041330337524,33764.4140625
molmoact2_native_bs8,perf/vram_peak_mb,12,18.14156484603882,33764.4140625
molmoact2_native_bs8,perf/vram_peak_mb,13,19.64726424217224,33764.4140625
molmoact2_native_bs8,perf/vram_peak_mb,14,21.151026010513306,33764.4140625
molmoact2_native_bs8,perf/vram_peak_mb,16,22.654796600341797,33764.4140625
molmoact2_native_bs8,perf/vram_peak_mb,17,24.158161640167236,33764.4140625
molmoact2_native_bs8,perf/vram_peak_mb,18,25.662169933319092,33764.4140625
molmoact2_native_bs8,perf/vram_peak_mb,19,27.168704986572266,33764.4140625
molmoact2_native_bs8,perf/vram_peak_mb,20,28.67267870903015,33764.4140625
molmoact2_native_bs8,perf/vram_peak_mb,22,30.18278479576111,33764.4140625
molmoact2_native_bs8,perf/vram_peak_mb,23,31.68683171272278,33764.4140625
molmoact2_native_bs8,perf/vram_peak_mb,24,33.190540075302124,33764.4140625
molmoact2_native_bs8,perf/vram_peak_mb,25,34.69424796104431,33942.6484375
molmoact2_native_bs8,perf/vram_peak_mb,26,36.19874358177185,33942.6484375
molmoact2_native_bs8,perf/vram_peak_mb,27,37.70278859138489,33942.6484375
molmoact2_native_bs8,perf/vram_peak_mb,28,39.20701599121094,33942.6484375
molmoact2_native_bs8,perf/vram_peak_mb,30,40.750075578689575,33942.6484375
molmoact2_native_bs8,perf/vram_peak_mb,31,42.25563073158264,33942.6484375
molmoact2_native_bs8,perf/vram_peak_mb,32,43.759039878845215,33942.6484375
molmoact2_native_bs8,perf/vram_peak_mb,33,45.264217376708984,33942.6484375
molmoact2_native_bs8,perf/vram_peak_mb,34,46.76890707015991,33942.6484375
molmoact2_native_bs8,perf/vram_peak_mb,36,48.272807121276855,33942.6484375
molmoact2_native_bs8,perf/vram_peak_mb,37,49.77769494056702,33942.6484375
molmoact2_native_bs8,perf/vram_peak_mb,38,51.28157663345337,33942.6484375
molmoact2_native_bs8,perf/vram_peak_mb,39,52.78494906425476,33942.6484375
molmoact2_native_bs8,perf/vram_peak_mb,40,54.2891309261322,33942.6484375
molmoact2_native_bs8,perf/vram_peak_mb,41,55.79451870918274,33942.6484375
molmoact2_native_bs8,perf/vram_peak_mb,43,57.30327653884888,33942.6484375
molmoact2_native_bs8,perf/vram_peak_mb,44,58.806894063949585,33942.6484375
molmoact2_native_bs8,perf/vram_peak_mb,45,60.31090784072876,33942.6484375
molmoact2_native_bs8,perf/vram_peak_mb,46,61.81671452522278,33942.6484375
molmoact2_native_bs8,perf/vram_peak_mb,47,63.320988178253174,33942.6484375
molmoact2_native_bs8,perf/vram_peak_mb,48,64.82485818862915,33942.6484375
molmoact2_native_bs8,perf/vram_peak_mb,50,66.32866287231445,33942.6484375
molmoact2_native_bs8,perf/vram_peak_mb,51,67.83306288719177,33942.6484375
molmoact2_native_bs8,perf/vram_peak_mb,52,69.33663654327393,33942.6484375
molmoact2_native_bs8,perf/vram_peak_mb,53,70.84318733215332,33942.6484375
molmoact2_native_bs8,perf/vram_peak_mb,54,72.34763860702515,33942.6484375
molmoact2_native_bs8,perf/vram_peak_mb,55,73.85168933868408,33942.6484375
molmoact2_native_bs8,perf/vram_peak_mb,57,75.36051988601685,33942.6484375
molmoact2_native_bs8,perf/vram_peak_mb,58,76.8706226348877,33942.6484375
molmoact2_native_bs8,perf/vram_peak_mb,59,78.37470293045044,33942.6484375
molmoact2_native_bs8,perf/vram_peak_mb,60,79.87958550453186,33942.6484375
molmoact2_native_bs8,perf/vram_peak_mb,61,81.38598847389221,33942.6484375
molmoact2_native_bs8,perf/vram_peak_mb,62,82.89200949668884,33942.6484375
molmoact2_native_bs8,perf/vram_peak_mb,64,84.39505577087402,33942.6484375
molmoact2_native_bs8,perf/vram_peak_mb,65,85.89851880073547,33942.6484375
molmoact2_native_bs8,perf/vram_peak_mb,66,87.40211486816406,33942.6484375
molmoact2_native_bs8,perf/vram_peak_mb,67,88.90563726425171,33942.6484375
molmoact2_native_bs8,perf/vram_peak_mb,68,90.4100878238678,33942.6484375
molmoact2_native_bs8,perf/vram_peak_mb,70,91.91357564926147,33942.6484375
molmoact2_native_bs8,perf/vram_peak_mb,71,93.41695022583008,33942.6484375
molmoact2_native_bs8,perf/vram_peak_mb,72,94.92046189308167,33942.6484375
molmoact2_native_bs8,perf/vram_peak_mb,73,96.4244384765625,33942.6484375
molmoact2_native_bs8,perf/vram_peak_mb,74,97.92887616157532,33942.6484375
molmoact2_native_bs8,perf/vram_peak_mb,76,99.43248844146729,33942.6484375
molmoact2_native_bs8,perf/vram_peak_mb,77,100.9356210231781,33942.6484375
molmoact2_native_bs8,perf/vram_peak_mb,78,102.43952178955078,33942.6484375
molmoact2_native_bs8,perf/vram_peak_mb,79,103.94346261024475,33942.6484375
molmoact2_native_bs8,perf/vram_peak_mb,80,105.44782328605652,33942.6484375
molmoact2_native_bs8,perf/vram_peak_mb,82,106.95077013969421,33942.6484375
molmoact2_native_bs8,perf/vram_peak_mb,83,108.45412731170654,33942.6484375
molmoact2_native_bs8,perf/vram_peak_mb,84,109.9580295085907,33942.6484375
molmoact2_native_bs8,perf/vram_peak_mb,85,111.47125363349915,33942.6484375
molmoact2_native_bs8,perf/vram_peak_mb,86,112.97555375099182,33942.6484375
molmoact2_native_bs8,perf/vram_peak_mb,88,114.47926497459412,33942.6484375
molmoact2_native_bs8,perf/vram_peak_mb,89,115.98603367805481,33942.6484375
molmoact2_native_bs8,perf/vram_peak_mb,90,117.48956799507141,33942.6484375
molmoact2_native_bs8,perf/vram_peak_mb,91,118.99284958839417,33942.6484375
molmoact2_native_bs8,perf/vram_peak_mb,92,120.49760603904724,33942.6484375
molmoact2_native_bs8,perf/vram_peak_mb,93,122.0028247833252,33942.6484375
molmoact2_native_bs8,perf/vram_peak_mb,95,123.50734901428223,33942.6484375
molmoact2_native_bs8,perf/vram_peak_mb,96,125.02061367034912,33942.6484375
molmoact2_native_bs8,perf/vram_peak_mb,97,126.52517819404602,33942.6484375
molmoact2_native_bs8,perf/vram_peak_mb,98,128.02913308143616,33942.6484375
molmoact2_native_bs8,perf/vram_peak_mb,99,129.53315091133118,33942.6484375
molmoact2_native_bs8,perf/vram_peak_mb,101,131.0373978614807,33942.6484375
molmoact2_native_bs8,perf/vram_peak_mb,102,132.56160235404968,33942.6484375
molmoact2_native_bs8,perf/vram_peak_mb,103,134.06529021263123,33942.6484375
molmoact2_native_bs8,perf/vram_peak_mb,104,135.568767786026,33942.6484375
molmoact2_native_bs8,perf/vram_peak_mb,105,137.0724802017212,33942.6484375
molmoact2_native_bs8,perf/vram_peak_mb,106,138.57601118087769,33942.6484375
molmoact2_native_bs8,perf/vram_peak_mb,108,140.1221935749054,33942.6484375
molmoact2_native_bs8,perf/vram_peak_mb,109,141.62609815597534,33942.6484375
molmoact2_native_bs8,perf/vram_peak_mb,110,143.13445162773132,33942.6484375
molmoact2_native_bs8,perf/vram_peak_mb,111,144.63804388046265,33942.6484375
molmoact2_native_bs8,perf/vram_peak_mb,112,146.14188289642334,33942.6484375
molmoact2_native_bs8,perf/vram_peak_mb,114,147.66455912590027,33942.6484375
molmoact2_native_bs8,perf/vram_peak_mb,115,149.17462706565857,33942.6484375
molmoact2_native_bs8,perf/vram_peak_mb,116,150.684312582016,33942.6484375
molmoact2_native_bs8,perf/vram_peak_mb,117,152.18844318389893,33942.6484375
molmoact2_native_bs8,perf/vram_peak_mb,118,153.69244718551636,33942.6484375
molmoact2_native_bs8,perf/vram_peak_mb,120,155.2496120929718,33942.6484375
molmoact2_native_bs8,perf/vram_peak_mb,121,156.75335359573364,33942.6484375
molmoact2_native_bs8,perf/vram_peak_mb,122,158.2578523159027,33942.6484375
molmoact2_native_bs8,perf/vram_peak_mb,123,159.76247096061707,33942.6484375
molmoact2_native_bs8,perf/vram_peak_mb,124,161.26865458488464,33942.6484375
molmoact2_native_bs8,perf/vram_peak_mb,125,162.7731237411499,33942.6484375
molmoact2_native_bs8,perf/vram_peak_mb,127,164.27600598335266,33942.6484375
molmoact2_native_bs8,perf/vram_peak_mb,128,165.79044127464294,33942.6484375
molmoact2_native_bs8,perf/vram_peak_mb,129,167.29803085327148,33942.6484375
molmoact2_native_bs8,perf/vram_peak_mb,130,168.80744814872742,33942.6484375
molmoact2_native_bs8,perf/vram_peak_mb,131,170.3120939731598,33942.6484375
molmoact2_native_bs8,perf/vram_peak_mb,132,171.82082509994507,33942.6484375
molmoact2_native_bs8,perf/vram_peak_mb,134,173.32492089271545,33942.6484375
molmoact2_native_bs8,perf/vram_peak_mb,135,174.88000869750977,33942.6484375
molmoact2_native_bs8,perf/vram_peak_mb,136,176.38353371620178,33942.6484375
molmoact2_native_bs8,perf/vram_peak_mb,137,177.8871533870697,33942.6484375
molmoact2_native_bs8,perf/vram_peak_mb,138,179.39566850662231,33942.6484375
molmoact2_native_bs8,perf/vram_peak_mb,139,180.91199207305908,33942.6484375
molmoact2_native_bs8,perf/vram_peak_mb,140,182.41726970672607,33942.6484375
molmoact2_native_bs8,perf/vram_peak_mb,141,183.9224660396576,33942.6484375
molmoact2_native_bs8,perf/vram_peak_mb,143,185.42653250694275,33942.6484375
molmoact2_native_bs8,perf/vram_peak_mb,144,186.9301416873932,33942.6484375
molmoact2_native_bs8,perf/vram_peak_mb,145,188.43392205238342,33942.6484375
molmoact2_native_bs8,perf/vram_peak_mb,146,189.9377360343933,33942.6484375
molmoact2_native_bs8,perf/vram_peak_mb,147,191.44151401519775,33942.6484375
molmoact2_native_bs8,perf/vram_peak_mb,148,192.9481303691864,33942.6484375
molmoact2_native_bs8,perf/vram_peak_mb,149,194.45338034629822,33942.6484375
molmoact2_native_bs8,perf/vram_peak_mb,150,195.9587414264679,33942.6484375
molmoact2_native_bs8,perf/vram_peak_mb,152,197.4728605747223,33942.6484375
molmoact2_native_bs8,perf/vram_peak_mb,153,198.9904601573944,33942.6484375
molmoact2_native_bs8,perf/vram_peak_mb,154,200.49490070343018,33942.6484375
molmoact2_native_bs8,perf/vram_peak_mb,155,202.00763320922852,33942.6484375
molmoact2_native_bs8,perf/vram_peak_mb,156,203.51206612586975,33942.6484375
molmoact2_native_bs8,perf/vram_peak_mb,157,205.01613974571228,33942.6484375
molmoact2_native_bs8,perf/vram_peak_mb,159,206.52180862426758,33942.6484375
molmoact2_native_bs8,perf/vram_peak_mb,160,208.04976677894592,33942.6484375
molmoact2_native_bs8,perf/vram_peak_mb,161,209.56212520599365,33942.6484375
molmoact2_native_bs8,perf/vram_peak_mb,162,211.06609177589417,33942.6484375
molmoact2_native_bs8,perf/vram_peak_mb,163,212.57286071777344,33942.6484375
molmoact2_native_bs8,perf/vram_peak_mb,164,214.0776879787445,33942.6484375
molmoact2_native_bs8,perf/vram_peak_mb,165,215.58240580558777,33942.6484375
molmoact2_native_bs8,perf/vram_peak_mb,166,217.08626198768616,33942.6484375
molmoact2_native_bs8,perf/vram_peak_mb,167,218.59102773666382,33942.6484375
molmoact2_native_bs8,perf/vram_peak_mb,169,220.09613013267517,33942.6484375
molmoact2_native_bs8,perf/vram_peak_mb,170,221.60130143165588,33942.6484375
molmoact2_native_bs8,perf/vram_peak_mb,171,223.10551643371582,33942.6484375
molmoact2_native_bs8,perf/vram_peak_mb,172,224.61226105690002,33942.6484375
molmoact2_native_bs8,perf/vram_peak_mb,173,226.11833095550537,33942.6484375
molmoact2_native_bs8,perf/vram_peak_mb,174,227.6233286857605,33942.6484375
molmoact2_native_bs8,perf/vram_peak_mb,175,229.12777709960938,33942.6484375
molmoact2_native_bs8,perf/vram_peak_mb,177,230.63119912147522,33942.6484375
molmoact2_native_bs8,perf/vram_peak_mb,178,232.13458251953125,33942.6484375
molmoact2_native_bs8,perf/vram_peak_mb,179,233.64835476875305,33942.6484375
molmoact2_native_bs8,perf/vram_peak_mb,180,235.15474605560303,33942.6484375
molmoact2_native_bs8,perf/vram_peak_mb,181,236.6584084033966,33942.6484375
molmoact2_native_bs8,perf/vram_peak_mb,182,238.1628806591034,33942.6484375
molmoact2_native_bs8,perf/vram_peak_mb,184,239.66689705848694,33942.6484375
molmoact2_native_bs8,perf/vram_peak_mb,185,241.17162418365479,33942.6484375
molmoact2_native_bs8,perf/vram_peak_mb,186,242.67719340324402,33942.6484375
molmoact2_native_bs8,perf/vram_peak_mb,187,244.18058228492737,33942.6484375
molmoact2_native_bs8,perf/vram_peak_mb,188,245.68670749664307,33942.6484375
molmoact2_native_bs8,perf/vram_peak_mb,189,247.1946370601654,33942.6484375
molmoact2_native_bs8,perf/vram_peak_mb,191,248.6988799571991,33942.6484375
molmoact2_native_bs8,perf/vram_peak_mb,192,250.22678804397583,33942.6484375
molmoact2_native_bs8,perf/vram_peak_mb,193,251.7302212715149,33942.6484375
molmoact2_native_bs8,perf/vram_peak_mb,194,253.23781943321228,33942.6484375
molmoact2_native_bs8,perf/vram_peak_mb,195,254.74223971366882,33942.6484375
molmoact2_native_bs8,perf/vram_peak_mb,196,256.2469997406006,33942.6484375
molmoact2_native_bs8,perf/vram_peak_mb,197,257.75375151634216,33942.6484375
molmoact2_native_bs8,perf/vram_peak_mb,199,259.25771856307983,33942.6484375
molmoact2_native_bs8,perf/vram_peak_mb,200,260.77676582336426,33942.6484375
molmoact2_native_bs8,perf/vram_peak_mb,200,262.4723632335663,33942.6484375
molmoact2_native_bs8,perf/vram_peak_mb,200,264.1916491985321,33942.6484375
molmoact2_native_bs8,perf/vram_peak_mb,200,265.9183716773987,33942.6484375
molmoact2_native_bs8,perf/vram_peak_mb,200,267.6759259700775,33942.6484375
molmoact2_native_bs8,perf/vram_peak_mb,200,269.6528105735779,33942.6484375
molmoact2_native_bs8,perf/vram_peak_mb,200,271.289213180542,33942.6484375
molmoact2_native_bs8,perf/vram_peak_mb,200,272.8411068916321,33942.6484375
molmoact2_native_bs8,perf/gpu_util_pct,0,6.413459777832031e-05,8.0
molmoact2_native_bs8,perf/gpu_util_pct,1,1.505845308303833,100.0
molmoact2_native_bs8,perf/gpu_util_pct,1,3.047257661819458,0.0
molmoact2_native_bs8,perf/gpu_util_pct,2,4.568236589431763,91.0
molmoact2_native_bs8,perf/gpu_util_pct,3,6.074138879776001,93.0
molmoact2_native_bs8,perf/gpu_util_pct,4,7.579715251922607,17.0
molmoact2_native_bs8,perf/gpu_util_pct,5,9.089410305023193,28.0
molmoact2_native_bs8,perf/gpu_util_pct,6,10.593719244003296,0.0
molmoact2_native_bs8,perf/gpu_util_pct,7,12.097579956054688,0.0
molmoact2_native_bs8,perf/gpu_util_pct,9,13.62989330291748,50.0
molmoact2_native_bs8,perf/gpu_util_pct,10,15.133577346801758,93.0
molmoact2_native_bs8,perf/gpu_util_pct,11,16.637048959732056,20.0
molmoact2_native_bs8,perf/gpu_util_pct,12,18.141574382781982,25.0
molmoact2_native_bs8,perf/gpu_util_pct,13,19.647271156311035,12.0
molmoact2_native_bs8,perf/gpu_util_pct,14,21.151032209396362,0.0
molmoact2_native_bs8,perf/gpu_util_pct,16,22.65480327606201,0.0
molmoact2_native_bs8,perf/gpu_util_pct,17,24.158168077468872,100.0
molmoact2_native_bs8,perf/gpu_util_pct,18,25.66217589378357,21.0
molmoact2_native_bs8,perf/gpu_util_pct,19,27.1687114238739,37.0
molmoact2_native_bs8,perf/gpu_util_pct,20,28.672685623168945,0.0
molmoact2_native_bs8,perf/gpu_util_pct,22,30.18279218673706,0.0
molmoact2_native_bs8,perf/gpu_util_pct,23,31.686837673187256,67.0
molmoact2_native_bs8,perf/gpu_util_pct,24,33.19054675102234,19.0
molmoact2_native_bs8,perf/gpu_util_pct,25,34.694254636764526,17.0
molmoact2_native_bs8,perf/gpu_util_pct,26,36.198750019073486,26.0
molmoact2_native_bs8,perf/gpu_util_pct,27,37.70279550552368,25.0
molmoact2_native_bs8,perf/gpu_util_pct,28,39.20702266693115,0.0
molmoact2_native_bs8,perf/gpu_util_pct,30,40.75008177757263,0.0
molmoact2_native_bs8,perf/gpu_util_pct,31,42.25563716888428,100.0
molmoact2_native_bs8,perf/gpu_util_pct,32,43.75904631614685,25.0
molmoact2_native_bs8,perf/gpu_util_pct,33,45.2642240524292,26.0
molmoact2_native_bs8,perf/gpu_util_pct,34,46.768913984298706,0.0
molmoact2_native_bs8,perf/gpu_util_pct,36,48.27281379699707,0.0
molmoact2_native_bs8,perf/gpu_util_pct,37,49.77770113945007,100.0
molmoact2_native_bs8,perf/gpu_util_pct,38,51.28158354759216,38.0
molmoact2_native_bs8,perf/gpu_util_pct,39,52.784955978393555,36.0
molmoact2_native_bs8,perf/gpu_util_pct,40,54.28913760185242,12.0
molmoact2_native_bs8,perf/gpu_util_pct,41,55.794525146484375,0.0
molmoact2_native_bs8,perf/gpu_util_pct,43,57.30328345298767,0.0
molmoact2_native_bs8,perf/gpu_util_pct,44,58.8069007396698,100.0
molmoact2_native_bs8,perf/gpu_util_pct,45,60.310914516448975,64.0
molmoact2_native_bs8,perf/gpu_util_pct,46,61.816720962524414,29.0
molmoact2_native_bs8,perf/gpu_util_pct,47,63.32099509239197,44.0
molmoact2_native_bs8,perf/gpu_util_pct,48,64.82486581802368,0.0
molmoact2_native_bs8,perf/gpu_util_pct,50,66.32866930961609,0.0
molmoact2_native_bs8,perf/gpu_util_pct,51,67.83306980133057,100.0
molmoact2_native_bs8,perf/gpu_util_pct,52,69.33664321899414,68.0
molmoact2_native_bs8,perf/gpu_util_pct,53,70.84319424629211,27.0
molmoact2_native_bs8,perf/gpu_util_pct,54,72.3476448059082,27.0
molmoact2_native_bs8,perf/gpu_util_pct,55,73.85169577598572,0.0
molmoact2_native_bs8,perf/gpu_util_pct,57,75.3605260848999,0.0
molmoact2_native_bs8,perf/gpu_util_pct,58,76.87062931060791,92.0
molmoact2_native_bs8,perf/gpu_util_pct,59,78.37471342086792,37.0
molmoact2_native_bs8,perf/gpu_util_pct,60,79.87959170341492,17.0
molmoact2_native_bs8,perf/gpu_util_pct,61,81.38599491119385,40.0
molmoact2_native_bs8,perf/gpu_util_pct,62,82.8920156955719,0.0
molmoact2_native_bs8,perf/gpu_util_pct,64,84.39506196975708,0.0
molmoact2_native_bs8,perf/gpu_util_pct,65,85.89852809906006,92.0
molmoact2_native_bs8,perf/gpu_util_pct,66,87.40212059020996,19.0
molmoact2_native_bs8,perf/gpu_util_pct,67,88.90564346313477,28.0
molmoact2_native_bs8,perf/gpu_util_pct,68,90.41009426116943,0.0
molmoact2_native_bs8,perf/gpu_util_pct,70,91.91358232498169,0.0
molmoact2_native_bs8,perf/gpu_util_pct,71,93.41695642471313,100.0
molmoact2_native_bs8,perf/gpu_util_pct,72,94.92046856880188,43.0
molmoact2_native_bs8,perf/gpu_util_pct,73,96.4244453907013,37.0
molmoact2_native_bs8,perf/gpu_util_pct,74,97.92888307571411,0.0
molmoact2_native_bs8,perf/gpu_util_pct,76,99.43249487876892,0.0
molmoact2_native_bs8,perf/gpu_util_pct,77,100.93562769889832,93.0
molmoact2_native_bs8,perf/gpu_util_pct,78,102.43952822685242,17.0
molmoact2_native_bs8,perf/gpu_util_pct,79,103.94346928596497,30.0
molmoact2_native_bs8,perf/gpu_util_pct,80,105.44783020019531,0.0
molmoact2_native_bs8,perf/gpu_util_pct,82,106.95077681541443,0.0
molmoact2_native_bs8,perf/gpu_util_pct,83,108.45413374900818,100.0
molmoact2_native_bs8,perf/gpu_util_pct,84,109.95803594589233,98.0
molmoact2_native_bs8,perf/gpu_util_pct,85,111.47126054763794,29.0
molmoact2_native_bs8,perf/gpu_util_pct,86,112.9755609035492,38.0
molmoact2_native_bs8,perf/gpu_util_pct,88,114.47927165031433,0.0
molmoact2_native_bs8,perf/gpu_util_pct,89,115.98604035377502,92.0
molmoact2_native_bs8,perf/gpu_util_pct,90,117.48957514762878,100.0
molmoact2_native_bs8,perf/gpu_util_pct,91,118.99285674095154,28.0
molmoact2_native_bs8,perf/gpu_util_pct,92,120.49761366844177,29.0
molmoact2_native_bs8,perf/gpu_util_pct,93,122.00283169746399,0.0
molmoact2_native_bs8,perf/gpu_util_pct,95,123.50735592842102,0.0
molmoact2_native_bs8,perf/gpu_util_pct,96,125.02062058448792,100.0
molmoact2_native_bs8,perf/gpu_util_pct,97,126.52518606185913,56.0
molmoact2_native_bs8,perf/gpu_util_pct,98,128.02913999557495,28.0
molmoact2_native_bs8,perf/gpu_util_pct,99,129.53315806388855,22.0
molmoact2_native_bs8,perf/gpu_util_pct,101,131.0374071598053,0.0
molmoact2_native_bs8,perf/gpu_util_pct,102,132.5616090297699,0.0
molmoact2_native_bs8,perf/gpu_util_pct,103,134.06529664993286,94.0
molmoact2_native_bs8,perf/gpu_util_pct,104,135.56877446174622,20.0
molmoact2_native_bs8,perf/gpu_util_pct,105,137.0724868774414,37.0
molmoact2_native_bs8,perf/gpu_util_pct,106,138.5760178565979,0.0
molmoact2_native_bs8,perf/gpu_util_pct,108,140.12219953536987,0.0
molmoact2_native_bs8,perf/gpu_util_pct,109,141.6261076927185,71.0
molmoact2_native_bs8,perf/gpu_util_pct,110,143.13445830345154,18.0
molmoact2_native_bs8,perf/gpu_util_pct,111,144.63805079460144,3.0
molmoact2_native_bs8,perf/gpu_util_pct,112,146.14188933372498,0.0
molmoact2_native_bs8,perf/gpu_util_pct,114,147.66456580162048,67.0
molmoact2_native_bs8,perf/gpu_util_pct,115,149.17464423179626,100.0
molmoact2_native_bs8,perf/gpu_util_pct,116,150.68431949615479,27.0
molmoact2_native_bs8,perf/gpu_util_pct,117,152.1884503364563,27.0
molmoact2_native_bs8,perf/gpu_util_pct,118,153.69245433807373,0.0
molmoact2_native_bs8,perf/gpu_util_pct,120,155.24961853027344,61.0
molmoact2_native_bs8,perf/gpu_util_pct,121,156.7533609867096,95.0
molmoact2_native_bs8,perf/gpu_util_pct,122,158.25785875320435,15.0
molmoact2_native_bs8,perf/gpu_util_pct,123,159.76247882843018,18.0
molmoact2_native_bs8,perf/gpu_util_pct,124,161.2686619758606,7.0
molmoact2_native_bs8,perf/gpu_util_pct,125,162.77313017845154,0.0
molmoact2_native_bs8,perf/gpu_util_pct,127,164.27601194381714,0.0
molmoact2_native_bs8,perf/gpu_util_pct,128,165.79044818878174,24.0
molmoact2_native_bs8,perf/gpu_util_pct,129,167.29803848266602,75.0
molmoact2_native_bs8,perf/gpu_util_pct,130,168.8074553012848,30.0
molmoact2_native_bs8,perf/gpu_util_pct,131,170.31210017204285,29.0
molmoact2_native_bs8,perf/gpu_util_pct,132,171.82083177566528,0.0
molmoact2_native_bs8,perf/gpu_util_pct,134,173.3249318599701,0.0
molmoact2_native_bs8,perf/gpu_util_pct,135,174.88001537322998,49.0
molmoact2_native_bs8,perf/gpu_util_pct,136,176.38354206085205,76.0
molmoact2_native_bs8,perf/gpu_util_pct,137,177.88716006278992,28.0
molmoact2_native_bs8,perf/gpu_util_pct,138,179.3956754207611,19.0
molmoact2_native_bs8,perf/gpu_util_pct,139,180.91200184822083,36.0
molmoact2_native_bs8,perf/gpu_util_pct,140,182.41727876663208,0.0
molmoact2_native_bs8,perf/gpu_util_pct,141,183.92247581481934,0.0
molmoact2_native_bs8,perf/gpu_util_pct,143,185.42653965950012,91.0
molmoact2_native_bs8,perf/gpu_util_pct,144,186.93014812469482,91.0
molmoact2_native_bs8,perf/gpu_util_pct,145,188.43392825126648,20.0
molmoact2_native_bs8,perf/gpu_util_pct,146,189.9377429485321,20.0
molmoact2_native_bs8,perf/gpu_util_pct,147,191.4415204524994,36.0
molmoact2_native_bs8,perf/gpu_util_pct,148,192.9481406211853,32.0
molmoact2_native_bs8,perf/gpu_util_pct,149,194.45339035987854,0.0
molmoact2_native_bs8,perf/gpu_util_pct,150,195.95874786376953,0.0
molmoact2_native_bs8,perf/gpu_util_pct,152,197.47286677360535,67.0
molmoact2_native_bs8,perf/gpu_util_pct,153,198.9904670715332,91.0
molmoact2_native_bs8,perf/gpu_util_pct,154,200.49491047859192,20.0
molmoact2_native_bs8,perf/gpu_util_pct,155,202.0076401233673,22.0
molmoact2_native_bs8,perf/gpu_util_pct,156,203.51207280158997,27.0
molmoact2_native_bs8,perf/gpu_util_pct,157,205.01614665985107,0.0
molmoact2_native_bs8,perf/gpu_util_pct,159,206.5218150615692,0.0
molmoact2_native_bs8,perf/gpu_util_pct,160,208.04977369308472,91.0
molmoact2_native_bs8,perf/gpu_util_pct,161,209.5621316432953,91.0
molmoact2_native_bs8,perf/gpu_util_pct,162,211.06609797477722,48.0
molmoact2_native_bs8,perf/gpu_util_pct,163,212.57287073135376,15.0
molmoact2_native_bs8,perf/gpu_util_pct,164,214.0776948928833,36.0
molmoact2_native_bs8,perf/gpu_util_pct,165,215.58241200447083,25.0
molmoact2_native_bs8,perf/gpu_util_pct,166,217.08626890182495,0.0
molmoact2_native_bs8,perf/gpu_util_pct,167,218.59103512763977,0.0
molmoact2_native_bs8,perf/gpu_util_pct,169,220.09613704681396,67.0
molmoact2_native_bs8,perf/gpu_util_pct,170,221.60130834579468,87.0
molmoact2_native_bs8,perf/gpu_util_pct,171,223.10552263259888,21.0
molmoact2_native_bs8,perf/gpu_util_pct,172,224.61226773262024,19.0
molmoact2_native_bs8,perf/gpu_util_pct,173,226.1183385848999,26.0
molmoact2_native_bs8,perf/gpu_util_pct,174,227.6233355998993,0.0
molmoact2_native_bs8,perf/gpu_util_pct,175,229.12778401374817,0.0
molmoact2_native_bs8,perf/gpu_util_pct,177,230.63120532035828,56.0
molmoact2_native_bs8,perf/gpu_util_pct,178,232.13458895683289,91.0
molmoact2_native_bs8,perf/gpu_util_pct,179,233.64836192131042,20.0
molmoact2_native_bs8,perf/gpu_util_pct,180,235.15475273132324,29.0
molmoact2_native_bs8,perf/gpu_util_pct,181,236.65842151641846,2.0
molmoact2_native_bs8,perf/gpu_util_pct,182,238.1628873348236,0.0
molmoact2_native_bs8,perf/gpu_util_pct,184,239.66690373420715,0.0
molmoact2_native_bs8,perf/gpu_util_pct,185,241.17163348197937,91.0
molmoact2_native_bs8,perf/gpu_util_pct,186,242.67720007896423,21.0
molmoact2_native_bs8,perf/gpu_util_pct,187,244.18058896064758,22.0
molmoact2_native_bs8,perf/gpu_util_pct,188,245.68671441078186,16.0
molmoact2_native_bs8,perf/gpu_util_pct,189,247.19464492797852,0.0
molmoact2_native_bs8,perf/gpu_util_pct,191,248.6988868713379,0.0
molmoact2_native_bs8,perf/gpu_util_pct,192,250.22679471969604,91.0
molmoact2_native_bs8,perf/gpu_util_pct,193,251.73022842407227,73.0
molmoact2_native_bs8,perf/gpu_util_pct,194,253.2378282546997,28.0
molmoact2_native_bs8,perf/gpu_util_pct,195,254.74224662780762,29.0
molmoact2_native_bs8,perf/gpu_util_pct,196,256.2470061779022,0.0
molmoact2_native_bs8,perf/gpu_util_pct,197,257.75375866889954,0.0
molmoact2_native_bs8,perf/gpu_util_pct,199,259.25772500038147,24.0
molmoact2_native_bs8,perf/gpu_util_pct,200,260.7767722606659,63.0
molmoact2_native_bs8,perf/gpu_util_pct,200,262.4723696708679,1.0
molmoact2_native_bs8,perf/gpu_util_pct,200,264.1916768550873,5.0
molmoact2_native_bs8,perf/gpu_util_pct,200,265.91837787628174,5.0
molmoact2_native_bs8,perf/gpu_util_pct,200,267.67593264579773,5.0
molmoact2_native_bs8,perf/gpu_util_pct,200,269.6528182029724,7.0
molmoact2_native_bs8,perf/gpu_util_pct,200,271.2892208099365,3.0
molmoact2_native_bs8,perf/gpu_util_pct,200,272.84111404418945,0.0
molmoact2_native_bs8,perf/gpu_mem_util_pct,0,7.152557373046875e-05,1.0
molmoact2_native_bs8,perf/gpu_mem_util_pct,1,1.5058507919311523,63.0
molmoact2_native_bs8,perf/gpu_mem_util_pct,1,3.0472629070281982,0.0
molmoact2_native_bs8,perf/gpu_mem_util_pct,2,4.568242311477661,57.0
molmoact2_native_bs8,perf/gpu_mem_util_pct,3,6.074145078659058,58.0
molmoact2_native_bs8,perf/gpu_mem_util_pct,4,7.579724073410034,1.0
molmoact2_native_bs8,perf/gpu_mem_util_pct,5,9.089425325393677,4.0
molmoact2_native_bs8,perf/gpu_mem_util_pct,6,10.593724966049194,0.0
molmoact2_native_bs8,perf/gpu_mem_util_pct,7,12.097585678100586,0.0
molmoact2_native_bs8,perf/gpu_mem_util_pct,9,13.629902601242065,33.0
molmoact2_native_bs8,perf/gpu_mem_util_pct,10,15.133582830429077,57.0
molmoact2_native_bs8,perf/gpu_mem_util_pct,11,16.63705539703369,5.0
molmoact2_native_bs8,perf/gpu_mem_util_pct,12,18.14158272743225,4.0
molmoact2_native_bs8,perf/gpu_mem_util_pct,13,19.647277355194092,13.0
molmoact2_native_bs8,perf/gpu_mem_util_pct,14,21.15103793144226,0.0
molmoact2_native_bs8,perf/gpu_mem_util_pct,16,22.65480899810791,0.0
molmoact2_native_bs8,perf/gpu_mem_util_pct,17,24.15817403793335,63.0
molmoact2_native_bs8,perf/gpu_mem_util_pct,18,25.662181615829468,5.0
molmoact2_native_bs8,perf/gpu_mem_util_pct,19,27.16871738433838,16.0
molmoact2_native_bs8,perf/gpu_mem_util_pct,20,28.672691345214844,0.0
molmoact2_native_bs8,perf/gpu_mem_util_pct,22,30.182798147201538,0.0
molmoact2_native_bs8,perf/gpu_mem_util_pct,23,31.686843633651733,42.0
molmoact2_native_bs8,perf/gpu_mem_util_pct,24,33.19055223464966,5.0
molmoact2_native_bs8,perf/gpu_mem_util_pct,25,34.694260120391846,5.0
molmoact2_native_bs8,perf/gpu_mem_util_pct,26,36.198755741119385,3.0
molmoact2_native_bs8,perf/gpu_mem_util_pct,27,37.70280146598816,23.0
molmoact2_native_bs8,perf/gpu_mem_util_pct,28,39.20702815055847,0.0
molmoact2_native_bs8,perf/gpu_mem_util_pct,30,40.75008678436279,0.0
molmoact2_native_bs8,perf/gpu_mem_util_pct,31,42.255642890930176,62.0
molmoact2_native_bs8,perf/gpu_mem_util_pct,32,43.75905179977417,4.0
molmoact2_native_bs8,perf/gpu_mem_util_pct,33,45.26423001289368,3.0
molmoact2_native_bs8,perf/gpu_mem_util_pct,34,46.76892042160034,0.0
molmoact2_native_bs8,perf/gpu_mem_util_pct,36,48.27281951904297,0.0
molmoact2_native_bs8,perf/gpu_mem_util_pct,37,49.77770662307739,63.0
molmoact2_native_bs8,perf/gpu_mem_util_pct,38,51.28158926963806,17.0
molmoact2_native_bs8,perf/gpu_mem_util_pct,39,52.784961462020874,11.0
molmoact2_native_bs8,perf/gpu_mem_util_pct,40,54.289143562316895,12.0
molmoact2_native_bs8,perf/gpu_mem_util_pct,41,55.79453086853027,0.0
molmoact2_native_bs8,perf/gpu_mem_util_pct,43,57.30328869819641,0.0
molmoact2_native_bs8,perf/gpu_mem_util_pct,44,58.80690598487854,63.0
molmoact2_native_bs8,perf/gpu_mem_util_pct,45,60.31092047691345,37.0
molmoact2_native_bs8,perf/gpu_mem_util_pct,46,61.81672978401184,4.0
molmoact2_native_bs8,perf/gpu_mem_util_pct,47,63.321001291275024,30.0
molmoact2_native_bs8,perf/gpu_mem_util_pct,48,64.82487177848816,0.0
molmoact2_native_bs8,perf/gpu_mem_util_pct,50,66.32867503166199,0.0
molmoact2_native_bs8,perf/gpu_mem_util_pct,51,67.83307576179504,63.0
molmoact2_native_bs8,perf/gpu_mem_util_pct,52,69.33664894104004,40.0
molmoact2_native_bs8,perf/gpu_mem_util_pct,53,70.84320068359375,4.0
molmoact2_native_bs8,perf/gpu_mem_util_pct,54,72.3476505279541,3.0
molmoact2_native_bs8,perf/gpu_mem_util_pct,55,73.85171222686768,0.0
molmoact2_native_bs8,perf/gpu_mem_util_pct,57,75.36053204536438,0.0
molmoact2_native_bs8,perf/gpu_mem_util_pct,58,76.87063503265381,58.0
molmoact2_native_bs8,perf/gpu_mem_util_pct,59,78.37472200393677,16.0
molmoact2_native_bs8,perf/gpu_mem_util_pct,60,79.87959671020508,2.0
molmoact2_native_bs8,perf/gpu_mem_util_pct,61,81.38601112365723,24.0
molmoact2_native_bs8,perf/gpu_mem_util_pct,62,82.89202094078064,0.0
molmoact2_native_bs8,perf/gpu_mem_util_pct,64,84.3950674533844,0.0
molmoact2_native_bs8,perf/gpu_mem_util_pct,65,85.89853620529175,57.0
molmoact2_native_bs8,perf/gpu_mem_util_pct,66,87.40212631225586,3.0
molmoact2_native_bs8,perf/gpu_mem_util_pct,67,88.90564894676208,4.0
molmoact2_native_bs8,perf/gpu_mem_util_pct,68,90.41009974479675,0.0
molmoact2_native_bs8,perf/gpu_mem_util_pct,70,91.91358828544617,0.0
molmoact2_native_bs8,perf/gpu_mem_util_pct,71,93.41696166992188,63.0
molmoact2_native_bs8,perf/gpu_mem_util_pct,72,94.9204740524292,20.0
molmoact2_native_bs8,perf/gpu_mem_util_pct,73,96.42445135116577,16.0
molmoact2_native_bs8,perf/gpu_mem_util_pct,74,97.92888927459717,0.0
molmoact2_native_bs8,perf/gpu_mem_util_pct,76,99.43250012397766,0.0
molmoact2_native_bs8,perf/gpu_mem_util_pct,77,100.93563342094421,58.0
molmoact2_native_bs8,perf/gpu_mem_util_pct,78,102.43953371047974,1.0
molmoact2_native_bs8,perf/gpu_mem_util_pct,79,103.94347500801086,4.0
molmoact2_native_bs8,perf/gpu_mem_util_pct,80,105.44783616065979,0.0
molmoact2_native_bs8,perf/gpu_mem_util_pct,82,106.95078253746033,0.0
molmoact2_native_bs8,perf/gpu_mem_util_pct,83,108.4541392326355,63.0
molmoact2_native_bs8,perf/gpu_mem_util_pct,84,109.95804166793823,61.0
molmoact2_native_bs8,perf/gpu_mem_util_pct,85,111.471266746521,4.0
molmoact2_native_bs8,perf/gpu_mem_util_pct,86,112.97556710243225,29.0
molmoact2_native_bs8,perf/gpu_mem_util_pct,88,114.47927737236023,0.0
molmoact2_native_bs8,perf/gpu_mem_util_pct,89,115.98604583740234,57.0
molmoact2_native_bs8,perf/gpu_mem_util_pct,90,117.48958110809326,63.0
molmoact2_native_bs8,perf/gpu_mem_util_pct,91,118.99286246299744,5.0
molmoact2_native_bs8,perf/gpu_mem_util_pct,92,120.49761939048767,4.0
molmoact2_native_bs8,perf/gpu_mem_util_pct,93,122.00283741950989,0.0
molmoact2_native_bs8,perf/gpu_mem_util_pct,95,123.5073618888855,0.0
molmoact2_native_bs8,perf/gpu_mem_util_pct,96,125.02062630653381,63.0
molmoact2_native_bs8,perf/gpu_mem_util_pct,97,126.52519345283508,30.0
molmoact2_native_bs8,perf/gpu_mem_util_pct,98,128.02914547920227,4.0
molmoact2_native_bs8,perf/gpu_mem_util_pct,99,129.5331642627716,22.0
molmoact2_native_bs8,perf/gpu_mem_util_pct,101,131.03742504119873,0.0
molmoact2_native_bs8,perf/gpu_mem_util_pct,102,132.5616147518158,0.0
molmoact2_native_bs8,perf/gpu_mem_util_pct,103,134.06530284881592,58.0
molmoact2_native_bs8,perf/gpu_mem_util_pct,104,135.56877970695496,6.0
molmoact2_native_bs8,perf/gpu_mem_util_pct,105,137.0724925994873,11.0
molmoact2_native_bs8,perf/gpu_mem_util_pct,106,138.57602381706238,0.0
molmoact2_native_bs8,perf/gpu_mem_util_pct,108,140.12220525741577,0.0
molmoact2_native_bs8,perf/gpu_mem_util_pct,109,141.6261157989502,42.0
molmoact2_native_bs8,perf/gpu_mem_util_pct,110,143.1344645023346,2.0
molmoact2_native_bs8,perf/gpu_mem_util_pct,111,144.63805675506592,3.0
molmoact2_native_bs8,perf/gpu_mem_util_pct,112,146.1418948173523,0.0
molmoact2_native_bs8,perf/gpu_mem_util_pct,114,147.6645712852478,42.0
molmoact2_native_bs8,perf/gpu_mem_util_pct,115,149.1746506690979,63.0
molmoact2_native_bs8,perf/gpu_mem_util_pct,116,150.68432521820068,4.0
molmoact2_native_bs8,perf/gpu_mem_util_pct,117,152.18845677375793,3.0
molmoact2_native_bs8,perf/gpu_mem_util_pct,118,153.69246006011963,0.0
molmoact2_native_bs8,perf/gpu_mem_util_pct,120,155.24962401390076,39.0
molmoact2_native_bs8,perf/gpu_mem_util_pct,121,156.7533667087555,60.0
molmoact2_native_bs8,perf/gpu_mem_util_pct,122,158.25786447525024,2.0
molmoact2_native_bs8,perf/gpu_mem_util_pct,123,159.76248455047607,2.0
molmoact2_native_bs8,perf/gpu_mem_util_pct,124,161.26866793632507,7.0
molmoact2_native_bs8,perf/gpu_mem_util_pct,125,162.77313613891602,0.0
molmoact2_native_bs8,perf/gpu_mem_util_pct,127,164.27601766586304,0.0
molmoact2_native_bs8,perf/gpu_mem_util_pct,128,165.79045367240906,16.0
molmoact2_native_bs8,perf/gpu_mem_util_pct,129,167.29804491996765,44.0
molmoact2_native_bs8,perf/gpu_mem_util_pct,130,168.8074610233307,4.0
molmoact2_native_bs8,perf/gpu_mem_util_pct,131,170.31210589408875,4.0
molmoact2_native_bs8,perf/gpu_mem_util_pct,132,171.82083749771118,0.0
molmoact2_native_bs8,perf/gpu_mem_util_pct,134,173.32494187355042,0.0
molmoact2_native_bs8,perf/gpu_mem_util_pct,135,174.88002133369446,32.0
molmoact2_native_bs8,perf/gpu_mem_util_pct,136,176.38354778289795,47.0
molmoact2_native_bs8,perf/gpu_mem_util_pct,137,177.88716578483582,11.0
molmoact2_native_bs8,perf/gpu_mem_util_pct,138,179.3956813812256,2.0
molmoact2_native_bs8,perf/gpu_mem_util_pct,139,180.91201043128967,11.0
molmoact2_native_bs8,perf/gpu_mem_util_pct,140,182.41728711128235,0.0
molmoact2_native_bs8,perf/gpu_mem_util_pct,141,183.9224841594696,0.0
molmoact2_native_bs8,perf/gpu_mem_util_pct,143,185.42654585838318,57.0
molmoact2_native_bs8,perf/gpu_mem_util_pct,144,186.93015360832214,56.0
molmoact2_native_bs8,perf/gpu_mem_util_pct,145,188.43393349647522,6.0
molmoact2_native_bs8,perf/gpu_mem_util_pct,146,189.93774914741516,3.0
molmoact2_native_bs8,perf/gpu_mem_util_pct,147,191.4415259361267,20.0
molmoact2_native_bs8,perf/gpu_mem_util_pct,148,192.9481499195099,28.0
molmoact2_native_bs8,perf/gpu_mem_util_pct,149,194.45339941978455,0.0
molmoact2_native_bs8,perf/gpu_mem_util_pct,150,195.95875358581543,0.0
molmoact2_native_bs8,perf/gpu_mem_util_pct,152,197.47287249565125,42.0
molmoact2_native_bs8,perf/gpu_mem_util_pct,153,198.99047231674194,57.0
molmoact2_native_bs8,perf/gpu_mem_util_pct,154,200.4949188232422,4.0
molmoact2_native_bs8,perf/gpu_mem_util_pct,155,202.00764536857605,3.0
molmoact2_native_bs8,perf/gpu_mem_util_pct,156,203.51207828521729,25.0
molmoact2_native_bs8,perf/gpu_mem_util_pct,157,205.01615238189697,0.0
molmoact2_native_bs8,perf/gpu_mem_util_pct,159,206.52182960510254,0.0
molmoact2_native_bs8,perf/gpu_mem_util_pct,160,208.04977917671204,56.0
molmoact2_native_bs8,perf/gpu_mem_util_pct,161,209.56213688850403,57.0
molmoact2_native_bs8,perf/gpu_mem_util_pct,162,211.06610369682312,25.0
molmoact2_native_bs8,perf/gpu_mem_util_pct,163,212.5728795528412,1.0
molmoact2_native_bs8,perf/gpu_mem_util_pct,164,214.07770085334778,13.0
molmoact2_native_bs8,perf/gpu_mem_util_pct,165,215.58242893218994,23.0
molmoact2_native_bs8,perf/gpu_mem_util_pct,166,217.08627486228943,0.0
molmoact2_native_bs8,perf/gpu_mem_util_pct,167,218.59104084968567,0.0
molmoact2_native_bs8,perf/gpu_mem_util_pct,169,220.09614253044128,42.0
molmoact2_native_bs8,perf/gpu_mem_util_pct,170,221.60131454467773,53.0
molmoact2_native_bs8,perf/gpu_mem_util_pct,171,223.10552859306335,5.0
molmoact2_native_bs8,perf/gpu_mem_util_pct,172,224.61227369308472,2.0
molmoact2_native_bs8,perf/gpu_mem_util_pct,173,226.11834454536438,3.0
molmoact2_native_bs8,perf/gpu_mem_util_pct,174,227.62334156036377,0.0
molmoact2_native_bs8,perf/gpu_mem_util_pct,175,229.1277892589569,0.0
molmoact2_native_bs8,perf/gpu_mem_util_pct,177,230.63121104240417,36.0
molmoact2_native_bs8,perf/gpu_mem_util_pct,178,232.1345944404602,57.0
molmoact2_native_bs8,perf/gpu_mem_util_pct,179,233.6483678817749,2.0
molmoact2_native_bs8,perf/gpu_mem_util_pct,180,235.15475845336914,5.0
molmoact2_native_bs8,perf/gpu_mem_util_pct,181,236.6584300994873,2.0
molmoact2_native_bs8,perf/gpu_mem_util_pct,182,238.16289281845093,0.0
molmoact2_native_bs8,perf/gpu_mem_util_pct,184,239.66690969467163,0.0
molmoact2_native_bs8,perf/gpu_mem_util_pct,185,241.17164206504822,57.0
molmoact2_native_bs8,perf/gpu_mem_util_pct,186,242.67720580101013,4.0
molmoact2_native_bs8,perf/gpu_mem_util_pct,187,244.18059492111206,3.0
molmoact2_native_bs8,perf/gpu_mem_util_pct,188,245.68672013282776,16.0
molmoact2_native_bs8,perf/gpu_mem_util_pct,189,247.1946518421173,0.0
molmoact2_native_bs8,perf/gpu_mem_util_pct,191,248.69889307022095,0.0
molmoact2_native_bs8,perf/gpu_mem_util_pct,192,250.22680068016052,47.0
molmoact2_native_bs8,perf/gpu_mem_util_pct,193,251.73023438453674,43.0
molmoact2_native_bs8,perf/gpu_mem_util_pct,194,253.23783540725708,4.0
molmoact2_native_bs8,perf/gpu_mem_util_pct,195,254.7422525882721,4.0
molmoact2_native_bs8,perf/gpu_mem_util_pct,196,256.2470121383667,0.0
molmoact2_native_bs8,perf/gpu_mem_util_pct,197,257.753764629364,0.0
molmoact2_native_bs8,perf/gpu_mem_util_pct,199,259.2577304840088,16.0
molmoact2_native_bs8,perf/gpu_mem_util_pct,200,260.7767779827118,40.0
molmoact2_native_bs8,perf/gpu_mem_util_pct,200,262.47237491607666,0.0
molmoact2_native_bs8,perf/gpu_mem_util_pct,200,264.19168853759766,0.0
molmoact2_native_bs8,perf/gpu_mem_util_pct,200,265.9183838367462,0.0
molmoact2_native_bs8,perf/gpu_mem_util_pct,200,267.6759388446808,0.0
molmoact2_native_bs8,perf/gpu_mem_util_pct,200,269.65282464027405,0.0
molmoact2_native_bs8,perf/gpu_mem_util_pct,200,271.28922724723816,0.0
molmoact2_native_bs8,perf/gpu_mem_util_pct,200,272.8411202430725,0.0
molmoact2_native_bs8,train/action_flow_loss,20,28.40132999420166,2.7589573860168457
molmoact2_native_bs8,train/action_flow_loss,40,54.023712158203125,1.61495041847229
molmoact2_native_bs8,train/action_flow_loss,60,80.01917576789856,0.7388692498207092
molmoact2_native_bs8,train/action_flow_loss,80,105.09563970565796,0.9515932202339172
molmoact2_native_bs8,train/action_flow_loss,100,130.53051114082336,0.5449990630149841
molmoact2_native_bs8,train/action_flow_loss,120,155.81419777870178,0.6149287223815918
molmoact2_native_bs8,train/action_flow_loss,140,182.12169289588928,0.7724571824073792
molmoact2_native_bs8,train/action_flow_loss,160,208.7279667854309,0.4936009347438812
molmoact2_native_bs8,train/action_flow_loss,180,235.21586894989014,0.5772156715393066
molmoact2_native_bs8,train/action_flow_loss,200,261.3323812484741,0.6021125912666321
molmoact2_native_bs8,optim/action_expert_grad_norm,20,28.401363611221313,10.568093299865723
molmoact2_native_bs8,optim/action_expert_grad_norm,40,54.02374482154846,9.866037368774414
molmoact2_native_bs8,optim/action_expert_grad_norm,60,80.01920557022095,5.180152416229248
molmoact2_native_bs8,optim/action_expert_grad_norm,80,105.09567427635193,5.529908657073975
molmoact2_native_bs8,optim/action_expert_grad_norm,100,130.53054451942444,2.9668333530426025
molmoact2_native_bs8,optim/action_expert_grad_norm,120,155.81422877311707,2.7226712703704834
molmoact2_native_bs8,optim/action_expert_grad_norm,140,182.12172484397888,3.263428211212158
molmoact2_native_bs8,optim/action_expert_grad_norm,160,208.72799706459045,2.385143518447876
molmoact2_native_bs8,optim/action_expert_grad_norm,180,235.21590065956116,2.7897608280181885
molmoact2_native_bs8,optim/action_expert_grad_norm,200,261.33242678642273,2.942368507385254
molmoact2_native_bs8,throughput/total_tokens,20,28.401376962661743,111360.0
molmoact2_native_bs8,throughput/total_tokens,40,54.02375769615173,223840.0
molmoact2_native_bs8,throughput/total_tokens,60,80.01921796798706,337208.0
molmoact2_native_bs8,throughput/total_tokens,80,105.09568762779236,449696.0
molmoact2_native_bs8,throughput/total_tokens,100,130.53055667877197,562224.0
molmoact2_native_bs8,throughput/total_tokens,120,155.8142421245575,674696.0
molmoact2_native_bs8,throughput/total_tokens,140,182.12173795700073,786648.0
molmoact2_native_bs8,throughput/total_tokens,160,208.72800970077515,899592.0
molmoact2_native_bs8,throughput/total_tokens,180,235.21591305732727,1012480.0
molmoact2_native_bs8,throughput/total_tokens,200,261.3324418067932,1124088.0
molmoact2_native_bs8,throughput/device/tokens_per_second,20,28.401384592056274,4399.87060546875
molmoact2_native_bs8,throughput/device/tokens_per_second,40,54.023765325546265,4479.375
molmoact2_native_bs8,throughput/device/tokens_per_second,60,80.01922488212585,4445.77001953125
molmoact2_native_bs8,throughput/device/tokens_per_second,80,105.09569597244263,4578.029296875
molmoact2_native_bs8,throughput/device/tokens_per_second,100,130.53056383132935,4513.36181640625
molmoact2_native_bs8,throughput/device/tokens_per_second,120,155.81425023078918,4536.140625
molmoact2_native_bs8,throughput/device/tokens_per_second,140,182.12174534797668,4339.74267578125
molmoact2_native_bs8,throughput/device/tokens_per_second,160,208.72801661491394,4330.9033203125
molmoact2_native_bs8,throughput/device/tokens_per_second,180,235.2159240245819,4345.80322265625
molmoact2_native_bs8,throughput/device/tokens_per_second,200,261.3324499130249,4358.40185546875
molmoact2_native_bs8,throughput/device/batches_per_second,20,28.40139079093933,0.7901469469070435
molmoact2_native_bs8,throughput/device/batches_per_second,40,54.02377152442932,0.7964749336242676
molmoact2_native_bs8,throughput/device/batches_per_second,60,80.01923036575317,0.7843077182769775
molmoact2_native_bs8,throughput/device/batches_per_second,80,105.09570217132568,0.8139587044715881
molmoact2_native_bs8,throughput/device/batches_per_second,100,130.53056955337524,0.8021758198738098
molmoact2_native_bs8,throughput/device/batches_per_second,120,155.81425619125366,0.8066257238388062
molmoact2_native_bs8,throughput/device/batches_per_second,140,182.12175130844116,0.7752863168716431
molmoact2_native_bs8,throughput/device/batches_per_second,160,208.72802233695984,0.7669116854667664
molmoact2_native_bs8,throughput/device/batches_per_second,180,235.21593046188354,0.7699317932128906
molmoact2_native_bs8,throughput/device/batches_per_second,200,261.33245611190796,0.7810195684432983
molmoact2_native_bs8,System/Peak GPU Memory (MB),20,28.40139675140381,33764.4140625
molmoact2_native_bs8,System/Peak GPU Memory (MB),40,54.02377700805664,33942.6484375
molmoact2_native_bs8,System/Peak GPU Memory (MB),60,80.01923608779907,33942.6484375
molmoact2_native_bs8,System/Peak GPU Memory (MB),80,105.09570789337158,33942.6484375
molmoact2_native_bs8,System/Peak GPU Memory (MB),100,130.53057479858398,33942.6484375
molmoact2_native_bs8,System/Peak GPU Memory (MB),120,155.8142614364624,33942.6484375
molmoact2_native_bs8,System/Peak GPU Memory (MB),140,182.12175679206848,33942.6484375
molmoact2_native_bs8,System/Peak GPU Memory (MB),160,208.72802758216858,33942.6484375
molmoact2_native_bs8,System/Peak GPU Memory (MB),180,235.21593594551086,33942.6484375
molmoact2_native_bs8,System/Peak GPU Memory (MB),200,261.33246183395386,33942.6484375
molmoact2_native_bs8,batch/non_masked_tokens,20,28.40140199661255,686.09375
molmoact2_native_bs8,batch/non_masked_tokens,40,54.02378273010254,686.7687377929688
molmoact2_native_bs8,batch/non_masked_tokens,60,80.01924109458923,688.5062255859375
molmoact2_native_bs8,batch/non_masked_tokens,80,105.0957133769989,687.0687255859375
molmoact2_native_bs8,batch/non_masked_tokens,100,130.53058004379272,687.3062744140625
molmoact2_native_bs8,batch/non_masked_tokens,120,155.81426692008972,687.5812377929688
molmoact2_native_bs8,batch/non_masked_tokens,140,182.12176251411438,686.3937377929688
molmoact2_native_bs8,batch/non_masked_tokens,160,208.7280330657959,688.1624755859375
molmoact2_native_bs8,batch/non_masked_tokens,180,235.21594142913818,687.8062744140625
molmoact2_native_bs8,batch/non_masked_tokens,200,261.33246779441833,685.8937377929688
molmoact2_native_bs8,batch/per_non_masked_tokens,20,28.40140700340271,0.9858531951904297
molmoact2_native_bs8,batch/per_non_masked_tokens,40,54.02378821372986,0.9772804975509644
molmoact2_native_bs8,batch/per_non_masked_tokens,60,80.0192461013794,0.9721826314926147
molmoact2_native_bs8,batch/per_non_masked_tokens,80,105.09571814537048,0.9776512384414673
molmoact2_native_bs8,batch/per_non_masked_tokens,100,130.5305848121643,0.9776180982589722
molmoact2_native_bs8,batch/per_non_masked_tokens,120,155.8142716884613,0.9784952998161316
molmoact2_native_bs8,batch/per_non_masked_tokens,140,182.1217679977417,0.9811550378799438
molmoact2_native_bs8,batch/per_non_masked_tokens,160,208.72803783416748,0.975165069103241
molmoact2_native_bs8,batch/per_non_masked_tokens,180,235.21594643592834,0.9751068353652954
molmoact2_native_bs8,batch/per_non_masked_tokens,200,261.3324728012085,0.9834205508232117
molmoact2_native_bs8,batch/examples_truncated,20,28.40141201019287,0.17499999701976776
molmoact2_native_bs8,batch/examples_truncated,40,54.0237934589386,0.14374999701976776
molmoact2_native_bs8,batch/examples_truncated,60,80.01925158500671,0.1875
molmoact2_native_bs8,batch/examples_truncated,80,105.09572339057922,0.16249999403953552
molmoact2_native_bs8,batch/examples_truncated,100,130.53058981895447,0.13750000298023224
molmoact2_native_bs8,batch/examples_truncated,120,155.81427717208862,0.125
molmoact2_native_bs8,batch/examples_truncated,140,182.12177348136902,0.13124999403953552
molmoact2_native_bs8,batch/examples_truncated,160,208.7280433177948,0.13750000298023224
molmoact2_native_bs8,batch/examples_truncated,180,235.21595215797424,0.14374999701976776
molmoact2_native_bs8,batch/examples_truncated,200,261.3324785232544,0.16249999403953552
molmoact2_native_bs8,batch/per_non_masked_images,20,28.401432514190674,0.9968336224555969
molmoact2_native_bs8,batch/per_non_masked_images,40,54.0237991809845,0.9974137544631958
molmoact2_native_bs8,batch/per_non_masked_images,60,80.01925683021545,0.9975366592407227
molmoact2_native_bs8,batch/per_non_masked_images,80,105.09572863578796,0.997107982635498
molmoact2_native_bs8,batch/per_non_masked_images,100,130.5305950641632,0.9979680180549622
molmoact2_native_bs8,batch/per_non_masked_images,120,155.81428217887878,0.9982051849365234
molmoact2_native_bs8,batch/per_non_masked_images,140,182.12177848815918,0.9970821142196655
molmoact2_native_bs8,batch/per_non_masked_images,160,208.72804832458496,0.9957675933837891
molmoact2_native_bs8,batch/per_non_masked_images,180,235.2159571647644,0.9973651766777039
molmoact2_native_bs8,batch/per_non_masked_images,200,261.332483291626,0.9971251487731934
molmoact2_native_bs8,batch/loss_tokens,20,28.40143847465515,0.0
molmoact2_native_bs8,batch/loss_tokens,40,54.023804664611816,0.0
molmoact2_native_bs8,batch/loss_tokens,60,80.01926183700562,0.0
molmoact2_native_bs8,batch/loss_tokens,80,105.0957338809967,0.0
molmoact2_native_bs8,batch/loss_tokens,100,130.5305998325348,0.0
molmoact2_native_bs8,batch/loss_tokens,120,155.8142876625061,0.0
molmoact2_native_bs8,batch/loss_tokens,140,182.12178373336792,0.0
molmoact2_native_bs8,batch/loss_tokens,160,208.7280535697937,0.0
molmoact2_native_bs8,batch/loss_tokens,180,235.21596264839172,0.0
molmoact2_native_bs8,batch/loss_tokens,200,261.3324890136719,0.0
molmoact2_native_bs8,batch/per_loss_tokens,20,28.401551008224487,0.0
molmoact2_native_bs8,batch/per_loss_tokens,40,54.02392625808716,0.0
molmoact2_native_bs8,batch/per_loss_tokens,60,80.019451379776,0.0
molmoact2_native_bs8,batch/per_loss_tokens,80,105.09584403038025,0.0
molmoact2_native_bs8,batch/per_loss_tokens,100,130.53071975708008,0.0
molmoact2_native_bs8,batch/per_loss_tokens,120,155.81439924240112,0.0
molmoact2_native_bs8,batch/per_loss_tokens,140,182.1219186782837,0.0
molmoact2_native_bs8,batch/per_loss_tokens,160,208.72818160057068,0.0
molmoact2_native_bs8,batch/per_loss_tokens,180,235.21608209609985,0.0
molmoact2_native_bs8,batch/per_loss_tokens,200,261.3326449394226,0.0
molmoact2_native_bs8,batch/n_packed,20,28.401687622070312,1.0
molmoact2_native_bs8,batch/n_packed,40,54.02405381202698,1.0
molmoact2_native_bs8,batch/n_packed,60,80.01960515975952,1.0
molmoact2_native_bs8,batch/n_packed,80,105.09601712226868,1.0
molmoact2_native_bs8,batch/n_packed,100,130.53086733818054,1.0
molmoact2_native_bs8,batch/n_packed,120,155.81458520889282,1.0
molmoact2_native_bs8,batch/n_packed,140,182.1222321987152,1.0
molmoact2_native_bs8,batch/n_packed,160,208.72833490371704,1.0
molmoact2_native_bs8,batch/n_packed,180,235.21621823310852,1.0
molmoact2_native_bs8,batch/n_packed,200,261.33283615112305,1.0
molmoact2_native_bs8,batch/n_segments,20,28.401771306991577,1.0
molmoact2_native_bs8,batch/n_segments,40,54.02412962913513,1.0
molmoact2_native_bs8,batch/n_segments,60,80.0196692943573,1.0
molmoact2_native_bs8,batch/n_segments,80,105.09608387947083,1.0
molmoact2_native_bs8,batch/n_segments,100,130.5309317111969,1.0
molmoact2_native_bs8,batch/n_segments,120,155.81465411186218,1.0
molmoact2_native_bs8,batch/n_segments,140,182.1223554611206,1.0
molmoact2_native_bs8,batch/n_segments,160,208.7284004688263,1.0
molmoact2_native_bs8,batch/n_segments,180,235.21630454063416,1.0
molmoact2_native_bs8,batch/n_segments,200,261.332932472229,1.0
molmoact2_native_bs8,optim/action_expert_lr,20,28.40183162689209,9.999999747378752e-06
molmoact2_native_bs8,optim/action_expert_lr,40,54.024210929870605,1.9999999494757503e-05
molmoact2_native_bs8,optim/action_expert_lr,60,80.01973509788513,2.9999999242136255e-05
molmoact2_native_bs8,optim/action_expert_lr,80,105.09614777565002,3.9999998989515007e-05
molmoact2_native_bs8,optim/action_expert_lr,100,130.5309898853302,4.999999873689376e-05
molmoact2_native_bs8,optim/action_expert_lr,120,155.81471347808838,5.999999848427251e-05
molmoact2_native_bs8,optim/action_expert_lr,140,182.12245988845825,7.000000186963007e-05
molmoact2_native_bs8,optim/action_expert_lr,160,208.72847199440002,7.999999797903001e-05
molmoact2_native_bs8,optim/action_expert_lr,180,235.2163851261139,9.000000136438757e-05
molmoact2_native_bs8,optim/action_expert_lr,200,261.3330113887787,9.999999747378752e-06
molmoact2_native_bs8,perf/data_wait_s,20,28.401889324188232,0.5129832625389099
molmoact2_native_bs8,perf/data_wait_s,40,54.02427101135254,0.503941535949707
molmoact2_native_bs8,perf/data_wait_s,60,80.01979041099548,0.5009319186210632
molmoact2_native_bs8,perf/data_wait_s,80,105.09621024131775,0.4967673718929291
molmoact2_native_bs8,perf/data_wait_s,100,130.53104710578918,0.49575158953666687
molmoact2_native_bs8,perf/data_wait_s,120,155.81477117538452,0.49554207921028137
molmoact2_native_bs8,perf/data_wait_s,140,182.12254118919373,0.49801352620124817
molmoact2_native_bs8,perf/data_wait_s,160,208.72856402397156,0.49971291422843933
molmoact2_native_bs8,perf/data_wait_s,180,235.21647477149963,0.5006451606750488
molmoact2_native_bs8,perf/data_wait_s,200,261.3330855369568,0.5006049275398254
molmoact2_native_bs8,perf/compute_s,20,28.40194320678711,0.89748215675354
molmoact2_native_bs8,perf/compute_s,40,54.02432417869568,0.8372405767440796
molmoact2_native_bs8,perf/compute_s,60,80.01984119415283,0.8233252763748169
molmoact2_native_bs8,perf/compute_s,80,105.09626650810242,0.8075236678123474
molmoact2_native_bs8,perf/compute_s,100,130.53110194206238,0.7999811172485352
molmoact2_native_bs8,perf/compute_s,120,155.81482577323914,0.7933698892593384
molmoact2_native_bs8,perf/compute_s,140,182.1226167678833,0.7931997776031494
molmoact2_native_bs8,perf/compute_s,160,208.7286229133606,0.7950688600540161
molmoact2_native_bs8,perf/compute_s,180,235.21654772758484,0.7962285876274109
molmoact2_native_bs8,perf/compute_s,200,261.3331606388092,0.7961576581001282
molmoact2_native_bs8,perf/effective_batch_size,20,28.40199851989746,8.0
molmoact2_native_bs8,perf/effective_batch_size,40,54.02437782287598,8.0
molmoact2_native_bs8,perf/effective_batch_size,60,80.01989388465881,8.0
molmoact2_native_bs8,perf/effective_batch_size,80,105.09635019302368,8.0
molmoact2_native_bs8,perf/effective_batch_size,100,130.53115439414978,8.0
molmoact2_native_bs8,perf/effective_batch_size,120,155.81487941741943,8.0
molmoact2_native_bs8,perf/effective_batch_size,140,182.12269377708435,8.0
molmoact2_native_bs8,perf/effective_batch_size,160,208.72868156433105,8.0
molmoact2_native_bs8,perf/effective_batch_size,180,235.2166247367859,8.0
molmoact2_native_bs8,perf/effective_batch_size,200,261.33323907852173,8.0
molmoact2_native_bs8,batch/is_vlm_loader,20,28.40205144882202,0.0
molmoact2_native_bs8,batch/is_vlm_loader,40,54.02444338798523,0.0
molmoact2_native_bs8,batch/is_vlm_loader,60,80.01994323730469,0.0
molmoact2_native_bs8,batch/is_vlm_loader,80,105.09640860557556,0.0
molmoact2_native_bs8,batch/is_vlm_loader,100,130.53123545646667,0.0
molmoact2_native_bs8,batch/is_vlm_loader,120,155.8149333000183,0.0
molmoact2_native_bs8,batch/is_vlm_loader,140,182.1227719783783,0.0
molmoact2_native_bs8,batch/is_vlm_loader,160,208.72875308990479,0.0
molmoact2_native_bs8,batch/is_vlm_loader,180,235.21672320365906,0.0
molmoact2_native_bs8,batch/is_vlm_loader,200,261.333349943161,0.0
molmoact2_native_bs8,perf/checkpoint_save_s,200,273.69902300834656,12.353313446044922
pi05_combined_probe,perf/effective_batch_size,0,0.0,8.0
pi05_combined_probe,perf/vram_allocated_mb,0,0.011966705322265625,8548.939453125
pi05_combined_probe,perf/vram_allocated_mb,0,1.516589641571045,8548.939453125
pi05_combined_probe,perf/vram_allocated_mb,0,3.0204715728759766,8548.939453125
pi05_combined_probe,perf/vram_allocated_mb,0,4.5267555713653564,8548.939453125
pi05_combined_probe,perf/vram_allocated_mb,0,6.0309834480285645,8548.939453125
pi05_combined_probe,perf/vram_allocated_mb,0,7.538846492767334,8548.939453125
pi05_combined_probe,perf/vram_allocated_mb,0,9.044089555740356,8548.939453125
pi05_combined_probe,perf/vram_allocated_mb,0,10.549890756607056,8548.939453125
pi05_combined_probe,perf/vram_allocated_mb,0,12.055195569992065,8548.939453125
pi05_combined_probe,perf/vram_allocated_mb,0,13.562676191329956,8548.939453125
pi05_combined_probe,perf/vram_allocated_mb,0,15.066812515258789,8548.939453125
pi05_combined_probe,perf/vram_allocated_mb,0,16.570759534835815,8548.939453125
pi05_combined_probe,perf/vram_allocated_mb,0,18.077688932418823,8548.939453125
pi05_combined_probe,perf/vram_allocated_mb,0,19.613847255706787,8629.828125
pi05_combined_probe,perf/vram_allocated_mb,0,21.119081497192383,8693.810546875
pi05_combined_probe,perf/vram_allocated_mb,0,22.790919065475464,8727.91015625
pi05_combined_probe,perf/vram_allocated_mb,0,24.53620481491089,8727.91015625
pi05_combined_probe,perf/vram_allocated_mb,0,26.109880208969116,8727.91015625
pi05_combined_probe,perf/vram_allocated_mb,0,27.78659176826477,8727.91015625
pi05_combined_probe,perf/vram_allocated_mb,0,29.294401168823242,8727.9765625
pi05_combined_probe,perf/vram_allocated_mb,0,30.79919195175171,14710.1962890625
pi05_combined_probe,perf/vram_allocated_mb,1,32.303640842437744,22171.37890625
pi05_combined_probe,perf/vram_allocated_mb,4,33.835349798202515,36828.4765625
pi05_combined_probe,perf/vram_allocated_mb,8,35.34145498275757,22173.107421875
pi05_combined_probe,perf/vram_allocated_mb,11,36.92556881904602,29510.72265625
pi05_combined_probe,perf/vram_allocated_mb,14,38.43885898590088,29429.2265625
pi05_combined_probe,perf/vram_allocated_mb,17,40.00388264656067,30090.462890625
pi05_combined_probe,perf/vram_allocated_mb,21,41.50830602645874,22224.392578125
pi05_combined_probe,perf/vram_allocated_mb,24,43.08352971076965,30098.947265625
pi05_combined_probe,perf/vram_allocated_mb,27,44.6051025390625,30120.7890625
pi05_combined_probe,perf/vram_allocated_mb,31,46.10890030860901,22171.583984375
pi05_combined_probe,perf/vram_allocated_mb,34,47.69906449317932,29510.00390625
pi05_combined_probe,perf/vram_allocated_mb,37,49.20302391052246,26619.6875
pi05_combined_probe,perf/vram_allocated_mb,41,50.70746922492981,22171.583984375
pi05_combined_probe,perf/vram_allocated_mb,44,52.29994034767151,30964.814453125
pi05_combined_probe,perf/vram_allocated_mb,48,53.80497097969055,22761.943359375
pi05_combined_probe,perf/vram_allocated_mb,50,55.78421330451965,22156.51953125
pi05_combined_probe,perf/vram_allocated_mb,50,58.29410409927368,22123.32421875
pi05_combined_probe,perf/vram_allocated_mb,50,59.94418168067932,22123.32421875
pi05_combined_probe,perf/vram_allocated_mb,50,61.53666687011719,22123.32421875
pi05_combined_probe,perf/vram_allocated_mb,50,63.11314916610718,22123.32421875
pi05_combined_probe,perf/vram_allocated_mb,50,64.66620635986328,22123.32421875
pi05_combined_probe,perf/vram_allocated_mb,50,66.31067943572998,22123.32421875
pi05_combined_probe,perf/vram_allocated_mb,50,67.8165180683136,22123.32421875
pi05_combined_probe,perf/vram_allocated_mb,50,69.32263660430908,22123.32421875
pi05_combined_probe,perf/vram_allocated_mb,50,70.83755302429199,22123.32421875
pi05_combined_probe,perf/vram_allocated_mb,50,72.91004657745361,22123.32421875
pi05_combined_probe,perf/vram_allocated_mb,50,74.43049144744873,22123.32421875
pi05_combined_probe,perf/vram_allocated_mb,50,76.07305669784546,22123.32421875
pi05_combined_probe,perf/vram_allocated_mb,50,77.59737038612366,22123.32421875
pi05_combined_probe,perf/vram_allocated_mb,50,79.21706986427307,22123.32421875
pi05_combined_probe,perf/vram_allocated_mb,50,80.84283256530762,22123.32421875
pi05_combined_probe,perf/vram_allocated_mb,50,82.43237686157227,22123.32421875
pi05_combined_probe,perf/vram_allocated_mb,50,83.98769974708557,22123.32421875
pi05_combined_probe,perf/vram_allocated_mb,50,85.58891224861145,22123.32421875
pi05_combined_probe,perf/vram_allocated_mb,50,87.1719126701355,22123.32421875
pi05_combined_probe,perf/vram_allocated_mb,50,88.76942849159241,22123.32421875
pi05_combined_probe,perf/vram_allocated_mb,50,90.273592710495,22123.32421875
pi05_combined_probe,perf/vram_allocated_mb,50,91.78221607208252,22123.32421875
pi05_combined_probe,perf/vram_allocated_mb,50,93.29042482376099,22123.32421875
pi05_combined_probe,perf/vram_allocated_mb,50,94.9409351348877,22123.32421875
pi05_combined_probe,perf/vram_allocated_mb,50,96.44575142860413,22123.32421875
pi05_combined_probe,perf/vram_allocated_mb,50,97.94977951049805,22123.32421875
pi05_combined_probe,perf/vram_allocated_mb,50,99.4542191028595,22123.32421875
pi05_combined_probe,perf/vram_allocated_mb,50,100.95947051048279,22123.32421875
pi05_combined_probe,perf/vram_allocated_mb,50,102.46376872062683,22123.32421875
pi05_combined_probe,perf/vram_allocated_mb,50,103.97061228752136,22123.32421875
pi05_combined_probe,perf/vram_reserved_mb,0,0.01200103759765625,9594.470703125
pi05_combined_probe,perf/vram_reserved_mb,0,1.516622543334961,9594.470703125
pi05_combined_probe,perf/vram_reserved_mb,0,3.020504951477051,9594.470703125
pi05_combined_probe,perf/vram_reserved_mb,0,4.526792764663696,9594.470703125
pi05_combined_probe,perf/vram_reserved_mb,0,6.0310280323028564,9594.470703125
pi05_combined_probe,perf/vram_reserved_mb,0,7.538880348205566,9594.470703125
pi05_combined_probe,perf/vram_reserved_mb,0,9.044121980667114,9594.470703125
pi05_combined_probe,perf/vram_reserved_mb,0,10.549925088882446,9594.470703125
pi05_combined_probe,perf/vram_reserved_mb,0,12.055235624313354,9594.470703125
pi05_combined_probe,perf/vram_reserved_mb,0,13.562711238861084,9594.470703125
pi05_combined_probe,perf/vram_reserved_mb,0,15.066848993301392,9594.470703125
pi05_combined_probe,perf/vram_reserved_mb,0,16.57079553604126,9594.470703125
pi05_combined_probe,perf/vram_reserved_mb,0,18.07773447036743,9594.470703125
pi05_combined_probe,perf/vram_reserved_mb,0,19.61390709877014,9594.470703125
pi05_combined_probe,perf/vram_reserved_mb,0,21.11911702156067,9630.1220703125
pi05_combined_probe,perf/vram_reserved_mb,0,22.79096293449402,9695.1337890625
pi05_combined_probe,perf/vram_reserved_mb,0,24.536244869232178,9695.1337890625
pi05_combined_probe,perf/vram_reserved_mb,0,26.109922885894775,9695.1337890625
pi05_combined_probe,perf/vram_reserved_mb,0,27.7866313457489,9695.1337890625
pi05_combined_probe,perf/vram_reserved_mb,0,29.29443597793579,9695.1337890625
pi05_combined_probe,perf/vram_reserved_mb,0,30.799227237701416,28758.24609375
pi05_combined_probe,perf/vram_reserved_mb,1,32.303683280944824,36098.27734375
pi05_combined_probe,perf/vram_reserved_mb,4,33.8353853225708,47852.8125
pi05_combined_probe,perf/vram_reserved_mb,8,35.341490030288696,47852.8125
pi05_combined_probe,perf/vram_reserved_mb,11,36.92560362815857,47852.8125
pi05_combined_probe,perf/vram_reserved_mb,14,38.43889260292053,47852.8125
pi05_combined_probe,perf/vram_reserved_mb,17,40.00391721725464,47852.8125
pi05_combined_probe,perf/vram_reserved_mb,21,41.50834584236145,47852.8125
pi05_combined_probe,perf/vram_reserved_mb,24,43.083564043045044,47852.8125
pi05_combined_probe,perf/vram_reserved_mb,27,44.60514163970947,47852.8125
pi05_combined_probe,perf/vram_reserved_mb,31,46.10893440246582,47852.8125
pi05_combined_probe,perf/vram_reserved_mb,34,47.699100971221924,47852.8125
pi05_combined_probe,perf/vram_reserved_mb,37,49.203057289123535,47852.8125
pi05_combined_probe,perf/vram_reserved_mb,41,50.70750069618225,47852.8125
pi05_combined_probe,perf/vram_reserved_mb,44,52.29997277259827,47852.8125
pi05_combined_probe,perf/vram_reserved_mb,48,53.805004835128784,47852.8125
pi05_combined_probe,perf/vram_reserved_mb,50,55.78424787521362,47852.8125
pi05_combined_probe,perf/vram_reserved_mb,50,58.29413604736328,47852.8125
pi05_combined_probe,perf/vram_reserved_mb,50,59.94421720504761,47852.8125
pi05_combined_probe,perf/vram_reserved_mb,50,61.53670072555542,47852.8125
pi05_combined_probe,perf/vram_reserved_mb,50,63.113184213638306,47852.8125
pi05_combined_probe,perf/vram_reserved_mb,50,64.66624069213867,47852.8125
pi05_combined_probe,perf/vram_reserved_mb,50,66.31071281433105,47852.8125
pi05_combined_probe,perf/vram_reserved_mb,50,67.81655478477478,47852.8125
pi05_combined_probe,perf/vram_reserved_mb,50,69.3226706981659,47852.8125
pi05_combined_probe,perf/vram_reserved_mb,50,70.83758735656738,47852.8125
pi05_combined_probe,perf/vram_reserved_mb,50,72.9100832939148,47852.8125
pi05_combined_probe,perf/vram_reserved_mb,50,74.4305260181427,47852.8125
pi05_combined_probe,perf/vram_reserved_mb,50,76.07309246063232,47852.8125
pi05_combined_probe,perf/vram_reserved_mb,50,77.5974051952362,47852.8125
pi05_combined_probe,perf/vram_reserved_mb,50,79.21710562705994,47852.8125
pi05_combined_probe,perf/vram_reserved_mb,50,80.84287691116333,47852.8125
pi05_combined_probe,perf/vram_reserved_mb,50,82.4324107170105,47852.8125
pi05_combined_probe,perf/vram_reserved_mb,50,83.98773503303528,47852.8125
pi05_combined_probe,perf/vram_reserved_mb,50,85.58894729614258,47852.8125
pi05_combined_probe,perf/vram_reserved_mb,50,87.17194628715515,47852.8125
pi05_combined_probe,perf/vram_reserved_mb,50,88.76947355270386,47852.8125
pi05_combined_probe,perf/vram_reserved_mb,50,90.27362728118896,47852.8125
pi05_combined_probe,perf/vram_reserved_mb,50,91.78225040435791,47852.8125
pi05_combined_probe,perf/vram_reserved_mb,50,93.29045987129211,47852.8125
pi05_combined_probe,perf/vram_reserved_mb,50,94.94097018241882,47852.8125
pi05_combined_probe,perf/vram_reserved_mb,50,96.44579148292542,47852.8125
pi05_combined_probe,perf/vram_reserved_mb,50,97.94981288909912,47852.8125
pi05_combined_probe,perf/vram_reserved_mb,50,99.45425415039062,47852.8125
pi05_combined_probe,perf/vram_reserved_mb,50,100.9595046043396,47852.8125
pi05_combined_probe,perf/vram_reserved_mb,50,102.4638032913208,47852.8125
pi05_combined_probe,perf/vram_reserved_mb,50,103.97065687179565,47852.8125
pi05_combined_probe,perf/vram_peak_mb,0,0.012080192565917969,9357.591796875
pi05_combined_probe,perf/vram_peak_mb,0,1.5166313648223877,9357.591796875
pi05_combined_probe,perf/vram_peak_mb,0,3.0205140113830566,9357.591796875
pi05_combined_probe,perf/vram_peak_mb,0,4.5268025398254395,9357.591796875
pi05_combined_probe,perf/vram_peak_mb,0,6.0310375690460205,9357.591796875
pi05_combined_probe,perf/vram_peak_mb,0,7.53889012336731,9357.591796875
pi05_combined_probe,perf/vram_peak_mb,0,9.04413104057312,9357.591796875
pi05_combined_probe,perf/vram_peak_mb,0,10.54993462562561,9357.591796875
pi05_combined_probe,perf/vram_peak_mb,0,12.055246829986572,9357.591796875
pi05_combined_probe,perf/vram_peak_mb,0,13.56272006034851,9357.591796875
pi05_combined_probe,perf/vram_peak_mb,0,15.066858530044556,9357.591796875
pi05_combined_probe,perf/vram_peak_mb,0,16.57080602645874,9357.591796875
pi05_combined_probe,perf/vram_peak_mb,0,18.07774782180786,9357.591796875
pi05_combined_probe,perf/vram_peak_mb,0,19.613922834396362,9357.591796875
pi05_combined_probe,perf/vram_peak_mb,0,21.119125604629517,9357.591796875
pi05_combined_probe,perf/vram_peak_mb,0,22.790971517562866,9357.591796875
pi05_combined_probe,perf/vram_peak_mb,0,24.536255359649658,9357.591796875
pi05_combined_probe,perf/vram_peak_mb,0,26.109933376312256,9357.591796875
pi05_combined_probe,perf/vram_peak_mb,0,27.786641597747803,9357.591796875
pi05_combined_probe,perf/vram_peak_mb,0,29.294445037841797,9357.591796875
pi05_combined_probe,perf/vram_peak_mb,0,30.799236536026,24286.5703125
pi05_combined_probe,perf/vram_peak_mb,1,32.30370330810547,35672.47265625
pi05_combined_probe,perf/vram_peak_mb,4,33.835394859313965,37784.92578125
pi05_combined_probe,perf/vram_peak_mb,8,35.34150004386902,37784.92578125
pi05_combined_probe,perf/vram_peak_mb,11,36.92561221122742,37784.92578125
pi05_combined_probe,perf/vram_peak_mb,14,38.43890070915222,37784.92578125
pi05_combined_probe,perf/vram_peak_mb,17,40.003925800323486,37784.92578125
pi05_combined_probe,perf/vram_peak_mb,21,41.50835919380188,37784.92578125
pi05_combined_probe,perf/vram_peak_mb,24,43.08357310295105,37784.92578125
pi05_combined_probe,perf/vram_peak_mb,27,44.605151414871216,37784.92578125
pi05_combined_probe,perf/vram_peak_mb,31,46.10894465446472,37784.92578125
pi05_combined_probe,perf/vram_peak_mb,34,47.69911003112793,37784.92578125
pi05_combined_probe,perf/vram_peak_mb,37,49.203067779541016,37784.92578125
pi05_combined_probe,perf/vram_peak_mb,41,50.707509994506836,37784.92578125
pi05_combined_probe,perf/vram_peak_mb,44,52.29998183250427,37784.92578125
pi05_combined_probe,perf/vram_peak_mb,48,53.805026054382324,37784.92578125
pi05_combined_probe,perf/vram_peak_mb,50,55.784257650375366,37784.92578125
pi05_combined_probe,perf/vram_peak_mb,50,58.294145345687866,37784.92578125
pi05_combined_probe,perf/vram_peak_mb,50,59.944226026535034,37784.92578125
pi05_combined_probe,perf/vram_peak_mb,50,61.536709785461426,37784.92578125
pi05_combined_probe,perf/vram_peak_mb,50,63.11319327354431,37784.92578125
pi05_combined_probe,perf/vram_peak_mb,50,64.66624927520752,37784.92578125
pi05_combined_probe,perf/vram_peak_mb,50,66.31072163581848,37784.92578125
pi05_combined_probe,perf/vram_peak_mb,50,67.81656384468079,37784.92578125
pi05_combined_probe,perf/vram_peak_mb,50,69.32268166542053,37784.92578125
pi05_combined_probe,perf/vram_peak_mb,50,70.83759665489197,37784.92578125
pi05_combined_probe,perf/vram_peak_mb,50,72.91009259223938,37784.92578125
pi05_combined_probe,perf/vram_peak_mb,50,74.43053555488586,37784.92578125
pi05_combined_probe,perf/vram_peak_mb,50,76.07310152053833,37784.92578125
pi05_combined_probe,perf/vram_peak_mb,50,77.59741377830505,37784.92578125
pi05_combined_probe,perf/vram_peak_mb,50,79.21711468696594,37784.92578125
pi05_combined_probe,perf/vram_peak_mb,50,80.84289026260376,37784.92578125
pi05_combined_probe,perf/vram_peak_mb,50,82.4324197769165,37784.92578125
pi05_combined_probe,perf/vram_peak_mb,50,83.98774409294128,37784.92578125
pi05_combined_probe,perf/vram_peak_mb,50,85.58895635604858,37784.92578125
pi05_combined_probe,perf/vram_peak_mb,50,87.17195534706116,37784.92578125
pi05_combined_probe,perf/vram_peak_mb,50,88.76948380470276,37784.92578125
pi05_combined_probe,perf/vram_peak_mb,50,90.27363634109497,37784.92578125
pi05_combined_probe,perf/vram_peak_mb,50,91.78226017951965,37784.92578125
pi05_combined_probe,perf/vram_peak_mb,50,93.29046893119812,37784.92578125
pi05_combined_probe,perf/vram_peak_mb,50,94.94097995758057,37784.92578125
pi05_combined_probe,perf/vram_peak_mb,50,96.44580054283142,37784.92578125
pi05_combined_probe,perf/vram_peak_mb,50,97.94982147216797,37784.92578125
pi05_combined_probe,perf/vram_peak_mb,50,99.45426321029663,37784.92578125
pi05_combined_probe,perf/vram_peak_mb,50,100.95951318740845,37784.92578125
pi05_combined_probe,perf/vram_peak_mb,50,102.4638123512268,37784.92578125
pi05_combined_probe,perf/vram_peak_mb,50,103.97066974639893,37784.92578125
pi05_combined_probe,perf/gpu_util_pct,0,0.012090921401977539,0.0
pi05_combined_probe,perf/gpu_util_pct,0,1.5166375637054443,0.0
pi05_combined_probe,perf/gpu_util_pct,0,3.0205202102661133,0.0
pi05_combined_probe,perf/gpu_util_pct,0,4.526809215545654,0.0
pi05_combined_probe,perf/gpu_util_pct,0,6.031044006347656,0.0
pi05_combined_probe,perf/gpu_util_pct,0,7.538896560668945,0.0
pi05_combined_probe,perf/gpu_util_pct,0,9.044137239456177,0.0
pi05_combined_probe,perf/gpu_util_pct,0,10.549941539764404,0.0
pi05_combined_probe,perf/gpu_util_pct,0,12.055254220962524,0.0
pi05_combined_probe,perf/gpu_util_pct,0,13.562726974487305,0.0
pi05_combined_probe,perf/gpu_util_pct,0,15.066864967346191,0.0
pi05_combined_probe,perf/gpu_util_pct,0,16.570812940597534,0.0
pi05_combined_probe,perf/gpu_util_pct,0,18.077759504318237,0.0
pi05_combined_probe,perf/gpu_util_pct,0,19.61393666267395,0.0
pi05_combined_probe,perf/gpu_util_pct,0,21.119132041931152,0.0
pi05_combined_probe,perf/gpu_util_pct,0,22.79097843170166,0.0
pi05_combined_probe,perf/gpu_util_pct,0,24.53626275062561,0.0
pi05_combined_probe,perf/gpu_util_pct,0,26.10994029045105,0.0
pi05_combined_probe,perf/gpu_util_pct,0,27.786648511886597,0.0
pi05_combined_probe,perf/gpu_util_pct,0,29.29445219039917,0.0
pi05_combined_probe,perf/gpu_util_pct,0,30.799243211746216,0.0
pi05_combined_probe,perf/gpu_util_pct,1,32.30371308326721,0.0
pi05_combined_probe,perf/gpu_util_pct,4,33.83540105819702,56.0
pi05_combined_probe,perf/gpu_util_pct,8,35.341506481170654,92.0
pi05_combined_probe,perf/gpu_util_pct,11,36.92561960220337,54.0
pi05_combined_probe,perf/gpu_util_pct,14,38.43890690803528,100.0
pi05_combined_probe,perf/gpu_util_pct,17,40.003931760787964,92.0
pi05_combined_probe,perf/gpu_util_pct,21,41.50836968421936,100.0
pi05_combined_probe,perf/gpu_util_pct,24,43.083579778671265,88.0
pi05_combined_probe,perf/gpu_util_pct,27,44.60515832901001,22.0
pi05_combined_probe,perf/gpu_util_pct,31,46.108951568603516,100.0
pi05_combined_probe,perf/gpu_util_pct,34,47.699116230010986,88.0
pi05_combined_probe,perf/gpu_util_pct,37,49.20307421684265,100.0
pi05_combined_probe,perf/gpu_util_pct,41,50.70751643180847,90.0
pi05_combined_probe,perf/gpu_util_pct,44,52.29998826980591,75.0
pi05_combined_probe,perf/gpu_util_pct,48,53.80503296852112,100.0
pi05_combined_probe,perf/gpu_util_pct,50,55.78426480293274,0.0
pi05_combined_probe,perf/gpu_util_pct,50,58.29415154457092,0.0
pi05_combined_probe,perf/gpu_util_pct,50,59.94423294067383,0.0
pi05_combined_probe,perf/gpu_util_pct,50,61.53671646118164,1.0
pi05_combined_probe,perf/gpu_util_pct,50,63.11319971084595,3.0
pi05_combined_probe,perf/gpu_util_pct,50,64.66625571250916,3.0
pi05_combined_probe,perf/gpu_util_pct,50,66.31072783470154,2.0
pi05_combined_probe,perf/gpu_util_pct,50,67.81657099723816,0.0
pi05_combined_probe,perf/gpu_util_pct,50,69.32268786430359,3.0
pi05_combined_probe,perf/gpu_util_pct,50,70.8376042842865,2.0
pi05_combined_probe,perf/gpu_util_pct,50,72.91009879112244,0.0
pi05_combined_probe,perf/gpu_util_pct,50,74.4305419921875,0.0
pi05_combined_probe,perf/gpu_util_pct,50,76.07310819625854,3.0
pi05_combined_probe,perf/gpu_util_pct,50,77.59742021560669,2.0
pi05_combined_probe,perf/gpu_util_pct,50,79.2171220779419,3.0
pi05_combined_probe,perf/gpu_util_pct,50,80.84290075302124,3.0
pi05_combined_probe,perf/gpu_util_pct,50,82.43242645263672,0.0
pi05_combined_probe,perf/gpu_util_pct,50,83.98775053024292,3.0
pi05_combined_probe,perf/gpu_util_pct,50,85.5889630317688,3.0
pi05_combined_probe,perf/gpu_util_pct,50,87.17196297645569,1.0
pi05_combined_probe,perf/gpu_util_pct,50,88.76949095726013,0.0
pi05_combined_probe,perf/gpu_util_pct,50,90.27364325523376,3.0
pi05_combined_probe,perf/gpu_util_pct,50,91.78226780891418,2.0
pi05_combined_probe,perf/gpu_util_pct,50,93.29047584533691,3.0
pi05_combined_probe,perf/gpu_util_pct,50,94.94098711013794,0.0
pi05_combined_probe,perf/gpu_util_pct,50,96.44580721855164,0.0
pi05_combined_probe,perf/gpu_util_pct,50,97.94982719421387,0.0
pi05_combined_probe,perf/gpu_util_pct,50,99.45427012443542,0.0
pi05_combined_probe,perf/gpu_util_pct,50,100.95951962471008,0.0
pi05_combined_probe,perf/gpu_util_pct,50,102.4638192653656,0.0
pi05_combined_probe,perf/gpu_util_pct,50,103.97067999839783,0.0
pi05_combined_probe,perf/gpu_mem_util_pct,0,0.012098312377929688,0.0
pi05_combined_probe,perf/gpu_mem_util_pct,0,1.5166432857513428,0.0
pi05_combined_probe,perf/gpu_mem_util_pct,0,3.0205259323120117,0.0
pi05_combined_probe,perf/gpu_mem_util_pct,0,4.526815414428711,0.0
pi05_combined_probe,perf/gpu_mem_util_pct,0,6.031049728393555,0.0
pi05_combined_probe,perf/gpu_mem_util_pct,0,7.538902282714844,0.0
pi05_combined_probe,perf/gpu_mem_util_pct,0,9.044142723083496,0.0
pi05_combined_probe,perf/gpu_mem_util_pct,0,10.549947261810303,0.0
pi05_combined_probe,perf/gpu_mem_util_pct,0,12.055259943008423,0.0
pi05_combined_probe,perf/gpu_mem_util_pct,0,13.562733173370361,0.0
pi05_combined_probe,perf/gpu_mem_util_pct,0,15.06687068939209,0.0
pi05_combined_probe,perf/gpu_mem_util_pct,0,16.570818662643433,0.0
pi05_combined_probe,perf/gpu_mem_util_pct,0,18.07776927947998,0.0
pi05_combined_probe,perf/gpu_mem_util_pct,0,19.61394691467285,0.0
pi05_combined_probe,perf/gpu_mem_util_pct,0,21.11913824081421,0.0
pi05_combined_probe,perf/gpu_mem_util_pct,0,22.790984630584717,0.0
pi05_combined_probe,perf/gpu_mem_util_pct,0,24.536269664764404,0.0
pi05_combined_probe,perf/gpu_mem_util_pct,0,26.109946250915527,0.0
pi05_combined_probe,perf/gpu_mem_util_pct,0,27.78665518760681,0.0
pi05_combined_probe,perf/gpu_mem_util_pct,0,29.294458389282227,0.0
pi05_combined_probe,perf/gpu_mem_util_pct,0,30.799249410629272,0.0
pi05_combined_probe,perf/gpu_mem_util_pct,1,32.303722620010376,0.0
pi05_combined_probe,perf/gpu_mem_util_pct,4,33.83540678024292,32.0
pi05_combined_probe,perf/gpu_mem_util_pct,8,35.34151530265808,53.0
pi05_combined_probe,perf/gpu_mem_util_pct,11,36.925626277923584,25.0
pi05_combined_probe,perf/gpu_mem_util_pct,14,38.43891263008118,56.0
pi05_combined_probe,perf/gpu_mem_util_pct,17,40.00393748283386,36.0
pi05_combined_probe,perf/gpu_mem_util_pct,21,41.508378982543945,55.0
pi05_combined_probe,perf/gpu_mem_util_pct,24,43.08358573913574,50.0
pi05_combined_probe,perf/gpu_mem_util_pct,27,44.605164527893066,11.0
pi05_combined_probe,perf/gpu_mem_util_pct,31,46.108957290649414,57.0
pi05_combined_probe,perf/gpu_mem_util_pct,34,47.699121952056885,51.0
pi05_combined_probe,perf/gpu_mem_util_pct,37,49.20308017730713,52.0
pi05_combined_probe,perf/gpu_mem_util_pct,41,50.70752167701721,51.0
pi05_combined_probe,perf/gpu_mem_util_pct,44,52.299994230270386,38.0
pi05_combined_probe,perf/gpu_mem_util_pct,48,53.805039167404175,57.0
pi05_combined_probe,perf/gpu_mem_util_pct,50,55.78427076339722,0.0
pi05_combined_probe,perf/gpu_mem_util_pct,50,58.29415726661682,0.0
pi05_combined_probe,perf/gpu_mem_util_pct,50,59.94423866271973,0.0
pi05_combined_probe,perf/gpu_mem_util_pct,50,61.53672242164612,0.0
pi05_combined_probe,perf/gpu_mem_util_pct,50,63.11320638656616,0.0
pi05_combined_probe,perf/gpu_mem_util_pct,50,64.66626214981079,0.0
pi05_combined_probe,perf/gpu_mem_util_pct,50,66.3107340335846,0.0
pi05_combined_probe,perf/gpu_mem_util_pct,50,67.81657671928406,0.0
pi05_combined_probe,perf/gpu_mem_util_pct,50,69.32269358634949,0.0
pi05_combined_probe,perf/gpu_mem_util_pct,50,70.83761096000671,0.0
pi05_combined_probe,perf/gpu_mem_util_pct,50,72.91010475158691,0.0
pi05_combined_probe,perf/gpu_mem_util_pct,50,74.43054747581482,0.0
pi05_combined_probe,perf/gpu_mem_util_pct,50,76.07311463356018,0.0
pi05_combined_probe,perf/gpu_mem_util_pct,50,77.59742593765259,0.0
pi05_combined_probe,perf/gpu_mem_util_pct,50,79.2171277999878,0.0
pi05_combined_probe,perf/gpu_mem_util_pct,50,80.84291052818298,0.0
pi05_combined_probe,perf/gpu_mem_util_pct,50,82.4324324131012,0.0
pi05_combined_probe,perf/gpu_mem_util_pct,50,83.9877564907074,0.0
pi05_combined_probe,perf/gpu_mem_util_pct,50,85.5889687538147,0.0
pi05_combined_probe,perf/gpu_mem_util_pct,50,87.17196869850159,0.0
pi05_combined_probe,perf/gpu_mem_util_pct,50,88.76949644088745,0.0
pi05_combined_probe,perf/gpu_mem_util_pct,50,90.27364945411682,0.0
pi05_combined_probe,perf/gpu_mem_util_pct,50,91.78227472305298,0.0
pi05_combined_probe,perf/gpu_mem_util_pct,50,93.29048156738281,0.0
pi05_combined_probe,perf/gpu_mem_util_pct,50,94.94099378585815,0.0
pi05_combined_probe,perf/gpu_mem_util_pct,50,96.44581317901611,0.0
pi05_combined_probe,perf/gpu_mem_util_pct,50,97.94983291625977,0.0
pi05_combined_probe,perf/gpu_mem_util_pct,50,99.45427584648132,0.0
pi05_combined_probe,perf/gpu_mem_util_pct,50,100.95952534675598,0.0
pi05_combined_probe,perf/gpu_mem_util_pct,50,102.46382546424866,0.0
pi05_combined_probe,perf/gpu_mem_util_pct,50,103.97068881988525,0.0
pi05_combined_probe,train/loss,10,36.205281496047974,0.6585559844970703
pi05_combined_probe,train/loss,20,41.03979253768921,0.753363311290741
pi05_combined_probe,train/loss,30,45.693222761154175,0.5566439628601074
pi05_combined_probe,train/loss,40,50.33331060409546,0.7888607382774353
pi05_combined_probe,train/loss,50,54.53981137275696,0.41044697165489197
pi05_combined_probe,train/loss_per_dim_0,10,36.20531988143921,0.9773332476615906
pi05_combined_probe,train/loss_per_dim_0,20,41.03982853889465,0.5919044613838196
pi05_combined_probe,train/loss_per_dim_0,30,45.693257331848145,0.5984596014022827
pi05_combined_probe,train/loss_per_dim_0,40,50.333343744277954,0.34252652525901794
pi05_combined_probe,train/loss_per_dim_0,50,54.539846897125244,0.04385699704289436
pi05_combined_probe,train/loss_per_dim_1,10,36.20532941818237,0.13712237775325775
pi05_combined_probe,train/loss_per_dim_1,20,41.039838790893555,1.3501195907592773
pi05_combined_probe,train/loss_per_dim_1,30,45.69326686859131,0.35440802574157715
pi05_combined_probe,train/loss_per_dim_1,40,50.33335328102112,0.36821824312210083
pi05_combined_probe,train/loss_per_dim_1,50,54.53985643386841,0.08318129926919937
pi05_combined_probe,train/loss_per_dim_2,10,36.205336570739746,0.4463202953338623
pi05_combined_probe,train/loss_per_dim_2,20,41.03984594345093,0.23945587873458862
pi05_combined_probe,train/loss_per_dim_2,30,45.693273067474365,0.4809603989124298
pi05_combined_probe,train/loss_per_dim_2,40,50.333359718322754,0.9653406143188477
pi05_combined_probe,train/loss_per_dim_2,50,54.539862632751465,0.16644220054149628
pi05_combined_probe,train/loss_per_dim_3,10,36.2053427696228,0.10608406364917755
pi05_combined_probe,train/loss_per_dim_3,20,41.039851903915405,0.12100006639957428
pi05_combined_probe,train/loss_per_dim_3,30,45.693278789520264,0.46314963698387146
pi05_combined_probe,train/loss_per_dim_3,40,50.33336544036865,0.3202875256538391
pi05_combined_probe,train/loss_per_dim_3,50,54.5398690700531,0.06421887874603271
pi05_combined_probe,train/loss_per_dim_4,10,36.20534825325012,1.6431376934051514
pi05_combined_probe,train/loss_per_dim_4,20,41.039857625961304,0.21025466918945312
pi05_combined_probe,train/loss_per_dim_4,30,45.69328427314758,0.5254515409469604
pi05_combined_probe,train/loss_per_dim_4,40,50.33337092399597,0.2915849983692169
pi05_combined_probe,train/loss_per_dim_4,50,54.539878129959106,0.18642258644104004
pi05_combined_probe,train/loss_per_dim_5,10,36.20535373687744,0.2835014760494232
pi05_combined_probe,train/loss_per_dim_5,20,41.0398633480072,1.8257105350494385
pi05_combined_probe,train/loss_per_dim_5,30,45.69328951835632,0.2967540919780731
pi05_combined_probe,train/loss_per_dim_5,40,50.33337616920471,1.4859787225723267
pi05_combined_probe,train/loss_per_dim_5,50,54.53988337516785,0.7789226770401001
pi05_combined_probe,train/loss_per_dim_6,10,36.2053599357605,1.016392707824707
pi05_combined_probe,train/loss_per_dim_6,20,41.03986859321594,0.935097873210907
pi05_combined_probe,train/loss_per_dim_6,30,45.69329476356506,1.1773245334625244
pi05_combined_probe,train/loss_per_dim_6,40,50.33338141441345,1.7480889558792114
pi05_combined_probe,train/loss_per_dim_6,50,54.539888858795166,1.5500844717025757
pi05_combined_probe,train/lr_group0,10,36.20536541938782,9.999999747378752e-06
pi05_combined_probe,train/lr_group0,20,41.03987455368042,9.999999747378752e-06
pi05_combined_probe,train/lr_group0,30,45.69330096244812,9.999999747378752e-06
pi05_combined_probe,train/lr_group0,40,50.33338689804077,9.999999747378752e-06
pi05_combined_probe,train/lr_group0,50,54.539894580841064,9.999999747378752e-06
pi05_combined_probe,perf/data_wait_s,10,36.20538115501404,0.0011044759303331375
pi05_combined_probe,perf/data_wait_s,20,41.039889097213745,0.0003068281803280115
pi05_combined_probe,perf/data_wait_s,30,45.69331431388855,0.0003512040711939335
pi05_combined_probe,perf/data_wait_s,40,50.333399534225464,0.0005964660085737705
pi05_combined_probe,perf/data_wait_s,50,54.53990697860718,0.0005785641260445118
pi05_combined_probe,perf/preprocess_s,10,36.205387115478516,0.008485324680805206
pi05_combined_probe,perf/preprocess_s,20,41.03989553451538,0.010829105973243713
pi05_combined_probe,perf/preprocess_s,30,45.693320751190186,0.006099659018218517
pi05_combined_probe,perf/preprocess_s,40,50.33340644836426,0.005390315316617489
pi05_combined_probe,perf/preprocess_s,50,54.53991389274597,0.006995915900915861
pi05_combined_probe,perf/compute_s,10,36.20553183555603,0.3525770306587219
pi05_combined_probe,perf/compute_s,20,41.040085792541504,0.34776225686073303
pi05_combined_probe,perf/compute_s,30,45.69343280792236,0.35037195682525635
pi05_combined_probe,perf/compute_s,40,50.333526372909546,0.3481299877166748
pi05_combined_probe,perf/compute_s,50,54.540087938308716,0.34447821974754333
pi05_combined_probe,perf/optimizer_step_s,10,36.20570707321167,0.06618375331163406
pi05_combined_probe,perf/optimizer_step_s,20,41.04027009010315,0.06332867592573166
pi05_combined_probe,perf/optimizer_step_s,30,45.693578243255615,0.062076717615127563
pi05_combined_probe,perf/optimizer_step_s,40,50.3336763381958,0.060369208455085754
pi05_combined_probe,perf/optimizer_step_s,50,54.54033303260803,0.06255047023296356
pi05_combined_probe,epoch/loss,0,54.54240322113037,0.6295397877693176
pi05_combined_probe,epoch/loss_per_dim_0,0,54.54242825508118,0.44242429733276367
pi05_combined_probe,epoch/loss_per_dim_1,0,54.5424382686615,0.4127931594848633
pi05_combined_probe,epoch/loss_per_dim_2,0,54.54244542121887,0.48594406247138977
pi05_combined_probe,epoch/loss_per_dim_3,0,54.54245114326477,0.6319900751113892
pi05_combined_probe,epoch/loss_per_dim_4,0,54.54245686531067,0.47844231128692627
pi05_combined_probe,epoch/loss_per_dim_5,0,54.54246258735657,0.6345196962356567
pi05_combined_probe,epoch/loss_per_dim_6,0,54.54246807098389,1.3206650018692017
pi05_combined_probe,perf/checkpoint_save_s,50,104.668133020401,50.12517547607422
pi05_native,perf/effective_batch_size,0,0.0,8.0
pi05_native,perf/gpu0_vram_in_use_mb,0,0.03026747703552246,53672.35546875
pi05_native,perf/gpu0_vram_in_use_mb,0,1.7591068744659424,53672.35546875
pi05_native,perf/gpu0_vram_in_use_mb,0,3.278068780899048,53672.35546875
pi05_native,perf/gpu0_vram_in_use_mb,0,4.780257225036621,53672.35546875
pi05_native,perf/gpu0_vram_in_use_mb,0,6.282360792160034,53672.35546875
pi05_native,perf/gpu0_vram_in_use_mb,0,7.784311771392822,70570.640625
pi05_native,perf/gpu0_vram_in_use_mb,1,9.286283254623413,53672.359375
pi05_native,perf/gpu0_vram_in_use_mb,4,10.787986993789673,53672.359375
pi05_native,perf/gpu0_vram_in_use_mb,7,12.289919376373291,53677.171875
pi05_native,perf/gpu0_vram_in_use_mb,10,13.792362689971924,53677.1796875
pi05_native,perf/gpu0_vram_in_use_mb,13,15.294590950012207,53672.3671875
pi05_native,perf/gpu0_vram_in_use_mb,16,16.796828746795654,53673.5390625
pi05_native,perf/gpu0_vram_in_use_mb,19,18.298790216445923,53677.1875
pi05_native,perf/gpu0_vram_in_use_mb,22,19.800809383392334,53679.61328125
pi05_native,perf/gpu0_vram_in_use_mb,25,21.302711248397827,53672.375
pi05_native,perf/gpu0_vram_in_use_mb,28,22.804866790771484,53676.0078125
pi05_native,perf/gpu0_vram_in_use_mb,31,24.307397842407227,53672.37890625
pi05_native,perf/gpu0_vram_in_use_mb,34,25.8093478679657,53676.01171875
pi05_native,perf/gpu0_vram_in_use_mb,37,27.311328172683716,53672.3828125
pi05_native,perf/gpu0_vram_in_use_mb,41,28.812927961349487,70570.671875
pi05_native,perf/gpu0_vram_in_use_mb,44,30.314435243606567,70575.4921875
pi05_native,perf/gpu0_vram_in_use_mb,47,31.816142797470093,53676.0234375
pi05_native,perf/gpu0_vram_in_use_mb,50,33.31812787055969,53677.2109375
pi05_native,perf/gpu0_vram_in_use_mb,53,34.81995701789856,53676.03125
pi05_native,perf/gpu0_vram_in_use_mb,56,36.32189202308655,53673.55078125
pi05_native,perf/gpu0_vram_in_use_mb,59,37.824180603027344,53672.40234375
pi05_native,perf/gpu0_vram_in_use_mb,62,39.32628607749939,53676.03515625
pi05_native,perf/gpu0_vram_in_use_mb,65,40.82821774482727,53672.40625
pi05_native,perf/gpu0_vram_in_use_mb,68,42.3300940990448,53676.0390625
pi05_native,perf/gpu0_vram_in_use_mb,71,43.8322114944458,53672.41015625
pi05_native,perf/gpu0_vram_in_use_mb,74,45.3342547416687,53676.04296875
pi05_native,perf/gpu0_vram_in_use_mb,77,46.836408376693726,53676.0390625
pi05_native,perf/gpu0_vram_in_use_mb,81,48.338112592697144,70574.328125
pi05_native,perf/gpu0_vram_in_use_mb,84,49.840247631073,70570.7109375
pi05_native,perf/gpu0_vram_in_use_mb,87,51.34234166145325,53676.046875
pi05_native,perf/gpu0_vram_in_use_mb,90,52.84472465515137,53677.2421875
pi05_native,perf/gpu0_vram_in_use_mb,93,54.347543478012085,53676.0546875
pi05_native,perf/gpu0_vram_in_use_mb,96,55.849602937698364,53677.23046875
pi05_native,perf/gpu0_vram_in_use_mb,99,57.35140609741211,53680.87109375
pi05_native,perf/gpu0_vram_in_use_mb,102,58.853476762771606,70570.6484375
pi05_native,perf/gpu0_vram_in_use_mb,105,60.35514974594116,53672.4140625
pi05_native,perf/gpu0_vram_in_use_mb,108,61.8570761680603,53672.36328125
pi05_native,perf/gpu0_vram_in_use_mb,111,63.35910105705261,53672.40625
pi05_native,perf/gpu0_vram_in_use_mb,114,64.86098718643188,53672.3671875
pi05_native,perf/gpu0_vram_in_use_mb,117,66.36325979232788,53674.83203125
pi05_native,perf/gpu0_vram_in_use_mb,120,67.86517262458801,53674.765625
pi05_native,perf/gpu0_vram_in_use_mb,123,69.36711502075195,53674.83203125
pi05_native,perf/gpu0_vram_in_use_mb,126,70.86904859542847,53674.765625
pi05_native,perf/gpu0_vram_in_use_mb,129,72.37153029441833,53674.8359375
pi05_native,perf/gpu0_vram_in_use_mb,132,73.87338447570801,53674.78125
pi05_native,perf/gpu0_vram_in_use_mb,135,75.37529826164246,53674.83203125
pi05_native,perf/gpu0_vram_in_use_mb,139,76.8773250579834,53674.77734375
pi05_native,perf/gpu0_vram_in_use_mb,142,78.37940406799316,70573.0859375
pi05_native,perf/gpu0_vram_in_use_mb,145,79.88102459907532,53674.83984375
pi05_native,perf/gpu0_vram_in_use_mb,148,81.38267064094543,53674.8046875
pi05_native,perf/gpu0_vram_in_use_mb,151,82.88490295410156,53674.85546875
pi05_native,perf/gpu0_vram_in_use_mb,154,84.387047290802,53674.80859375
pi05_native,perf/gpu0_vram_in_use_mb,157,85.88903975486755,53672.44921875
pi05_native,perf/gpu0_vram_in_use_mb,160,87.39089608192444,53677.20703125
pi05_native,perf/gpu0_vram_in_use_mb,163,88.89273691177368,53674.87109375
pi05_native,perf/gpu0_vram_in_use_mb,166,90.39465618133545,53672.4140625
pi05_native,perf/gpu0_vram_in_use_mb,169,91.89647054672241,53674.859375
pi05_native,perf/gpu0_vram_in_use_mb,172,93.39844155311584,53672.41015625
pi05_native,perf/gpu0_vram_in_use_mb,175,94.90038871765137,53672.453125
pi05_native,perf/gpu0_vram_in_use_mb,178,96.40248203277588,53674.82421875
pi05_native,perf/gpu0_vram_in_use_mb,181,97.90435886383057,53672.46484375
pi05_native,perf/gpu0_vram_in_use_mb,184,99.40643429756165,53674.828125
pi05_native,perf/gpu0_vram_in_use_mb,187,100.90849137306213,53672.46875
pi05_native,perf/gpu0_vram_in_use_mb,191,102.41087579727173,70573.171875
pi05_native,perf/gpu0_vram_in_use_mb,194,103.91253805160522,70575.5234375
pi05_native,perf/gpu0_vram_in_use_mb,197,105.41414856910706,70573.1796875
pi05_native,perf/gpu0_vram_in_use_mb,200,106.91736316680908,53677.23828125
pi05_native,perf/gpu0_vram_in_use_mb,202,108.42043137550354,53672.359375
pi05_native,perf/gpu0_vram_in_use_mb,205,109.92304062843323,53674.8828125
pi05_native,perf/gpu0_vram_in_use_mb,209,111.4253032207489,53672.36328125
pi05_native,perf/gpu0_vram_in_use_mb,212,112.9270555973053,70575.46875
pi05_native,perf/gpu0_vram_in_use_mb,215,114.42860174179077,70573.1796875
pi05_native,perf/gpu0_vram_in_use_mb,218,115.93065428733826,53677.18359375
pi05_native,perf/gpu0_vram_in_use_mb,221,117.43286037445068,53672.484375
pi05_native,perf/gpu0_vram_in_use_mb,224,118.93529725074768,53677.1875
pi05_native,perf/gpu0_vram_in_use_mb,227,120.43728709220886,53674.8984375
pi05_native,perf/gpu0_vram_in_use_mb,230,121.93922829627991,53674.78125
pi05_native,perf/gpu0_vram_in_use_mb,233,123.44134092330933,53674.89453125
pi05_native,perf/gpu0_vram_in_use_mb,236,124.94339370727539,53672.3828125
pi05_native,perf/gpu0_vram_in_use_mb,239,126.44523334503174,53672.49609375
pi05_native,perf/gpu0_vram_in_use_mb,242,127.94738173484802,53672.390625
pi05_native,perf/gpu0_vram_in_use_mb,245,129.44935584068298,53674.91015625
pi05_native,perf/gpu0_vram_in_use_mb,248,130.9514775276184,53672.40234375
pi05_native,perf/gpu0_vram_in_use_mb,251,132.45344877243042,53674.9140625
pi05_native,perf/gpu0_vram_in_use_mb,254,133.9554784297943,53672.41015625
pi05_native,perf/gpu0_vram_in_use_mb,257,135.45758724212646,53674.9140625
pi05_native,perf/gpu0_vram_in_use_mb,260,136.959623336792,53672.41015625
pi05_native,perf/gpu0_vram_in_use_mb,264,138.46155428886414,70573.1015625
pi05_native,perf/gpu0_vram_in_use_mb,267,139.9634747505188,70578.0234375
pi05_native,perf/gpu0_vram_in_use_mb,270,141.4652669429779,70575.515625
pi05_native,perf/gpu0_vram_in_use_mb,273,142.96940231323242,53674.828125
pi05_native,perf/gpu0_vram_in_use_mb,276,144.4724576473236,53672.515625
pi05_native,perf/gpu0_vram_in_use_mb,279,145.97462821006775,53674.83203125
pi05_native,perf/gpu0_vram_in_use_mb,282,147.47677302360535,53672.46875
pi05_native,perf/gpu0_vram_in_use_mb,285,148.97892880439758,53674.8359375
pi05_native,perf/gpu0_vram_in_use_mb,288,150.48108291625977,53677.2421875
pi05_native,perf/gpu0_vram_in_use_mb,291,151.98331665992737,53674.9453125
pi05_native,perf/gpu0_vram_in_use_mb,294,153.48545742034912,53677.24609375
pi05_native,perf/gpu0_vram_in_use_mb,297,154.98753833770752,53674.953125
pi05_native,perf/gpu0_vram_in_use_mb,300,156.4895498752594,53672.35546875
pi05_native,perf/gpu0_vram_in_use_mb,303,157.99164700508118,53674.91796875
pi05_native,perf/gpu0_vram_in_use_mb,306,159.4938621520996,53672.37109375
pi05_native,perf/gpu0_vram_in_use_mb,309,160.99617075920105,53674.921875
pi05_native,perf/gpu0_vram_in_use_mb,312,162.49837708473206,53672.37890625
pi05_native,perf/gpu0_vram_in_use_mb,315,164.0005578994751,53674.92578125
pi05_native,perf/gpu0_vram_in_use_mb,318,165.5026707649231,53672.37890625
pi05_native,perf/gpu0_vram_in_use_mb,321,167.00498294830322,53674.92578125
pi05_native,perf/gpu0_vram_in_use_mb,324,168.5080327987671,53674.79296875
pi05_native,perf/gpu0_vram_in_use_mb,328,170.01236867904663,53677.171875
pi05_native,perf/gpu0_vram_in_use_mb,331,171.51440596580505,70573.21875
pi05_native,perf/gpu0_vram_in_use_mb,334,173.01627445220947,70570.671875
pi05_native,perf/gpu0_vram_in_use_mb,337,174.5183229446411,70578.0390625
pi05_native,perf/gpu0_vram_in_use_mb,340,176.02008891105652,70575.484375
pi05_native,perf/gpu0_vram_in_use_mb,343,177.52213644981384,70573.21875
pi05_native,perf/gpu0_vram_in_use_mb,346,179.02395009994507,53672.390625
pi05_native,perf/gpu0_vram_in_use_mb,349,180.52665209770203,53679.75
pi05_native,perf/gpu0_vram_in_use_mb,352,182.02857112884521,53672.40625
pi05_native,perf/gpu0_vram_in_use_mb,355,183.53091859817505,53674.94140625
pi05_native,perf/gpu0_vram_in_use_mb,358,185.0330934524536,53674.8125
pi05_native,perf/gpu0_vram_in_use_mb,361,186.5347878932953,53674.953125
pi05_native,perf/gpu0_vram_in_use_mb,364,188.03678178787231,53674.81640625
pi05_native,perf/gpu0_vram_in_use_mb,367,189.5388469696045,53672.55078125
pi05_native,perf/gpu0_vram_in_use_mb,370,191.0409586429596,53677.21484375
pi05_native,perf/gpu0_vram_in_use_mb,373,192.54316115379333,53674.97265625
pi05_native,perf/gpu0_vram_in_use_mb,376,194.0457727909088,53672.421875
pi05_native,perf/gpu0_vram_in_use_mb,379,195.54808926582336,53674.95703125
pi05_native,perf/gpu0_vram_in_use_mb,382,197.05010271072388,53672.41796875
pi05_native,perf/gpu0_vram_in_use_mb,385,198.55214643478394,53672.55078125
pi05_native,perf/gpu0_vram_in_use_mb,388,200.05440044403076,53674.83203125
pi05_native,perf/gpu0_vram_in_use_mb,391,201.5575134754181,53672.5625
pi05_native,perf/gpu0_vram_in_use_mb,395,203.0609953403473,53674.8359375
pi05_native,perf/gpu0_vram_in_use_mb,398,204.5626711845398,70575.5234375
pi05_native,perf/gpu0_vram_in_use_mb,400,206.06477737426758,53674.76171875
pi05_native,perf/gpu0_vram_in_use_mb,403,207.5668067932129,53674.9765625
pi05_native,perf/gpu0_vram_in_use_mb,406,209.06931591033936,53674.7890625
pi05_native,perf/gpu0_vram_in_use_mb,410,210.57188725471497,53674.98046875
pi05_native,perf/gpu0_vram_in_use_mb,413,212.07377886772156,70573.265625
pi05_native,perf/gpu0_vram_in_use_mb,416,213.57547307014465,53674.796875
pi05_native,perf/gpu0_vram_in_use_mb,419,215.0773046016693,53674.9765625
pi05_native,perf/gpu0_vram_in_use_mb,422,216.58071041107178,53672.375
pi05_native,perf/gpu0_vram_in_use_mb,425,218.08277702331543,53674.98828125
pi05_native,perf/gpu0_vram_in_use_mb,428,219.5849506855011,53672.37890625
pi05_native,perf/gpu0_vram_in_use_mb,431,221.0871012210846,53679.80859375
pi05_native,perf/gpu0_vram_in_use_mb,434,222.5893359184265,53677.19140625
pi05_native,perf/gpu0_vram_in_use_mb,437,224.09155559539795,53674.9921875
pi05_native,perf/gpu0_vram_in_use_mb,440,225.5939621925354,53672.390625
pi05_native,perf/gpu0_vram_in_use_mb,443,227.09609055519104,53675.0
pi05_native,perf/gpu0_vram_in_use_mb,446,228.59862685203552,53672.390625
pi05_native,perf/gpu0_vram_in_use_mb,449,230.10085153579712,53677.4140625
pi05_native,perf/gpu0_vram_in_use_mb,452,231.60307836532593,53679.82421875
pi05_native,perf/gpu0_vram_in_use_mb,455,233.10564613342285,53677.2109375
pi05_native,perf/gpu0_vram_in_use_mb,458,234.60782027244568,53677.21484375
pi05_native,perf/gpu0_vram_in_use_mb,461,236.11003994941711,53675.015625
pi05_native,perf/gpu0_vram_in_use_mb,465,237.6120777130127,70573.3046875
pi05_native,perf/gpu0_vram_in_use_mb,468,239.11408615112305,70570.703125
pi05_native,perf/gpu0_vram_in_use_mb,471,240.61609745025635,70573.3125
pi05_native,perf/gpu0_vram_in_use_mb,474,242.11922025680542,70570.703125
pi05_native,perf/gpu0_vram_in_use_mb,477,243.62371110916138,53675.01953125
pi05_native,perf/gpu0_vram_in_use_mb,480,245.1258828639984,53677.23046875
pi05_native,perf/gpu0_vram_in_use_mb,483,246.62799167633057,53675.0234375
pi05_native,perf/gpu0_vram_in_use_mb,486,248.13021206855774,53677.23828125
pi05_native,perf/gpu0_vram_in_use_mb,489,249.63239169120789,53675.02734375
pi05_native,perf/gpu0_vram_in_use_mb,492,251.13454413414001,53677.234375
pi05_native,perf/gpu0_vram_in_use_mb,495,252.6368372440338,53675.03125
pi05_native,perf/gpu0_vram_in_use_mb,498,254.1390085220337,53677.24609375
pi05_native,perf/gpu0_vram_in_use_mb,501,255.64121961593628,53674.9921875
pi05_native,perf/gpu0_vram_in_use_mb,504,257.1435601711273,53672.36328125
pi05_native,perf/gpu0_vram_in_use_mb,507,258.64599418640137,53675.0
pi05_native,perf/gpu0_vram_in_use_mb,510,260.14808917045593,53672.3671875
pi05_native,perf/gpu0_vram_in_use_mb,513,261.6508138179779,53675.00390625
pi05_native,perf/gpu0_vram_in_use_mb,516,263.15300273895264,53672.37109375
pi05_native,perf/gpu0_vram_in_use_mb,519,264.65544843673706,53675.01171875
pi05_native,perf/gpu0_vram_in_use_mb,523,266.1599555015564,53677.19140625
pi05_native,perf/gpu0_vram_in_use_mb,526,267.66224908828735,70575.484375
pi05_native,perf/gpu0_vram_in_use_mb,529,269.164363861084,70573.3046875
pi05_native,perf/gpu0_vram_in_use_mb,532,270.6662962436676,70573.078125
pi05_native,perf/gpu0_vram_in_use_mb,535,272.1682538986206,70573.078125
pi05_native,perf/gpu0_vram_in_use_mb,538,273.67041754722595,70575.484375
pi05_native,perf/gpu0_vram_in_use_mb,541,275.17230129241943,70575.4921875
pi05_native,perf/gpu0_vram_in_use_mb,544,276.674254655838,70573.0859375
pi05_native,perf/gpu0_vram_in_use_mb,547,278.17644357681274,53674.80078125
pi05_native,perf/gpu0_vram_in_use_mb,550,279.67842054367065,53674.8046875
pi05_native,perf/gpu0_vram_in_use_mb,553,281.1804401874542,53674.8046875
pi05_native,perf/gpu0_vram_in_use_mb,556,282.68235516548157,53674.80859375
pi05_native,perf/gpu0_vram_in_use_mb,559,284.18455958366394,53674.80859375
pi05_native,perf/gpu0_vram_in_use_mb,562,285.68658328056335,53674.8125
pi05_native,perf/gpu0_vram_in_use_mb,565,287.18857407569885,53674.8125
pi05_native,perf/gpu0_vram_in_use_mb,568,288.69074845314026,53674.82421875
pi05_native,perf/gpu0_vram_in_use_mb,571,290.19295287132263,53674.81640625
pi05_native,perf/gpu0_vram_in_use_mb,574,291.69530391693115,53674.828125
pi05_native,perf/gpu0_vram_in_use_mb,577,293.1974403858185,53674.82421875
pi05_native,perf/gpu0_vram_in_use_mb,580,294.6995611190796,53674.83203125
pi05_native,perf/gpu0_vram_in_use_mb,583,296.20161414146423,53674.828125
pi05_native,perf/gpu0_vram_in_use_mb,586,297.70373797416687,53674.83203125
pi05_native,perf/gpu0_vram_in_use_mb,590,299.2058799266815,53674.83203125
pi05_native,perf/gpu0_vram_in_use_mb,593,300.7095425128937,70573.125
pi05_native,perf/gpu0_vram_in_use_mb,596,302.2112636566162,70573.1328125
pi05_native,perf/gpu0_vram_in_use_mb,599,303.7130608558655,53674.83984375
pi05_native,perf/gpu0_vram_in_use_mb,601,305.21515679359436,53674.77734375
pi05_native,perf/gpu0_vram_in_use_mb,604,306.7173626422882,53675.46484375
pi05_native,perf/gpu0_vram_in_use_mb,607,308.2193958759308,53672.36328125
pi05_native,perf/gpu0_vram_in_use_mb,610,309.72342586517334,53675.46484375
pi05_native,perf/gpu0_vram_in_use_mb,613,311.22543382644653,53674.77734375
pi05_native,perf/gpu0_vram_in_use_mb,617,312.7299735546112,53692.34375
pi05_native,perf/gpu0_vram_in_use_mb,620,314.2316040992737,70571.34375
pi05_native,perf/gpu0_vram_in_use_mb,623,315.733469247818,53674.78515625
pi05_native,perf/gpu0_vram_in_use_mb,626,317.23532009124756,53675.484375
pi05_native,perf/gpu0_vram_in_use_mb,629,318.7370991706848,53674.79296875
pi05_native,perf/gpu0_vram_in_use_mb,632,320.23901104927063,53675.48046875
pi05_native,perf/gpu0_vram_in_use_mb,635,321.74096941947937,53672.3828125
pi05_native,perf/gpu0_vram_in_use_mb,638,323.2428379058838,53673.078125
pi05_native,perf/gpu0_vram_in_use_mb,641,324.744788646698,53672.38671875
pi05_native,perf/gpu0_vram_in_use_mb,644,326.24683928489685,53680.3046875
pi05_native,perf/gpu0_vram_in_use_mb,647,327.7487699985504,53672.390625
pi05_native,perf/gpu0_vram_in_use_mb,650,329.25091099739075,53675.4921875
pi05_native,perf/gpu0_vram_in_use_mb,653,330.7532482147217,53672.40234375
pi05_native,perf/gpu0_vram_in_use_mb,656,332.2553062438965,53680.30859375
pi05_native,perf/gpu0_vram_in_use_mb,659,333.75733494758606,53677.21484375
pi05_native,perf/gpu0_vram_in_use_mb,662,335.2593197822571,53675.49609375
pi05_native,perf/gpu0_vram_in_use_mb,665,336.7615008354187,53677.21875
pi05_native,perf/gpu0_vram_in_use_mb,668,338.2635807991028,53673.08984375
pi05_native,perf/gpu0_vram_in_use_mb,671,339.766051530838,53672.41015625
pi05_native,perf/gpu0_vram_in_use_mb,674,341.2681517601013,53673.109375
pi05_native,perf/gpu0_vram_in_use_mb,677,342.77034425735474,53674.8203125
pi05_native,perf/gpu0_vram_in_use_mb,680,344.2725875377655,53673.11328125
pi05_native,perf/gpu0_vram_in_use_mb,683,345.775919675827,53677.23046875
pi05_native,perf/gpu0_vram_in_use_mb,687,347.2777054309845,70575.5234375
pi05_native,perf/gpu0_vram_in_use_mb,690,348.7792901992798,70573.1328125
pi05_native,perf/gpu0_vram_in_use_mb,693,350.28105092048645,70575.5234375
pi05_native,perf/gpu0_vram_in_use_mb,696,351.7832269668579,53675.546875
pi05_native,perf/gpu0_vram_in_use_mb,699,353.2853708267212,53674.83984375
pi05_native,perf/gpu0_vram_in_use_mb,701,354.7875726222992,53674.77734375
pi05_native,perf/gpu0_vram_in_use_mb,704,356.28990173339844,53675.46484375
pi05_native,perf/gpu0_vram_in_use_mb,708,357.7923240661621,53674.7734375
pi05_native,perf/gpu0_vram_in_use_mb,711,359.2939941883087,70575.46875
pi05_native,perf/gpu0_vram_in_use_mb,714,360.79578137397766,70573.7890625
pi05_native,perf/gpu0_vram_in_use_mb,717,362.29755878448486,70573.0625
pi05_native,perf/gpu0_vram_in_use_mb,720,363.7998466491699,70575.4765625
pi05_native,perf/gpu0_vram_in_use_mb,723,365.3015503883362,53673.10546875
pi05_native,perf/gpu0_vram_in_use_mb,726,366.80337142944336,53672.375
pi05_native,perf/gpu0_vram_in_use_mb,729,368.3053834438324,53673.078125
pi05_native,perf/gpu0_vram_in_use_mb,732,369.80720710754395,53672.37890625
pi05_native,perf/gpu0_vram_in_use_mb,735,371.3095545768738,53673.0390625
pi05_native,perf/gpu0_vram_in_use_mb,738,372.8118646144867,53672.3828125
pi05_native,perf/gpu0_vram_in_use_mb,741,374.3141613006592,53675.53515625
pi05_native,perf/gpu0_vram_in_use_mb,744,375.816326379776,53672.390625
pi05_native,perf/gpu0_vram_in_use_mb,747,377.31855177879333,53675.5390625
pi05_native,perf/gpu0_vram_in_use_mb,750,378.82074308395386,53672.40234375
pi05_native,perf/gpu0_vram_in_use_mb,753,380.3230106830597,53675.54296875
pi05_native,perf/gpu0_vram_in_use_mb,756,381.82525730133057,53672.41015625
pi05_native,perf/gpu0_vram_in_use_mb,759,383.3275237083435,53675.55078125
pi05_native,perf/gpu0_vram_in_use_mb,762,384.8299286365509,53672.4140625
pi05_native,perf/gpu0_vram_in_use_mb,766,386.3321270942688,70570.703125
pi05_native,perf/gpu0_vram_in_use_mb,769,387.8339867591858,53675.5546875
pi05_native,perf/gpu0_vram_in_use_mb,772,389.33646512031555,53672.41796875
pi05_native,perf/gpu0_vram_in_use_mb,775,390.83893966674805,53675.5625
pi05_native,perf/gpu0_vram_in_use_mb,778,392.3411600589752,53672.421875
pi05_native,perf/gpu0_vram_in_use_mb,781,393.8462550640106,53675.56640625
pi05_native,perf/gpu0_vram_in_use_mb,784,395.348432302475,53672.421875
pi05_native,perf/gpu0_vram_in_use_mb,787,396.85082030296326,53675.5703125
pi05_native,perf/gpu0_vram_in_use_mb,790,398.3531880378723,53672.42578125
pi05_native,perf/gpu0_vram_in_use_mb,793,399.85550332069397,53675.57421875
pi05_native,perf/gpu0_vram_in_use_mb,796,401.35791277885437,53672.4296875
pi05_native,perf/gpu0_vram_in_use_mb,799,402.86048579216003,53675.58203125
pi05_native,perf/gpu0_vram_in_use_mb,802,404.363153219223,53674.765625
pi05_native,perf/gpu0_vram_in_use_mb,805,405.86532759666443,53675.546875
pi05_native,perf/gpu0_vram_in_use_mb,808,407.36765456199646,53674.765625
pi05_native,perf/gpu0_vram_in_use_mb,811,408.86995816230774,53675.546875
pi05_native,perf/gpu0_vram_in_use_mb,814,410.3722822666168,53674.77734375
pi05_native,perf/gpu0_vram_in_use_mb,817,411.8745484352112,53675.546875
pi05_native,perf/gpu0_vram_in_use_mb,820,413.37692189216614,53677.1875
pi05_native,perf/gpu0_vram_in_use_mb,823,414.879252910614,53675.55859375
pi05_native,perf/gpu0_vram_in_use_mb,827,416.3812048435211,70573.8515625
pi05_native,perf/gpu0_vram_in_use_mb,830,417.8829264640808,70570.6640625
pi05_native,perf/gpu0_vram_in_use_mb,833,419.38469767570496,70573.8515625
pi05_native,perf/gpu0_vram_in_use_mb,836,420.88794207572937,70570.671875
pi05_native,perf/gpu0_vram_in_use_mb,839,422.39248180389404,53680.3828125
pi05_native,perf/gpu0_vram_in_use_mb,842,423.8944127559662,53672.40234375
pi05_native,perf/gpu0_vram_in_use_mb,845,425.39645409584045,53675.5703125
pi05_native,perf/gpu0_vram_in_use_mb,848,426.89851093292236,53672.40234375
pi05_native,perf/gpu0_vram_in_use_mb,851,428.40057945251465,53675.57421875
pi05_native,perf/gpu0_vram_in_use_mb,854,429.9027588367462,53672.41015625
pi05_native,perf/gpu0_vram_in_use_mb,857,431.40481424331665,53680.38671875
pi05_native,perf/gpu0_vram_in_use_mb,860,432.90687441825867,53677.22265625
pi05_native,perf/gpu0_vram_in_use_mb,863,434.40958070755005,53675.57421875
pi05_native,perf/gpu0_vram_in_use_mb,866,435.9118239879608,53672.41796875
pi05_native,perf/gpu0_vram_in_use_mb,869,437.4138331413269,53680.39453125
pi05_native,perf/gpu0_vram_in_use_mb,872,438.915983915329,53677.23046875
pi05_native,perf/gpu0_vram_in_use_mb,875,440.424147605896,53675.58203125
pi05_native,perf/gpu0_vram_in_use_mb,878,441.92650055885315,53672.42578125
pi05_native,perf/gpu0_vram_in_use_mb,881,443.428768157959,53680.40234375
pi05_native,perf/gpu0_vram_in_use_mb,884,444.9308850765228,53677.23828125
pi05_native,perf/gpu0_vram_in_use_mb,887,446.4329936504364,53675.58984375
pi05_native,perf/gpu0_vram_in_use_mb,890,447.9359052181244,53672.43359375
pi05_native,perf/gpu0_vram_in_use_mb,894,449.43801069259644,53680.41015625
pi05_native,perf/gpu0_vram_in_use_mb,897,450.9400677680969,70578.6953125
pi05_native,perf/gpu0_vram_in_use_mb,900,452.4426021575928,53677.24609375
pi05_native,perf/gpu0_vram_in_use_mb,902,453.94477820396423,53677.17578125
pi05_native,perf/gpu0_vram_in_use_mb,905,455.44697999954224,53677.16015625
pi05_native,perf/gpu0_vram_in_use_mb,908,456.94920325279236,53672.3671875
pi05_native,perf/gpu0_vram_in_use_mb,911,458.4517436027527,53677.16015625
pi05_native,perf/gpu0_vram_in_use_mb,914,459.95389795303345,53672.375
pi05_native,perf/gpu0_vram_in_use_mb,917,461.4564380645752,53678.35546875
pi05_native,perf/gpu0_vram_in_use_mb,921,462.9585084915161,53678.36328125
pi05_native,perf/gpu0_vram_in_use_mb,924,464.46046328544617,70574.28125
pi05_native,perf/gpu0_vram_in_use_mb,927,465.9624457359314,53678.3671875
pi05_native,perf/gpu0_vram_in_use_mb,930,467.4645757675171,53675.99609375
pi05_native,perf/gpu0_vram_in_use_mb,933,468.9665946960449,53678.37109375
pi05_native,perf/gpu0_vram_in_use_mb,936,470.46870517730713,53676.0
pi05_native,perf/gpu0_vram_in_use_mb,939,471.9709053039551,53678.3828125
pi05_native,perf/gpu0_vram_in_use_mb,942,473.473096370697,53677.18359375
pi05_native,perf/gpu0_vram_in_use_mb,945,474.97525906562805,53678.37890625
pi05_native,perf/gpu0_vram_in_use_mb,948,476.4773705005646,53677.18359375
pi05_native,perf/gpu0_vram_in_use_mb,951,477.9795205593109,53678.37890625
pi05_native,perf/gpu0_vram_in_use_mb,954,479.48154497146606,53677.1875
pi05_native,perf/gpu0_vram_in_use_mb,957,480.9837806224823,53678.37109375
pi05_native,perf/gpu0_vram_in_use_mb,960,482.4868474006653,53677.18359375
pi05_native,perf/gpu0_vram_in_use_mb,963,483.9892702102661,53678.3828125
pi05_native,perf/gpu0_vram_in_use_mb,967,485.4962902069092,53691.640625
pi05_native,perf/gpu0_vram_in_use_mb,970,486.99811124801636,70575.4765625
pi05_native,perf/gpu0_vram_in_use_mb,973,488.500022649765,53678.390625
pi05_native,perf/gpu0_vram_in_use_mb,976,490.00217723846436,53677.1875
pi05_native,perf/gpu0_vram_in_use_mb,979,491.50420665740967,53678.38671875
pi05_native,perf/gpu0_vram_in_use_mb,982,493.0063600540161,53677.19140625
pi05_native,perf/gpu0_vram_in_use_mb,985,494.50840306282043,53676.01171875
pi05_native,perf/gpu0_vram_in_use_mb,988,496.0105676651001,53678.40625
pi05_native,perf/gpu0_vram_in_use_mb,991,497.51272988319397,53677.22265625
pi05_native,perf/gpu0_vram_in_use_mb,994,499.0148720741272,53677.1953125
pi05_native,perf/gpu0_vram_in_use_mb,997,500.5168435573578,53678.4296875
pi05_native,perf/gpu0_vram_in_use_mb,999,502.026771068573,53673.625
pi05_native,perf/gpu0_vram_in_use_mb,999,503.53122639656067,53673.625
pi05_native,perf/gpu0_vram_in_use_mb,999,505.040522813797,53673.625
pi05_native,perf/gpu0_vram_in_use_mb,999,506.5466396808624,53673.625
pi05_native,perf/gpu0_vram_in_use_mb,999,508.05672121047974,53673.625
pi05_native,perf/gpu0_vram_in_use_mb,999,509.5611834526062,53673.625
pi05_native,perf/gpu0_vram_in_use_mb,999,511.06634306907654,53673.625
pi05_native,perf/gpu0_vram_in_use_mb,999,512.573034286499,53673.625
pi05_native,perf/gpu0_vram_in_use_mb,999,514.0771024227142,53673.625
pi05_native,perf/gpu0_vram_in_use_mb,999,515.5811104774475,53673.625
pi05_native,perf/gpu0_vram_in_use_mb,999,517.0856626033783,53673.625
pi05_native,perf/gpu0_vram_in_use_mb,999,518.5955762863159,53673.625
pi05_native,perf/gpu0_vram_in_use_mb,999,520.1080751419067,53673.625
pi05_native,perf/gpu0_vram_in_use_mb,999,521.6133263111115,53673.625
pi05_native,perf/gpu0_vram_in_use_mb,999,523.1381721496582,53673.625
pi05_native,perf/gpu0_vram_in_use_mb,999,524.6428611278534,53673.625
pi05_native,perf/gpu0_vram_in_use_mb,999,526.1492958068848,53673.625
pi05_native,perf/gpu0_vram_in_use_mb,999,527.6559901237488,53673.625
pi05_native,perf/gpu0_vram_in_use_mb,999,529.1639559268951,53673.625
pi05_native,perf/gpu0_vram_peak_mb,0,0.030294179916381836,53672.3671875
pi05_native,perf/gpu0_vram_peak_mb,0,1.7591559886932373,53672.3671875
pi05_native,perf/gpu0_vram_peak_mb,0,3.2781081199645996,53672.3671875
pi05_native,perf/gpu0_vram_peak_mb,0,4.780292272567749,53672.3671875
pi05_native,perf/gpu0_vram_peak_mb,0,6.282398223876953,53672.3671875
pi05_native,perf/gpu0_vram_peak_mb,0,7.784348487854004,70570.640625
pi05_native,perf/gpu0_vram_peak_mb,1,9.28632402420044,70570.6484375
pi05_native,perf/gpu0_vram_peak_mb,4,10.788021564483643,70575.4609375
pi05_native,perf/gpu0_vram_peak_mb,7,12.289957046508789,70575.4609375
pi05_native,perf/gpu0_vram_peak_mb,10,13.79240107536316,70580.2734375
pi05_native,perf/gpu0_vram_peak_mb,13,15.294629335403442,70580.2734375
pi05_native,perf/gpu0_vram_peak_mb,16,16.79686450958252,70580.2734375
pi05_native,perf/gpu0_vram_peak_mb,19,18.298826456069946,70580.2734375
pi05_native,perf/gpu0_vram_peak_mb,22,19.800848960876465,70580.2734375
pi05_native,perf/gpu0_vram_peak_mb,25,21.302749633789062,70580.2734375
pi05_native,perf/gpu0_vram_peak_mb,28,22.804944276809692,70580.2734375
pi05_native,perf/gpu0_vram_peak_mb,31,24.307432651519775,70580.2734375
pi05_native,perf/gpu0_vram_peak_mb,34,25.809388399124146,70580.2734375
pi05_native,perf/gpu0_vram_peak_mb,37,27.311365365982056,70580.2734375
pi05_native,perf/gpu0_vram_peak_mb,41,28.81295895576477,70580.2734375
pi05_native,perf/gpu0_vram_peak_mb,44,30.314466953277588,70580.2734375
pi05_native,perf/gpu0_vram_peak_mb,47,31.81617784500122,70580.2734375
pi05_native,perf/gpu0_vram_peak_mb,50,33.318158864974976,70580.2734375
pi05_native,perf/gpu0_vram_peak_mb,53,34.81998896598816,70580.2734375
pi05_native,perf/gpu0_vram_peak_mb,56,36.32193088531494,70580.2734375
pi05_native,perf/gpu0_vram_peak_mb,59,37.82422757148743,70580.2734375
pi05_native,perf/gpu0_vram_peak_mb,62,39.32631874084473,70580.2734375
pi05_native,perf/gpu0_vram_peak_mb,65,40.8282527923584,70580.2734375
pi05_native,perf/gpu0_vram_peak_mb,68,42.330129623413086,70580.2734375
pi05_native,perf/gpu0_vram_peak_mb,71,43.83224654197693,70580.2734375
pi05_native,perf/gpu0_vram_peak_mb,74,45.33429265022278,70580.2734375
pi05_native,perf/gpu0_vram_peak_mb,77,46.83644342422485,70580.2734375
pi05_native,perf/gpu0_vram_peak_mb,81,48.33814263343811,70580.2734375
pi05_native,perf/gpu0_vram_peak_mb,84,49.84028148651123,70580.2734375
pi05_native,perf/gpu0_vram_peak_mb,87,51.342400789260864,70580.2734375
pi05_native,perf/gpu0_vram_peak_mb,90,52.8447630405426,70580.2734375
pi05_native,perf/gpu0_vram_peak_mb,93,54.34757733345032,70580.2734375
pi05_native,perf/gpu0_vram_peak_mb,96,55.84963917732239,70580.2734375
pi05_native,perf/gpu0_vram_peak_mb,99,57.35143780708313,70580.2734375
pi05_native,perf/gpu0_vram_peak_mb,102,58.85351490974426,70580.2734375
pi05_native,perf/gpu0_vram_peak_mb,105,60.35519528388977,70580.2734375
pi05_native,perf/gpu0_vram_peak_mb,108,61.857112646102905,70580.2734375
pi05_native,perf/gpu0_vram_peak_mb,111,63.35913419723511,70580.2734375
pi05_native,perf/gpu0_vram_peak_mb,114,64.86102271080017,70580.2734375
pi05_native,perf/gpu0_vram_peak_mb,117,66.36329388618469,70580.2734375
pi05_native,perf/gpu0_vram_peak_mb,120,67.86520767211914,70580.2734375
pi05_native,perf/gpu0_vram_peak_mb,123,69.36714935302734,70580.2734375
pi05_native,perf/gpu0_vram_peak_mb,126,70.86908984184265,70580.2734375
pi05_native,perf/gpu0_vram_peak_mb,129,72.3715660572052,70580.2734375
pi05_native,perf/gpu0_vram_peak_mb,132,73.87342309951782,70580.2734375
pi05_native,perf/gpu0_vram_peak_mb,135,75.37533354759216,70580.2734375
pi05_native,perf/gpu0_vram_peak_mb,139,76.87736058235168,70580.2734375
pi05_native,perf/gpu0_vram_peak_mb,142,78.37943482398987,70580.2734375
pi05_native,perf/gpu0_vram_peak_mb,145,79.88105535507202,70580.2734375
pi05_native,perf/gpu0_vram_peak_mb,148,81.3827178478241,70580.2734375
pi05_native,perf/gpu0_vram_peak_mb,151,82.88493633270264,70580.2734375
pi05_native,perf/gpu0_vram_peak_mb,154,84.38708186149597,70580.2734375
pi05_native,perf/gpu0_vram_peak_mb,157,85.88907742500305,70580.2734375
pi05_native,perf/gpu0_vram_peak_mb,160,87.39092922210693,70580.2734375
pi05_native,perf/gpu0_vram_peak_mb,163,88.8927710056305,70580.2734375
pi05_native,perf/gpu0_vram_peak_mb,166,90.39471077919006,70580.2734375
pi05_native,perf/gpu0_vram_peak_mb,169,91.89650344848633,70580.2734375
pi05_native,perf/gpu0_vram_peak_mb,172,93.39847540855408,70580.2734375
pi05_native,perf/gpu0_vram_peak_mb,175,94.9004213809967,70580.2734375
pi05_native,perf/gpu0_vram_peak_mb,178,96.40253829956055,70580.2734375
pi05_native,perf/gpu0_vram_peak_mb,181,97.90439176559448,70580.2734375
pi05_native,perf/gpu0_vram_peak_mb,184,99.4064691066742,70580.2734375
pi05_native,perf/gpu0_vram_peak_mb,187,100.908527135849,70580.2734375
pi05_native,perf/gpu0_vram_peak_mb,191,102.41090703010559,70580.2734375
pi05_native,perf/gpu0_vram_peak_mb,194,103.91256785392761,70580.2734375
pi05_native,perf/gpu0_vram_peak_mb,197,105.41418099403381,70580.2734375
pi05_native,perf/gpu0_vram_peak_mb,200,106.9174416065216,70580.2734375
pi05_native,perf/gpu0_vram_peak_mb,202,108.4204671382904,70580.2734375
pi05_native,perf/gpu0_vram_peak_mb,205,109.92307734489441,70580.2734375
pi05_native,perf/gpu0_vram_peak_mb,209,111.42533755302429,70580.2734375
pi05_native,perf/gpu0_vram_peak_mb,212,112.92708611488342,70580.2734375
pi05_native,perf/gpu0_vram_peak_mb,215,114.42863178253174,70580.2734375
pi05_native,perf/gpu0_vram_peak_mb,218,115.93070578575134,70580.2734375
pi05_native,perf/gpu0_vram_peak_mb,221,117.43290543556213,70580.2734375
pi05_native,perf/gpu0_vram_peak_mb,224,118.93533539772034,70580.2734375
pi05_native,perf/gpu0_vram_peak_mb,227,120.43732213973999,70580.2734375
pi05_native,perf/gpu0_vram_peak_mb,230,121.93926501274109,70580.2734375
pi05_native,perf/gpu0_vram_peak_mb,233,123.4413959980011,70580.2734375
pi05_native,perf/gpu0_vram_peak_mb,236,124.94343328475952,70580.2734375
pi05_native,perf/gpu0_vram_peak_mb,239,126.44528412818909,70580.2734375
pi05_native,perf/gpu0_vram_peak_mb,242,127.947420835495,70580.2734375
pi05_native,perf/gpu0_vram_peak_mb,245,129.44939613342285,70580.2734375
pi05_native,perf/gpu0_vram_peak_mb,248,130.9515278339386,70580.2734375
pi05_native,perf/gpu0_vram_peak_mb,251,132.4534888267517,70580.2734375
pi05_native,perf/gpu0_vram_peak_mb,254,133.95551872253418,70580.2734375
pi05_native,perf/gpu0_vram_peak_mb,257,135.45762181282043,70580.2734375
pi05_native,perf/gpu0_vram_peak_mb,260,136.95965814590454,70580.2734375
pi05_native,perf/gpu0_vram_peak_mb,264,138.4615879058838,70580.2734375
pi05_native,perf/gpu0_vram_peak_mb,267,139.96350955963135,70580.2734375
pi05_native,perf/gpu0_vram_peak_mb,270,141.46530199050903,70580.2734375
pi05_native,perf/gpu0_vram_peak_mb,273,142.96943545341492,70580.2734375
pi05_native,perf/gpu0_vram_peak_mb,276,144.47249102592468,70580.2734375
pi05_native,perf/gpu0_vram_peak_mb,279,145.974680185318,70580.2734375
pi05_native,perf/gpu0_vram_peak_mb,282,147.4768099784851,70580.2734375
pi05_native,perf/gpu0_vram_peak_mb,285,148.97896313667297,70580.2734375
pi05_native,perf/gpu0_vram_peak_mb,288,150.48111772537231,70580.2734375
pi05_native,perf/gpu0_vram_peak_mb,291,151.9833505153656,70580.2734375
pi05_native,perf/gpu0_vram_peak_mb,294,153.48549222946167,70580.2734375
pi05_native,perf/gpu0_vram_peak_mb,297,154.98757338523865,70580.2734375
pi05_native,perf/gpu0_vram_peak_mb,300,156.48958134651184,70580.2734375
pi05_native,perf/gpu0_vram_peak_mb,303,157.99168276786804,70580.2734375
pi05_native,perf/gpu0_vram_peak_mb,306,159.49389743804932,70580.2734375
pi05_native,perf/gpu0_vram_peak_mb,309,160.99620628356934,70580.2734375
pi05_native,perf/gpu0_vram_peak_mb,312,162.4984130859375,70580.2734375
pi05_native,perf/gpu0_vram_peak_mb,315,164.00059413909912,70580.2734375
pi05_native,perf/gpu0_vram_peak_mb,318,165.50274181365967,70580.2734375
pi05_native,perf/gpu0_vram_peak_mb,321,167.00502038002014,70580.2734375
pi05_native,perf/gpu0_vram_peak_mb,324,168.508070230484,70580.2734375
pi05_native,perf/gpu0_vram_peak_mb,328,170.0124044418335,70580.2734375
pi05_native,perf/gpu0_vram_peak_mb,331,171.51444149017334,70580.2734375
pi05_native,perf/gpu0_vram_peak_mb,334,173.01630878448486,70580.2734375
pi05_native,perf/gpu0_vram_peak_mb,337,174.51835751533508,70580.2734375
pi05_native,perf/gpu0_vram_peak_mb,340,176.02012395858765,70580.2734375
pi05_native,perf/gpu0_vram_peak_mb,343,177.52217388153076,70580.2734375
pi05_native,perf/gpu0_vram_peak_mb,346,179.02398324012756,70580.2734375
pi05_native,perf/gpu0_vram_peak_mb,349,180.52670288085938,70580.2734375
pi05_native,perf/gpu0_vram_peak_mb,352,182.02860641479492,70580.2734375
pi05_native,perf/gpu0_vram_peak_mb,355,183.5309543609619,70580.2734375
pi05_native,perf/gpu0_vram_peak_mb,358,185.03312993049622,70580.2734375
pi05_native,perf/gpu0_vram_peak_mb,361,186.53482365608215,70580.2734375
pi05_native,perf/gpu0_vram_peak_mb,364,188.0368173122406,70580.2734375
pi05_native,perf/gpu0_vram_peak_mb,367,189.5388867855072,70580.2734375
pi05_native,perf/gpu0_vram_peak_mb,370,191.0409939289093,70580.2734375
pi05_native,perf/gpu0_vram_peak_mb,373,192.54319620132446,70580.2734375
pi05_native,perf/gpu0_vram_peak_mb,376,194.04581880569458,70580.2734375
pi05_native,perf/gpu0_vram_peak_mb,379,195.54812288284302,70580.2734375
pi05_native,perf/gpu0_vram_peak_mb,382,197.05013799667358,70580.2734375
pi05_native,perf/gpu0_vram_peak_mb,385,198.5521800518036,70580.2734375
pi05_native,perf/gpu0_vram_peak_mb,388,200.05443477630615,70580.2734375
pi05_native,perf/gpu0_vram_peak_mb,391,201.55754828453064,70580.2734375
pi05_native,perf/gpu0_vram_peak_mb,395,203.0610339641571,70580.2734375
pi05_native,perf/gpu0_vram_peak_mb,398,204.56276488304138,70580.2734375
pi05_native,perf/gpu0_vram_peak_mb,400,206.06481218338013,70580.2734375
pi05_native,perf/gpu0_vram_peak_mb,403,207.56689548492432,70580.2734375
pi05_native,perf/gpu0_vram_peak_mb,406,209.06935906410217,70580.2734375
pi05_native,perf/gpu0_vram_peak_mb,410,210.5719244480133,70580.2734375
pi05_native,perf/gpu0_vram_peak_mb,413,212.07382774353027,70580.2734375
pi05_native,perf/gpu0_vram_peak_mb,416,213.575510263443,70580.2734375
pi05_native,perf/gpu0_vram_peak_mb,419,215.0773468017578,70580.2734375
pi05_native,perf/gpu0_vram_peak_mb,422,216.58074831962585,70580.2734375
pi05_native,perf/gpu0_vram_peak_mb,425,218.0828151702881,70580.2734375
pi05_native,perf/gpu0_vram_peak_mb,428,219.58498740196228,70580.2734375
pi05_native,perf/gpu0_vram_peak_mb,431,221.08713555335999,70580.2734375
pi05_native,perf/gpu0_vram_peak_mb,434,222.5893726348877,70580.2734375
pi05_native,perf/gpu0_vram_peak_mb,437,224.09159088134766,70580.2734375
pi05_native,perf/gpu0_vram_peak_mb,440,225.5939974784851,70580.2734375
pi05_native,perf/gpu0_vram_peak_mb,443,227.096125125885,70580.2734375
pi05_native,perf/gpu0_vram_peak_mb,446,228.5986614227295,70580.2734375
pi05_native,perf/gpu0_vram_peak_mb,449,230.10088539123535,70580.2734375
pi05_native,perf/gpu0_vram_peak_mb,452,231.60311436653137,70580.2734375
pi05_native,perf/gpu0_vram_peak_mb,455,233.10569620132446,70580.2734375
pi05_native,perf/gpu0_vram_peak_mb,458,234.6078553199768,70580.2734375
pi05_native,perf/gpu0_vram_peak_mb,461,236.11007714271545,70580.2734375
pi05_native,perf/gpu0_vram_peak_mb,465,237.61211323738098,70580.2734375
pi05_native,perf/gpu0_vram_peak_mb,468,239.11412167549133,70580.2734375
pi05_native,perf/gpu0_vram_peak_mb,471,240.61613273620605,70580.2734375
pi05_native,perf/gpu0_vram_peak_mb,474,242.11925506591797,70580.2734375
pi05_native,perf/gpu0_vram_peak_mb,477,243.62375473976135,70580.2734375
pi05_native,perf/gpu0_vram_peak_mb,480,245.1259207725525,70580.2734375
pi05_native,perf/gpu0_vram_peak_mb,483,246.6280288696289,70580.2734375
pi05_native,perf/gpu0_vram_peak_mb,486,248.13024711608887,70580.2734375
pi05_native,perf/gpu0_vram_peak_mb,489,249.6324269771576,70580.2734375
pi05_native,perf/gpu0_vram_peak_mb,492,251.13457775115967,70580.2734375
pi05_native,perf/gpu0_vram_peak_mb,495,252.63687252998352,70580.2734375
pi05_native,perf/gpu0_vram_peak_mb,498,254.13904738426208,70580.2734375
pi05_native,perf/gpu0_vram_peak_mb,501,255.641254901886,70580.2734375
pi05_native,perf/gpu0_vram_peak_mb,504,257.14359307289124,70580.2734375
pi05_native,perf/gpu0_vram_peak_mb,507,258.64602971076965,70580.2734375
pi05_native,perf/gpu0_vram_peak_mb,510,260.1481223106384,70580.2734375
pi05_native,perf/gpu0_vram_peak_mb,513,261.6508479118347,70580.2734375
pi05_native,perf/gpu0_vram_peak_mb,516,263.1530387401581,70580.2734375
pi05_native,perf/gpu0_vram_peak_mb,519,264.6554913520813,70580.2734375
pi05_native,perf/gpu0_vram_peak_mb,523,266.15999388694763,70580.2734375
pi05_native,perf/gpu0_vram_peak_mb,526,267.6622853279114,70580.2734375
pi05_native,perf/gpu0_vram_peak_mb,529,269.1643981933594,70580.2734375
pi05_native,perf/gpu0_vram_peak_mb,532,270.666330575943,70580.2734375
pi05_native,perf/gpu0_vram_peak_mb,535,272.168288230896,70580.2734375
pi05_native,perf/gpu0_vram_peak_mb,538,273.6704547405243,70580.2734375
pi05_native,perf/gpu0_vram_peak_mb,541,275.1723368167877,70580.2734375
pi05_native,perf/gpu0_vram_peak_mb,544,276.6742880344391,70580.2734375
pi05_native,perf/gpu0_vram_peak_mb,547,278.1764979362488,70580.2734375
pi05_native,perf/gpu0_vram_peak_mb,550,279.6784760951996,70580.2734375
pi05_native,perf/gpu0_vram_peak_mb,553,281.1804769039154,70580.2734375
pi05_native,perf/gpu0_vram_peak_mb,556,282.6823945045471,70580.2734375
pi05_native,perf/gpu0_vram_peak_mb,559,284.1846115589142,70580.2734375
pi05_native,perf/gpu0_vram_peak_mb,562,285.6866228580475,70580.2734375
pi05_native,perf/gpu0_vram_peak_mb,565,287.18861079216003,70580.2734375
pi05_native,perf/gpu0_vram_peak_mb,568,288.6908040046692,70580.2734375
pi05_native,perf/gpu0_vram_peak_mb,571,290.1929979324341,70580.2734375
pi05_native,perf/gpu0_vram_peak_mb,574,291.69534373283386,70580.2734375
pi05_native,perf/gpu0_vram_peak_mb,577,293.1974906921387,70580.2734375
pi05_native,perf/gpu0_vram_peak_mb,580,294.69959902763367,70580.2734375
pi05_native,perf/gpu0_vram_peak_mb,583,296.20165252685547,70580.2734375
pi05_native,perf/gpu0_vram_peak_mb,586,297.70382738113403,70580.2734375
pi05_native,perf/gpu0_vram_peak_mb,590,299.20596528053284,70580.2734375
pi05_native,perf/gpu0_vram_peak_mb,593,300.70958161354065,70580.2734375
pi05_native,perf/gpu0_vram_peak_mb,596,302.21131563186646,70580.2734375
pi05_native,perf/gpu0_vram_peak_mb,599,303.713098526001,70580.2734375
pi05_native,perf/gpu0_vram_peak_mb,601,305.21520018577576,70580.2734375
pi05_native,perf/gpu0_vram_peak_mb,604,306.7174217700958,70580.2734375
pi05_native,perf/gpu0_vram_peak_mb,607,308.2194354534149,70580.2734375
pi05_native,perf/gpu0_vram_peak_mb,610,309.72346472740173,70580.2734375
pi05_native,perf/gpu0_vram_peak_mb,613,311.22552967071533,70580.2734375
pi05_native,perf/gpu0_vram_peak_mb,617,312.73000931739807,70580.2734375
pi05_native,perf/gpu0_vram_peak_mb,620,314.2316789627075,70580.2734375
pi05_native,perf/gpu0_vram_peak_mb,623,315.73351550102234,70580.2734375
pi05_native,perf/gpu0_vram_peak_mb,626,317.23537135124207,70580.2734375
pi05_native,perf/gpu0_vram_peak_mb,629,318.73713731765747,70580.2734375
pi05_native,perf/gpu0_vram_peak_mb,632,320.23904848098755,70580.2734375
pi05_native,perf/gpu0_vram_peak_mb,635,321.74101638793945,70580.2734375
pi05_native,perf/gpu0_vram_peak_mb,638,323.2428741455078,70580.2734375
pi05_native,perf/gpu0_vram_peak_mb,641,324.7448263168335,70580.2734375
pi05_native,perf/gpu0_vram_peak_mb,644,326.2468914985657,70580.2734375
pi05_native,perf/gpu0_vram_peak_mb,647,327.7488069534302,70580.2734375
pi05_native,perf/gpu0_vram_peak_mb,650,329.25095081329346,70580.2734375
pi05_native,perf/gpu0_vram_peak_mb,653,330.75338554382324,70580.2734375
pi05_native,perf/gpu0_vram_peak_mb,656,332.2553451061249,70580.2734375
pi05_native,perf/gpu0_vram_peak_mb,659,333.7573730945587,70580.2734375
pi05_native,perf/gpu0_vram_peak_mb,662,335.25936913490295,70580.2734375
pi05_native,perf/gpu0_vram_peak_mb,665,336.7615489959717,70580.2734375
pi05_native,perf/gpu0_vram_peak_mb,668,338.2636215686798,70580.2734375
pi05_native,perf/gpu0_vram_peak_mb,671,339.76608633995056,70580.2734375
pi05_native,perf/gpu0_vram_peak_mb,674,341.26818680763245,70580.2734375
pi05_native,perf/gpu0_vram_peak_mb,677,342.77038168907166,70580.2734375
pi05_native,perf/gpu0_vram_peak_mb,680,344.2726216316223,70580.2734375
pi05_native,perf/gpu0_vram_peak_mb,683,345.77595496177673,70580.2734375
pi05_native,perf/gpu0_vram_peak_mb,687,347.27774572372437,70580.2734375
pi05_native,perf/gpu0_vram_peak_mb,690,348.77933955192566,70580.2734375
pi05_native,perf/gpu0_vram_peak_mb,693,350.2810866832733,70580.2734375
pi05_native,perf/gpu0_vram_peak_mb,696,351.78328108787537,70580.2734375
pi05_native,perf/gpu0_vram_peak_mb,699,353.2854390144348,70580.2734375
pi05_native,perf/gpu0_vram_peak_mb,701,354.7876100540161,70580.2734375
pi05_native,perf/gpu0_vram_peak_mb,704,356.289968252182,70580.2734375
pi05_native,perf/gpu0_vram_peak_mb,708,357.792359828949,70580.2734375
pi05_native,perf/gpu0_vram_peak_mb,711,359.2940294742584,70580.2734375
pi05_native,perf/gpu0_vram_peak_mb,714,360.7958245277405,70580.2734375
pi05_native,perf/gpu0_vram_peak_mb,717,362.2976086139679,70580.2734375
pi05_native,perf/gpu0_vram_peak_mb,720,363.79988527297974,70580.2734375
pi05_native,perf/gpu0_vram_peak_mb,723,365.3015868663788,70580.2734375
pi05_native,perf/gpu0_vram_peak_mb,726,366.8034224510193,70580.2734375
pi05_native,perf/gpu0_vram_peak_mb,729,368.3054211139679,70580.2734375
pi05_native,perf/gpu0_vram_peak_mb,732,369.80726313591003,70580.2734375
pi05_native,perf/gpu0_vram_peak_mb,735,371.30958914756775,70580.2734375
pi05_native,perf/gpu0_vram_peak_mb,738,372.8119008541107,70580.2734375
pi05_native,perf/gpu0_vram_peak_mb,741,374.31419563293457,70580.2734375
pi05_native,perf/gpu0_vram_peak_mb,744,375.8163619041443,70580.2734375
pi05_native,perf/gpu0_vram_peak_mb,747,377.3185865879059,70580.2734375
pi05_native,perf/gpu0_vram_peak_mb,750,378.82077836990356,70580.2734375
pi05_native,perf/gpu0_vram_peak_mb,753,380.32304430007935,70580.2734375
pi05_native,perf/gpu0_vram_peak_mb,756,381.8252921104431,70580.2734375
pi05_native,perf/gpu0_vram_peak_mb,759,383.32755732536316,70580.2734375
pi05_native,perf/gpu0_vram_peak_mb,762,384.82996439933777,70580.2734375
pi05_native,perf/gpu0_vram_peak_mb,766,386.3321659564972,70580.2734375
pi05_native,perf/gpu0_vram_peak_mb,769,387.8340265750885,70580.2734375
pi05_native,perf/gpu0_vram_peak_mb,772,389.33650517463684,70580.2734375
pi05_native,perf/gpu0_vram_peak_mb,775,390.838974237442,70580.2734375
pi05_native,perf/gpu0_vram_peak_mb,778,392.3411965370178,70580.2734375
pi05_native,perf/gpu0_vram_peak_mb,781,393.8462920188904,70580.2734375
pi05_native,perf/gpu0_vram_peak_mb,784,395.3484673500061,70580.2734375
pi05_native,perf/gpu0_vram_peak_mb,787,396.8508563041687,70580.2734375
pi05_native,perf/gpu0_vram_peak_mb,790,398.3532316684723,70580.2734375
pi05_native,perf/gpu0_vram_peak_mb,793,399.8555393218994,70580.2734375
pi05_native,perf/gpu0_vram_peak_mb,796,401.35795283317566,70580.2734375
pi05_native,perf/gpu0_vram_peak_mb,799,402.8605341911316,70580.2734375
pi05_native,perf/gpu0_vram_peak_mb,802,404.36319756507874,70580.2734375
pi05_native,perf/gpu0_vram_peak_mb,805,405.86536145210266,70580.2734375
pi05_native,perf/gpu0_vram_peak_mb,808,407.3677067756653,70580.2734375
pi05_native,perf/gpu0_vram_peak_mb,811,408.86999320983887,70580.2734375
pi05_native,perf/gpu0_vram_peak_mb,814,410.3723175525665,70580.2734375
pi05_native,perf/gpu0_vram_peak_mb,817,411.874582529068,70580.2734375
pi05_native,perf/gpu0_vram_peak_mb,820,413.376957654953,70580.2734375
pi05_native,perf/gpu0_vram_peak_mb,823,414.879287481308,70580.2734375
pi05_native,perf/gpu0_vram_peak_mb,827,416.38123989105225,70580.2734375
pi05_native,perf/gpu0_vram_peak_mb,830,417.8829610347748,70580.2734375
pi05_native,perf/gpu0_vram_peak_mb,833,419.3847348690033,70580.2734375
pi05_native,perf/gpu0_vram_peak_mb,836,420.88798213005066,70580.2734375
pi05_native,perf/gpu0_vram_peak_mb,839,422.39251589775085,70580.2734375
pi05_native,perf/gpu0_vram_peak_mb,842,423.8944466114044,70580.2734375
pi05_native,perf/gpu0_vram_peak_mb,845,425.3964936733246,70580.2734375
pi05_native,perf/gpu0_vram_peak_mb,848,426.8985457420349,70580.2734375
pi05_native,perf/gpu0_vram_peak_mb,851,428.40061497688293,70580.2734375
pi05_native,perf/gpu0_vram_peak_mb,854,429.9027953147888,70580.2734375
pi05_native,perf/gpu0_vram_peak_mb,857,431.4048511981964,70580.2734375
pi05_native,perf/gpu0_vram_peak_mb,860,432.90690755844116,70580.2734375
pi05_native,perf/gpu0_vram_peak_mb,863,434.4096145629883,70580.2734375
pi05_native,perf/gpu0_vram_peak_mb,866,435.9118609428406,70580.2734375
pi05_native,perf/gpu0_vram_peak_mb,869,437.4138693809509,70580.2734375
pi05_native,perf/gpu0_vram_peak_mb,872,438.91601967811584,70580.2734375
pi05_native,perf/gpu0_vram_peak_mb,875,440.4241828918457,70580.2734375
pi05_native,perf/gpu0_vram_peak_mb,878,441.92653632164,70580.2734375
pi05_native,perf/gpu0_vram_peak_mb,881,443.4288032054901,70580.2734375
pi05_native,perf/gpu0_vram_peak_mb,884,444.93092226982117,70580.2734375
pi05_native,perf/gpu0_vram_peak_mb,887,446.43302845954895,70580.2734375
pi05_native,perf/gpu0_vram_peak_mb,890,447.9359407424927,70580.2734375
pi05_native,perf/gpu0_vram_peak_mb,894,449.43804478645325,70580.2734375
pi05_native,perf/gpu0_vram_peak_mb,897,450.94010305404663,70580.2734375
pi05_native,perf/gpu0_vram_peak_mb,900,452.4426381587982,70580.2734375
pi05_native,perf/gpu0_vram_peak_mb,902,453.9448139667511,70580.2734375
pi05_native,perf/gpu0_vram_peak_mb,905,455.4470145702362,70580.2734375
pi05_native,perf/gpu0_vram_peak_mb,908,456.9492392539978,70580.2734375
pi05_native,perf/gpu0_vram_peak_mb,911,458.4517779350281,70580.2734375
pi05_native,perf/gpu0_vram_peak_mb,914,459.9539339542389,70580.2734375
pi05_native,perf/gpu0_vram_peak_mb,917,461.4564914703369,70580.2734375
pi05_native,perf/gpu0_vram_peak_mb,921,462.95854330062866,70580.2734375
pi05_native,perf/gpu0_vram_peak_mb,924,464.46049785614014,70580.2734375
pi05_native,perf/gpu0_vram_peak_mb,927,465.9624807834625,70580.2734375
pi05_native,perf/gpu0_vram_peak_mb,930,467.46461033821106,70580.2734375
pi05_native,perf/gpu0_vram_peak_mb,933,468.96662878990173,70580.2734375
pi05_native,perf/gpu0_vram_peak_mb,936,470.4687421321869,70580.2734375
pi05_native,perf/gpu0_vram_peak_mb,939,471.97094678878784,70580.2734375
pi05_native,perf/gpu0_vram_peak_mb,942,473.47313046455383,70580.2734375
pi05_native,perf/gpu0_vram_peak_mb,945,474.97529339790344,70580.2734375
pi05_native,perf/gpu0_vram_peak_mb,948,476.47740602493286,70580.2734375
pi05_native,perf/gpu0_vram_peak_mb,951,477.9795551300049,70580.2734375
pi05_native,perf/gpu0_vram_peak_mb,954,479.4815800189972,70580.2734375
pi05_native,perf/gpu0_vram_peak_mb,957,480.9838135242462,70580.2734375
pi05_native,perf/gpu0_vram_peak_mb,960,482.4868850708008,70580.2734375
pi05_native,perf/gpu0_vram_peak_mb,963,483.98931884765625,70580.2734375
pi05_native,perf/gpu0_vram_peak_mb,967,485.49632143974304,70580.2734375
pi05_native,perf/gpu0_vram_peak_mb,970,486.99814438819885,70580.2734375
pi05_native,perf/gpu0_vram_peak_mb,973,488.5000579357147,70580.2734375
pi05_native,perf/gpu0_vram_peak_mb,976,490.002210855484,70580.2734375
pi05_native,perf/gpu0_vram_peak_mb,979,491.5042402744293,70580.2734375
pi05_native,perf/gpu0_vram_peak_mb,982,493.0063931941986,70580.2734375
pi05_native,perf/gpu0_vram_peak_mb,985,494.5084364414215,70580.296875
pi05_native,perf/gpu0_vram_peak_mb,988,496.0106029510498,70580.296875
pi05_native,perf/gpu0_vram_peak_mb,991,497.51276779174805,70580.296875
pi05_native,perf/gpu0_vram_peak_mb,994,499.01490688323975,70580.296875
pi05_native,perf/gpu0_vram_peak_mb,997,500.5168788433075,70580.296875
pi05_native,perf/gpu0_vram_peak_mb,999,502.0268180370331,70580.296875
pi05_native,perf/gpu0_vram_peak_mb,999,503.5312750339508,70580.296875
pi05_native,perf/gpu0_vram_peak_mb,999,505.0405592918396,70580.296875
pi05_native,perf/gpu0_vram_peak_mb,999,506.54667592048645,70580.296875
pi05_native,perf/gpu0_vram_peak_mb,999,508.05680203437805,70580.296875
pi05_native,perf/gpu0_vram_peak_mb,999,509.56122064590454,70580.296875
pi05_native,perf/gpu0_vram_peak_mb,999,511.066397190094,70580.296875
pi05_native,perf/gpu0_vram_peak_mb,999,512.5730745792389,70580.296875
pi05_native,perf/gpu0_vram_peak_mb,999,514.0771367549896,70580.296875
pi05_native,perf/gpu0_vram_peak_mb,999,515.5811433792114,70580.296875
pi05_native,perf/gpu0_vram_peak_mb,999,517.0857174396515,70580.296875
pi05_native,perf/gpu0_vram_peak_mb,999,518.595632314682,70580.296875
pi05_native,perf/gpu0_vram_peak_mb,999,520.1081099510193,70580.296875
pi05_native,perf/gpu0_vram_peak_mb,999,521.6133613586426,70580.296875
pi05_native,perf/gpu0_vram_peak_mb,999,523.1382203102112,70580.296875
pi05_native,perf/gpu0_vram_peak_mb,999,524.642904996872,70580.296875
pi05_native,perf/gpu0_vram_peak_mb,999,526.1493327617645,70580.296875
pi05_native,perf/gpu0_vram_peak_mb,999,527.6560261249542,70580.296875
pi05_native,perf/gpu0_vram_peak_mb,999,529.1639926433563,70580.296875
pi05_native,perf/gpu0_util_pct,0,0.030304908752441406,0.0
pi05_native,perf/gpu0_util_pct,0,1.7591781616210938,0.0
pi05_native,perf/gpu0_util_pct,0,3.2781219482421875,0.0
pi05_native,perf/gpu0_util_pct,0,4.78030252456665,0.0
pi05_native,perf/gpu0_util_pct,0,6.282408714294434,0.0
pi05_native,perf/gpu0_util_pct,0,7.784358263015747,1.0
pi05_native,perf/gpu0_util_pct,1,9.286335468292236,70.0
pi05_native,perf/gpu0_util_pct,4,10.78803038597107,100.0
pi05_native,perf/gpu0_util_pct,7,12.289966821670532,89.0
pi05_native,perf/gpu0_util_pct,10,13.79241132736206,85.0
pi05_native,perf/gpu0_util_pct,13,15.294639825820923,97.0
pi05_native,perf/gpu0_util_pct,16,16.796872854232788,71.0
pi05_native,perf/gpu0_util_pct,19,18.29883646965027,100.0
pi05_native,perf/gpu0_util_pct,22,19.800859689712524,87.0
pi05_native,perf/gpu0_util_pct,25,21.30275845527649,100.0
pi05_native,perf/gpu0_util_pct,28,22.80497670173645,100.0
pi05_native,perf/gpu0_util_pct,31,24.30744194984436,100.0
pi05_native,perf/gpu0_util_pct,34,25.80939817428589,100.0
pi05_native,perf/gpu0_util_pct,37,27.311376571655273,100.0
pi05_native,perf/gpu0_util_pct,41,28.812968015670776,100.0
pi05_native,perf/gpu0_util_pct,44,30.314476251602173,100.0
pi05_native,perf/gpu0_util_pct,47,31.816187143325806,100.0
pi05_native,perf/gpu0_util_pct,50,33.3181676864624,81.0
pi05_native,perf/gpu0_util_pct,53,34.8199987411499,100.0
pi05_native,perf/gpu0_util_pct,56,36.32194423675537,100.0
pi05_native,perf/gpu0_util_pct,59,37.824241399765015,76.0
pi05_native,perf/gpu0_util_pct,62,39.32632803916931,100.0
pi05_native,perf/gpu0_util_pct,65,40.828266859054565,92.0
pi05_native,perf/gpu0_util_pct,68,42.330140113830566,100.0
pi05_native,perf/gpu0_util_pct,71,43.832255363464355,100.0
pi05_native,perf/gpu0_util_pct,74,45.33430504798889,100.0
pi05_native,perf/gpu0_util_pct,77,46.836453437805176,100.0
pi05_native,perf/gpu0_util_pct,81,48.338151693344116,100.0
pi05_native,perf/gpu0_util_pct,84,49.84029221534729,100.0
pi05_native,perf/gpu0_util_pct,87,51.34241700172424,100.0
pi05_native,perf/gpu0_util_pct,90,52.844773292541504,100.0
pi05_native,perf/gpu0_util_pct,93,54.347586154937744,79.0
pi05_native,perf/gpu0_util_pct,96,55.849650382995605,100.0
pi05_native,perf/gpu0_util_pct,99,57.35144639015198,95.0
pi05_native,perf/gpu0_util_pct,102,58.8535270690918,100.0
pi05_native,perf/gpu0_util_pct,105,60.35520529747009,100.0
pi05_native,perf/gpu0_util_pct,108,61.857123136520386,100.0
pi05_native,perf/gpu0_util_pct,111,63.35914397239685,84.0
pi05_native,perf/gpu0_util_pct,114,64.8610315322876,100.0
pi05_native,perf/gpu0_util_pct,117,66.36330318450928,77.0
pi05_native,perf/gpu0_util_pct,120,67.86521744728088,83.0
pi05_native,perf/gpu0_util_pct,123,69.36715841293335,100.0
pi05_native,perf/gpu0_util_pct,126,70.86909914016724,79.0
pi05_native,perf/gpu0_util_pct,129,72.37157583236694,100.0
pi05_native,perf/gpu0_util_pct,132,73.87343621253967,100.0
pi05_native,perf/gpu0_util_pct,135,75.37534379959106,100.0
pi05_native,perf/gpu0_util_pct,139,76.87737011909485,100.0
pi05_native,perf/gpu0_util_pct,142,78.3794436454773,100.0
pi05_native,perf/gpu0_util_pct,145,79.88106417655945,100.0
pi05_native,perf/gpu0_util_pct,148,81.38272762298584,100.0
pi05_native,perf/gpu0_util_pct,151,82.88494539260864,100.0
pi05_native,perf/gpu0_util_pct,154,84.38709115982056,90.0
pi05_native,perf/gpu0_util_pct,157,85.88909029960632,82.0
pi05_native,perf/gpu0_util_pct,160,87.39093852043152,100.0
pi05_native,perf/gpu0_util_pct,163,88.8927812576294,74.0
pi05_native,perf/gpu0_util_pct,166,90.39472103118896,100.0
pi05_native,perf/gpu0_util_pct,169,91.89651346206665,96.0
pi05_native,perf/gpu0_util_pct,172,93.39848494529724,100.0
pi05_native,perf/gpu0_util_pct,175,94.90043020248413,100.0
pi05_native,perf/gpu0_util_pct,178,96.40254926681519,100.0
pi05_native,perf/gpu0_util_pct,181,97.90440082550049,100.0
pi05_native,perf/gpu0_util_pct,184,99.4064781665802,100.0
pi05_native,perf/gpu0_util_pct,187,100.9085373878479,100.0
pi05_native,perf/gpu0_util_pct,191,102.41091656684875,100.0
pi05_native,perf/gpu0_util_pct,194,103.91257619857788,100.0
pi05_native,perf/gpu0_util_pct,197,105.4141902923584,100.0
pi05_native,perf/gpu0_util_pct,200,106.9174702167511,100.0
pi05_native,perf/gpu0_util_pct,202,108.42047667503357,100.0
pi05_native,perf/gpu0_util_pct,205,109.92308735847473,100.0
pi05_native,perf/gpu0_util_pct,209,111.42534685134888,100.0
pi05_native,perf/gpu0_util_pct,212,112.92709469795227,100.0
pi05_native,perf/gpu0_util_pct,215,114.4286413192749,100.0
pi05_native,perf/gpu0_util_pct,218,115.9307210445404,100.0
pi05_native,perf/gpu0_util_pct,221,117.4329195022583,100.0
pi05_native,perf/gpu0_util_pct,224,118.9353449344635,100.0
pi05_native,perf/gpu0_util_pct,227,120.43733096122742,83.0
pi05_native,perf/gpu0_util_pct,230,121.93927478790283,100.0
pi05_native,perf/gpu0_util_pct,233,123.44140577316284,66.0
pi05_native,perf/gpu0_util_pct,236,124.94344401359558,83.0
pi05_native,perf/gpu0_util_pct,239,126.44529390335083,95.0
pi05_native,perf/gpu0_util_pct,242,127.94743037223816,77.0
pi05_native,perf/gpu0_util_pct,245,129.44940519332886,100.0
pi05_native,perf/gpu0_util_pct,248,130.9515368938446,94.0
pi05_native,perf/gpu0_util_pct,251,132.45349860191345,100.0
pi05_native,perf/gpu0_util_pct,254,133.95552802085876,100.0
pi05_native,perf/gpu0_util_pct,257,135.45763087272644,100.0
pi05_native,perf/gpu0_util_pct,260,136.95966744422913,100.0
pi05_native,perf/gpu0_util_pct,264,138.46159720420837,100.0
pi05_native,perf/gpu0_util_pct,267,139.96351885795593,100.0
pi05_native,perf/gpu0_util_pct,270,141.46531105041504,100.0
pi05_native,perf/gpu0_util_pct,273,142.96944427490234,100.0
pi05_native,perf/gpu0_util_pct,276,144.47249937057495,100.0
pi05_native,perf/gpu0_util_pct,279,145.9747064113617,100.0
pi05_native,perf/gpu0_util_pct,282,147.47682070732117,82.0
pi05_native,perf/gpu0_util_pct,285,148.97897267341614,100.0
pi05_native,perf/gpu0_util_pct,288,150.48112773895264,67.0
pi05_native,perf/gpu0_util_pct,291,151.9833586215973,96.0
pi05_native,perf/gpu0_util_pct,294,153.4855010509491,89.0
pi05_native,perf/gpu0_util_pct,297,154.9875829219818,79.0
pi05_native,perf/gpu0_util_pct,300,156.48959064483643,93.0
pi05_native,perf/gpu0_util_pct,303,157.99171113967896,77.0
pi05_native,perf/gpu0_util_pct,306,159.4939067363739,100.0
pi05_native,perf/gpu0_util_pct,309,160.99621653556824,100.0
pi05_native,perf/gpu0_util_pct,312,162.49842286109924,100.0
pi05_native,perf/gpu0_util_pct,315,164.00060439109802,100.0
pi05_native,perf/gpu0_util_pct,318,165.50275111198425,100.0
pi05_native,perf/gpu0_util_pct,321,167.00502943992615,100.0
pi05_native,perf/gpu0_util_pct,324,168.50808143615723,100.0
pi05_native,perf/gpu0_util_pct,328,170.0124146938324,100.0
pi05_native,perf/gpu0_util_pct,331,171.5144510269165,100.0
pi05_native,perf/gpu0_util_pct,334,173.0163176059723,100.0
pi05_native,perf/gpu0_util_pct,337,174.51836609840393,100.0
pi05_native,perf/gpu0_util_pct,340,176.02013325691223,100.0
pi05_native,perf/gpu0_util_pct,343,177.52218317985535,81.0
pi05_native,perf/gpu0_util_pct,346,179.023992061615,100.0
pi05_native,perf/gpu0_util_pct,349,180.52671456336975,84.0
pi05_native,perf/gpu0_util_pct,352,182.02861642837524,100.0
pi05_native,perf/gpu0_util_pct,355,183.53096437454224,47.0
pi05_native,perf/gpu0_util_pct,358,185.0331425666809,100.0
pi05_native,perf/gpu0_util_pct,361,186.53483366966248,79.0
pi05_native,perf/gpu0_util_pct,364,188.0368263721466,83.0
pi05_native,perf/gpu0_util_pct,367,189.53889632225037,100.0
pi05_native,perf/gpu0_util_pct,370,191.0410032272339,80.0
pi05_native,perf/gpu0_util_pct,373,192.5432047843933,100.0
pi05_native,perf/gpu0_util_pct,376,194.04583191871643,91.0
pi05_native,perf/gpu0_util_pct,379,195.54813170433044,100.0
pi05_native,perf/gpu0_util_pct,382,197.0501480102539,100.0
pi05_native,perf/gpu0_util_pct,385,198.55218815803528,100.0
pi05_native,perf/gpu0_util_pct,388,200.05444502830505,100.0
pi05_native,perf/gpu0_util_pct,391,201.55755758285522,100.0
pi05_native,perf/gpu0_util_pct,395,203.06104397773743,100.0
pi05_native,perf/gpu0_util_pct,398,204.56277537345886,100.0
pi05_native,perf/gpu0_util_pct,400,206.06482195854187,95.0
pi05_native,perf/gpu0_util_pct,403,207.5669047832489,100.0
pi05_native,perf/gpu0_util_pct,406,209.06936836242676,100.0
pi05_native,perf/gpu0_util_pct,410,210.5719349384308,100.0
pi05_native,perf/gpu0_util_pct,413,212.07383704185486,100.0
pi05_native,perf/gpu0_util_pct,416,213.5755205154419,100.0
pi05_native,perf/gpu0_util_pct,419,215.0773594379425,100.0
pi05_native,perf/gpu0_util_pct,422,216.58075857162476,100.0
pi05_native,perf/gpu0_util_pct,425,218.08282494544983,100.0
pi05_native,perf/gpu0_util_pct,428,219.58499765396118,70.0
pi05_native,perf/gpu0_util_pct,431,221.08714389801025,100.0
pi05_native,perf/gpu0_util_pct,434,222.58938217163086,100.0
pi05_native,perf/gpu0_util_pct,437,224.09160089492798,90.0
pi05_native,perf/gpu0_util_pct,440,225.59400582313538,100.0
pi05_native,perf/gpu0_util_pct,443,227.09613370895386,96.0
pi05_native,perf/gpu0_util_pct,446,228.59867000579834,100.0
pi05_native,perf/gpu0_util_pct,449,230.10089445114136,100.0
pi05_native,perf/gpu0_util_pct,452,231.60312485694885,100.0
pi05_native,perf/gpu0_util_pct,455,233.1057093143463,100.0
pi05_native,perf/gpu0_util_pct,458,234.6078646183014,100.0
pi05_native,perf/gpu0_util_pct,461,236.11008739471436,100.0
pi05_native,perf/gpu0_util_pct,465,237.61212372779846,100.0
pi05_native,perf/gpu0_util_pct,468,239.1141312122345,100.0
pi05_native,perf/gpu0_util_pct,471,240.61614274978638,100.0
pi05_native,perf/gpu0_util_pct,474,242.11926436424255,100.0
pi05_native,perf/gpu0_util_pct,477,243.62376475334167,86.0
pi05_native,perf/gpu0_util_pct,480,245.12593054771423,100.0
pi05_native,perf/gpu0_util_pct,483,246.6280369758606,81.0
pi05_native,perf/gpu0_util_pct,486,248.13025617599487,91.0
pi05_native,perf/gpu0_util_pct,489,249.63243627548218,100.0
pi05_native,perf/gpu0_util_pct,492,251.1345853805542,79.0
pi05_native,perf/gpu0_util_pct,495,252.6368808746338,100.0
pi05_native,perf/gpu0_util_pct,498,254.13906073570251,100.0
pi05_native,perf/gpu0_util_pct,501,255.64126300811768,92.0
pi05_native,perf/gpu0_util_pct,504,257.1436016559601,79.0
pi05_native,perf/gpu0_util_pct,507,258.64603972435,100.0
pi05_native,perf/gpu0_util_pct,510,260.1481318473816,100.0
pi05_native,perf/gpu0_util_pct,513,261.65085792541504,100.0
pi05_native,perf/gpu0_util_pct,516,263.1530475616455,100.0
pi05_native,perf/gpu0_util_pct,519,264.6555037498474,100.0
pi05_native,perf/gpu0_util_pct,523,266.1600031852722,100.0
pi05_native,perf/gpu0_util_pct,526,267.66229486465454,100.0
pi05_native,perf/gpu0_util_pct,529,269.16440653800964,100.0
pi05_native,perf/gpu0_util_pct,532,270.6663398742676,88.0
pi05_native,perf/gpu0_util_pct,535,272.1682975292206,100.0
pi05_native,perf/gpu0_util_pct,538,273.670462846756,77.0
pi05_native,perf/gpu0_util_pct,541,275.1723463535309,100.0
pi05_native,perf/gpu0_util_pct,544,276.6742970943451,69.0
pi05_native,perf/gpu0_util_pct,547,278.17651200294495,100.0
pi05_native,perf/gpu0_util_pct,550,279.67848777770996,78.0
pi05_native,perf/gpu0_util_pct,553,281.18048620224,80.0
pi05_native,perf/gpu0_util_pct,556,282.6824040412903,98.0
pi05_native,perf/gpu0_util_pct,559,284.1846213340759,79.0
pi05_native,perf/gpu0_util_pct,562,285.68663215637207,100.0
pi05_native,perf/gpu0_util_pct,565,287.1886205673218,95.0
pi05_native,perf/gpu0_util_pct,568,288.6908133029938,100.0
pi05_native,perf/gpu0_util_pct,571,290.19300985336304,100.0
pi05_native,perf/gpu0_util_pct,574,291.695353269577,100.0
pi05_native,perf/gpu0_util_pct,577,293.19749999046326,100.0
pi05_native,perf/gpu0_util_pct,580,294.699609041214,100.0
pi05_native,perf/gpu0_util_pct,583,296.2016661167145,100.0
pi05_native,perf/gpu0_util_pct,586,297.7038378715515,100.0
pi05_native,perf/gpu0_util_pct,590,299.2059853076935,100.0
pi05_native,perf/gpu0_util_pct,593,300.709591627121,100.0
pi05_native,perf/gpu0_util_pct,596,302.2113254070282,100.0
pi05_native,perf/gpu0_util_pct,599,303.71310901641846,100.0
pi05_native,perf/gpu0_util_pct,601,305.2152099609375,100.0
pi05_native,perf/gpu0_util_pct,604,306.71743178367615,100.0
pi05_native,perf/gpu0_util_pct,607,308.2194449901581,100.0
pi05_native,perf/gpu0_util_pct,610,309.7234740257263,100.0
pi05_native,perf/gpu0_util_pct,613,311.2255394458771,100.0
pi05_native,perf/gpu0_util_pct,617,312.730019569397,100.0
pi05_native,perf/gpu0_util_pct,620,314.23170590400696,100.0
pi05_native,perf/gpu0_util_pct,623,315.7335271835327,100.0
pi05_native,perf/gpu0_util_pct,626,317.23538088798523,100.0
pi05_native,perf/gpu0_util_pct,629,318.73714661598206,84.0
pi05_native,perf/gpu0_util_pct,632,320.23905777931213,100.0
pi05_native,perf/gpu0_util_pct,635,321.74102663993835,72.0
pi05_native,perf/gpu0_util_pct,638,323.24288296699524,100.0
pi05_native,perf/gpu0_util_pct,641,324.7448365688324,68.0
pi05_native,perf/gpu0_util_pct,644,326.24690198898315,74.0
pi05_native,perf/gpu0_util_pct,647,327.748815536499,100.0
pi05_native,perf/gpu0_util_pct,650,329.25096130371094,94.0
pi05_native,perf/gpu0_util_pct,653,330.7533950805664,100.0
pi05_native,perf/gpu0_util_pct,656,332.2553539276123,100.0
pi05_native,perf/gpu0_util_pct,659,333.7573826313019,100.0
pi05_native,perf/gpu0_util_pct,662,335.25937843322754,100.0
pi05_native,perf/gpu0_util_pct,665,336.76156282424927,100.0
pi05_native,perf/gpu0_util_pct,668,338.263631105423,100.0
pi05_native,perf/gpu0_util_pct,671,339.766095161438,100.0
pi05_native,perf/gpu0_util_pct,674,341.26819705963135,100.0
pi05_native,perf/gpu0_util_pct,677,342.77039098739624,100.0
pi05_native,perf/gpu0_util_pct,680,344.2726306915283,100.0
pi05_native,perf/gpu0_util_pct,683,345.7759635448456,100.0
pi05_native,perf/gpu0_util_pct,687,347.2777545452118,100.0
pi05_native,perf/gpu0_util_pct,690,348.77935004234314,100.0
pi05_native,perf/gpu0_util_pct,693,350.28109431266785,100.0
pi05_native,perf/gpu0_util_pct,696,351.78329730033875,83.0
pi05_native,perf/gpu0_util_pct,699,353.2854540348053,100.0
pi05_native,perf/gpu0_util_pct,701,354.78761887550354,100.0
pi05_native,perf/gpu0_util_pct,704,356.2899820804596,100.0
pi05_native,perf/gpu0_util_pct,708,357.7923696041107,100.0
pi05_native,perf/gpu0_util_pct,711,359.29403948783875,100.0
pi05_native,perf/gpu0_util_pct,714,360.79583621025085,100.0
pi05_native,perf/gpu0_util_pct,717,362.29761838912964,100.0
pi05_native,perf/gpu0_util_pct,720,363.79989361763,100.0
pi05_native,perf/gpu0_util_pct,723,365.30159521102905,100.0
pi05_native,perf/gpu0_util_pct,726,366.8034315109253,100.0
pi05_native,perf/gpu0_util_pct,729,368.3054304122925,100.0
pi05_native,perf/gpu0_util_pct,732,369.80727314949036,100.0
pi05_native,perf/gpu0_util_pct,735,371.30959916114807,83.0
pi05_native,perf/gpu0_util_pct,738,372.8119099140167,100.0
pi05_native,perf/gpu0_util_pct,741,374.314204454422,100.0
pi05_native,perf/gpu0_util_pct,744,375.81637048721313,94.0
pi05_native,perf/gpu0_util_pct,747,377.31859588623047,100.0
pi05_native,perf/gpu0_util_pct,750,378.8207869529724,100.0
pi05_native,perf/gpu0_util_pct,753,380.32305335998535,100.0
pi05_native,perf/gpu0_util_pct,756,381.82530212402344,100.0
pi05_native,perf/gpu0_util_pct,759,383.32756638526917,100.0
pi05_native,perf/gpu0_util_pct,762,384.82997393608093,100.0
pi05_native,perf/gpu0_util_pct,766,386.3321762084961,100.0
pi05_native,perf/gpu0_util_pct,769,387.83403515815735,100.0
pi05_native,perf/gpu0_util_pct,772,389.3365170955658,100.0
pi05_native,perf/gpu0_util_pct,775,390.83898425102234,100.0
pi05_native,perf/gpu0_util_pct,778,392.341206073761,78.0
pi05_native,perf/gpu0_util_pct,781,393.84630155563354,100.0
pi05_native,perf/gpu0_util_pct,784,395.34847688674927,89.0
pi05_native,perf/gpu0_util_pct,787,396.8508653640747,84.0
pi05_native,perf/gpu0_util_pct,790,398.3532438278198,100.0
pi05_native,perf/gpu0_util_pct,793,399.8555483818054,79.0
pi05_native,perf/gpu0_util_pct,796,401.3579652309418,100.0
pi05_native,perf/gpu0_util_pct,799,402.8605487346649,100.0
pi05_native,perf/gpu0_util_pct,802,404.363210439682,90.0
pi05_native,perf/gpu0_util_pct,805,405.865371465683,84.0
pi05_native,perf/gpu0_util_pct,808,407.3677182197571,100.0
pi05_native,perf/gpu0_util_pct,811,408.8700020313263,80.0
pi05_native,perf/gpu0_util_pct,814,410.37232756614685,100.0
pi05_native,perf/gpu0_util_pct,817,411.87459087371826,100.0
pi05_native,perf/gpu0_util_pct,820,413.3769676685333,100.0
pi05_native,perf/gpu0_util_pct,823,414.87929677963257,100.0
pi05_native,perf/gpu0_util_pct,827,416.38124895095825,100.0
pi05_native,perf/gpu0_util_pct,830,417.8829700946808,100.0
pi05_native,perf/gpu0_util_pct,833,419.3847448825836,100.0
pi05_native,perf/gpu0_util_pct,836,420.8879945278168,100.0
pi05_native,perf/gpu0_util_pct,839,422.3925247192383,100.0
pi05_native,perf/gpu0_util_pct,842,423.89445543289185,100.0
pi05_native,perf/gpu0_util_pct,845,425.39650678634644,87.0
pi05_native,perf/gpu0_util_pct,848,426.8985550403595,100.0
pi05_native,perf/gpu0_util_pct,851,428.4006254673004,80.0
pi05_native,perf/gpu0_util_pct,854,429.90280389785767,77.0
pi05_native,perf/gpu0_util_pct,857,431.40486097335815,100.0
pi05_native,perf/gpu0_util_pct,860,432.90691685676575,90.0
pi05_native,perf/gpu0_util_pct,863,434.4096236228943,100.0
pi05_native,perf/gpu0_util_pct,866,435.9118700027466,100.0
pi05_native,perf/gpu0_util_pct,869,437.4138789176941,100.0
pi05_native,perf/gpu0_util_pct,872,438.91602969169617,100.0
pi05_native,perf/gpu0_util_pct,875,440.42419171333313,100.0
pi05_native,perf/gpu0_util_pct,878,441.92654609680176,100.0
pi05_native,perf/gpu0_util_pct,881,443.4288122653961,100.0
pi05_native,perf/gpu0_util_pct,884,444.93093085289,100.0
pi05_native,perf/gpu0_util_pct,887,446.43303751945496,100.0
pi05_native,perf/gpu0_util_pct,890,447.93595027923584,100.0
pi05_native,perf/gpu0_util_pct,894,449.4380552768707,100.0
pi05_native,perf/gpu0_util_pct,897,450.9401116371155,100.0
pi05_native,perf/gpu0_util_pct,900,452.44264793395996,100.0
pi05_native,perf/gpu0_util_pct,902,453.9448239803314,82.0
pi05_native,perf/gpu0_util_pct,905,455.4470238685608,100.0
pi05_native,perf/gpu0_util_pct,908,456.9492483139038,100.0
pi05_native,perf/gpu0_util_pct,911,458.4517869949341,100.0
pi05_native,perf/gpu0_util_pct,914,459.9539432525635,100.0
pi05_native,perf/gpu0_util_pct,917,461.4565079212189,100.0
pi05_native,perf/gpu0_util_pct,921,462.9585528373718,100.0
pi05_native,perf/gpu0_util_pct,924,464.46050667762756,100.0
pi05_native,perf/gpu0_util_pct,927,465.96248984336853,100.0
pi05_native,perf/gpu0_util_pct,930,467.46461939811707,100.0
pi05_native,perf/gpu0_util_pct,933,468.96663761138916,100.0
pi05_native,perf/gpu0_util_pct,936,470.46875166893005,85.0
pi05_native,perf/gpu0_util_pct,939,471.970956325531,100.0
pi05_native,perf/gpu0_util_pct,942,473.4731388092041,83.0
pi05_native,perf/gpu0_util_pct,945,474.9753029346466,85.0
pi05_native,perf/gpu0_util_pct,948,476.4774148464203,100.0
pi05_native,perf/gpu0_util_pct,951,477.9795632362366,74.0
pi05_native,perf/gpu0_util_pct,954,479.48158836364746,100.0
pi05_native,perf/gpu0_util_pct,957,480.98382234573364,94.0
pi05_native,perf/gpu0_util_pct,960,482.4868938922882,100.0
pi05_native,perf/gpu0_util_pct,963,483.98933029174805,100.0
pi05_native,perf/gpu0_util_pct,967,485.49633049964905,100.0
pi05_native,perf/gpu0_util_pct,970,486.998153924942,100.0
pi05_native,perf/gpu0_util_pct,973,488.500066280365,100.0
pi05_native,perf/gpu0_util_pct,976,490.00221967697144,83.0
pi05_native,perf/gpu0_util_pct,979,491.5042493343353,100.0
pi05_native,perf/gpu0_util_pct,982,493.0064034461975,72.0
pi05_native,perf/gpu0_util_pct,985,494.5084459781647,79.0
pi05_native,perf/gpu0_util_pct,988,496.0106110572815,94.0
pi05_native,perf/gpu0_util_pct,991,497.5127773284912,84.0
pi05_native,perf/gpu0_util_pct,994,499.0149154663086,98.0
pi05_native,perf/gpu0_util_pct,997,500.5168869495392,77.0
pi05_native,perf/gpu0_util_pct,999,502.0268278121948,3.0
pi05_native,perf/gpu0_util_pct,999,503.53128480911255,5.0
pi05_native,perf/gpu0_util_pct,999,505.040568113327,5.0
pi05_native,perf/gpu0_util_pct,999,506.5467002391815,4.0
pi05_native,perf/gpu0_util_pct,999,508.0568161010742,3.0
pi05_native,perf/gpu0_util_pct,999,509.56123089790344,4.0
pi05_native,perf/gpu0_util_pct,999,511.06640696525574,5.0
pi05_native,perf/gpu0_util_pct,999,512.573084115982,3.0
pi05_native,perf/gpu0_util_pct,999,514.0771465301514,5.0
pi05_native,perf/gpu0_util_pct,999,515.581152677536,4.0
pi05_native,perf/gpu0_util_pct,999,517.0857281684875,4.0
pi05_native,perf/gpu0_util_pct,999,518.5956416130066,4.0
pi05_native,perf/gpu0_util_pct,999,520.1081187725067,4.0
pi05_native,perf/gpu0_util_pct,999,521.6133704185486,4.0
pi05_native,perf/gpu0_util_pct,999,523.1382427215576,5.0
pi05_native,perf/gpu0_util_pct,999,524.6429166793823,5.0
pi05_native,perf/gpu0_util_pct,999,526.149341583252,4.0
pi05_native,perf/gpu0_util_pct,999,527.656035900116,4.0
pi05_native,perf/gpu0_util_pct,999,529.1640014648438,5.0
pi05_native,perf/gpu0_mem_util_pct,0,0.03031325340270996,0.0
pi05_native,perf/gpu0_mem_util_pct,0,1.759190320968628,0.0
pi05_native,perf/gpu0_mem_util_pct,0,3.2781307697296143,0.0
pi05_native,perf/gpu0_mem_util_pct,0,4.780311346054077,0.0
pi05_native,perf/gpu0_mem_util_pct,0,6.282416343688965,0.0
pi05_native,perf/gpu0_mem_util_pct,0,7.784365177154541,0.0
pi05_native,perf/gpu0_mem_util_pct,1,9.286343097686768,55.0
pi05_native,perf/gpu0_mem_util_pct,4,10.7880380153656,70.0
pi05_native,perf/gpu0_mem_util_pct,7,12.289974689483643,52.0
pi05_native,perf/gpu0_mem_util_pct,10,13.792418956756592,72.0
pi05_native,perf/gpu0_mem_util_pct,13,15.294647932052612,62.0
pi05_native,perf/gpu0_mem_util_pct,16,16.7968807220459,51.0
pi05_native,perf/gpu0_mem_util_pct,19,18.298845052719116,63.0
pi05_native,perf/gpu0_mem_util_pct,22,19.800867557525635,54.0
pi05_native,perf/gpu0_mem_util_pct,25,21.302765130996704,61.0
pi05_native,perf/gpu0_mem_util_pct,28,22.805002450942993,63.0
pi05_native,perf/gpu0_mem_util_pct,31,24.30744981765747,60.0
pi05_native,perf/gpu0_mem_util_pct,34,25.80940556526184,60.0
pi05_native,perf/gpu0_mem_util_pct,37,27.31138515472412,53.0
pi05_native,perf/gpu0_mem_util_pct,41,28.81297540664673,60.0
pi05_native,perf/gpu0_mem_util_pct,44,30.314483165740967,59.0
pi05_native,perf/gpu0_mem_util_pct,47,31.8161940574646,54.0
pi05_native,perf/gpu0_mem_util_pct,50,33.31817436218262,70.0
pi05_native,perf/gpu0_mem_util_pct,53,34.820006132125854,68.0
pi05_native,perf/gpu0_mem_util_pct,56,36.32195448875427,63.0
pi05_native,perf/gpu0_mem_util_pct,59,37.82425355911255,61.0
pi05_native,perf/gpu0_mem_util_pct,62,39.32633566856384,63.0
pi05_native,perf/gpu0_mem_util_pct,65,40.82827806472778,56.0
pi05_native,perf/gpu0_mem_util_pct,68,42.330148220062256,61.0
pi05_native,perf/gpu0_mem_util_pct,71,43.8322651386261,63.0
pi05_native,perf/gpu0_mem_util_pct,74,45.33431577682495,59.0
pi05_native,perf/gpu0_mem_util_pct,77,46.83646249771118,59.0
pi05_native,perf/gpu0_mem_util_pct,81,48.33815836906433,54.0
pi05_native,perf/gpu0_mem_util_pct,84,49.84030032157898,59.0
pi05_native,perf/gpu0_mem_util_pct,87,51.34242534637451,65.0
pi05_native,perf/gpu0_mem_util_pct,90,52.84478044509888,49.0
pi05_native,perf/gpu0_mem_util_pct,93,54.34759306907654,65.0
pi05_native,perf/gpu0_mem_util_pct,96,55.849658489227295,76.0
pi05_native,perf/gpu0_mem_util_pct,99,57.35145401954651,60.0
pi05_native,perf/gpu0_mem_util_pct,102,58.85353636741638,59.0
pi05_native,perf/gpu0_mem_util_pct,105,60.355212688446045,49.0
pi05_native,perf/gpu0_mem_util_pct,108,61.85713005065918,55.0
pi05_native,perf/gpu0_mem_util_pct,111,63.3591513633728,71.0
pi05_native,perf/gpu0_mem_util_pct,114,64.86103892326355,57.0
pi05_native,perf/gpu0_mem_util_pct,117,66.36331105232239,43.0
pi05_native,perf/gpu0_mem_util_pct,120,67.86522459983826,71.0
pi05_native,perf/gpu0_mem_util_pct,123,69.36716532707214,63.0
pi05_native,perf/gpu0_mem_util_pct,126,70.86910581588745,44.0
pi05_native,perf/gpu0_mem_util_pct,129,72.37158370018005,61.0
pi05_native,perf/gpu0_mem_util_pct,132,73.87344551086426,63.0
pi05_native,perf/gpu0_mem_util_pct,135,75.37535119056702,59.0
pi05_native,perf/gpu0_mem_util_pct,139,76.87737727165222,60.0
pi05_native,perf/gpu0_mem_util_pct,142,78.37945055961609,59.0
pi05_native,perf/gpu0_mem_util_pct,145,79.88107061386108,60.0
pi05_native,perf/gpu0_mem_util_pct,148,81.38273477554321,46.0
pi05_native,perf/gpu0_mem_util_pct,151,82.88495230674744,59.0
pi05_native,perf/gpu0_mem_util_pct,154,84.38709855079651,51.0
pi05_native,perf/gpu0_mem_util_pct,157,85.88910007476807,70.0
pi05_native,perf/gpu0_mem_util_pct,160,87.39094543457031,63.0
pi05_native,perf/gpu0_mem_util_pct,163,88.8927915096283,44.0
pi05_native,perf/gpu0_mem_util_pct,166,90.39472794532776,62.0
pi05_native,perf/gpu0_mem_util_pct,169,91.89652109146118,60.0
pi05_native,perf/gpu0_mem_util_pct,172,93.39849209785461,60.0
pi05_native,perf/gpu0_mem_util_pct,175,94.90043830871582,62.0
pi05_native,perf/gpu0_mem_util_pct,178,96.40255641937256,59.0
pi05_native,perf/gpu0_mem_util_pct,181,97.90440773963928,59.0
pi05_native,perf/gpu0_mem_util_pct,184,99.40648460388184,57.0
pi05_native,perf/gpu0_mem_util_pct,187,100.90854454040527,60.0
pi05_native,perf/gpu0_mem_util_pct,191,102.41092443466187,49.0
pi05_native,perf/gpu0_mem_util_pct,194,103.9125828742981,60.0
pi05_native,perf/gpu0_mem_util_pct,197,105.41419744491577,65.0
pi05_native,perf/gpu0_mem_util_pct,200,106.91749143600464,54.0
pi05_native,perf/gpu0_mem_util_pct,202,108.42048358917236,59.0
pi05_native,perf/gpu0_mem_util_pct,205,109.92309522628784,59.0
pi05_native,perf/gpu0_mem_util_pct,209,111.42535424232483,55.0
pi05_native,perf/gpu0_mem_util_pct,212,112.9271023273468,59.0
pi05_native,perf/gpu0_mem_util_pct,215,114.42864847183228,47.0
pi05_native,perf/gpu0_mem_util_pct,218,115.93073153495789,59.0
pi05_native,perf/gpu0_mem_util_pct,221,117.43293070793152,74.0
pi05_native,perf/gpu0_mem_util_pct,224,118.9353518486023,51.0
pi05_native,perf/gpu0_mem_util_pct,227,120.43733811378479,70.0
pi05_native,perf/gpu0_mem_util_pct,230,121.93928170204163,54.0
pi05_native,perf/gpu0_mem_util_pct,233,123.44141292572021,36.0
pi05_native,perf/gpu0_mem_util_pct,236,124.94345164299011,70.0
pi05_native,perf/gpu0_mem_util_pct,239,126.44530200958252,61.0
pi05_native,perf/gpu0_mem_util_pct,242,127.94743800163269,56.0
pi05_native,perf/gpu0_mem_util_pct,245,129.44941234588623,63.0
pi05_native,perf/gpu0_mem_util_pct,248,130.9515438079834,57.0
pi05_native,perf/gpu0_mem_util_pct,251,132.45350527763367,61.0
pi05_native,perf/gpu0_mem_util_pct,254,133.9555356502533,63.0
pi05_native,perf/gpu0_mem_util_pct,257,135.4576380252838,59.0
pi05_native,perf/gpu0_mem_util_pct,260,136.95967483520508,59.0
pi05_native,perf/gpu0_mem_util_pct,264,138.46160411834717,56.0
pi05_native,perf/gpu0_mem_util_pct,267,139.96352696418762,59.0
pi05_native,perf/gpu0_mem_util_pct,270,141.46531891822815,48.0
pi05_native,perf/gpu0_mem_util_pct,273,142.96945142745972,59.0
pi05_native,perf/gpu0_mem_util_pct,276,144.47250604629517,63.0
pi05_native,perf/gpu0_mem_util_pct,279,145.97471475601196,52.0
pi05_native,perf/gpu0_mem_util_pct,282,147.47682809829712,69.0
pi05_native,perf/gpu0_mem_util_pct,285,148.9789800643921,58.0
pi05_native,perf/gpu0_mem_util_pct,288,150.4811351299286,37.0
pi05_native,perf/gpu0_mem_util_pct,291,151.98336553573608,75.0
pi05_native,perf/gpu0_mem_util_pct,294,153.4855077266693,56.0
pi05_native,perf/gpu0_mem_util_pct,297,154.98759078979492,69.0
pi05_native,perf/gpu0_mem_util_pct,300,156.48959827423096,60.0
pi05_native,perf/gpu0_mem_util_pct,303,157.99171924591064,57.0
pi05_native,perf/gpu0_mem_util_pct,306,159.49391412734985,62.0
pi05_native,perf/gpu0_mem_util_pct,309,160.9962236881256,64.0
pi05_native,perf/gpu0_mem_util_pct,312,162.49843049049377,59.0
pi05_native,perf/gpu0_mem_util_pct,315,164.00061345100403,62.0
pi05_native,perf/gpu0_mem_util_pct,318,165.50275897979736,59.0
pi05_native,perf/gpu0_mem_util_pct,321,167.00503706932068,59.0
pi05_native,perf/gpu0_mem_util_pct,324,168.50808882713318,55.0
pi05_native,perf/gpu0_mem_util_pct,328,170.0124213695526,59.0
pi05_native,perf/gpu0_mem_util_pct,331,171.51445817947388,49.0
pi05_native,perf/gpu0_mem_util_pct,334,173.01632475852966,59.0
pi05_native,perf/gpu0_mem_util_pct,337,174.51837301254272,55.0
pi05_native,perf/gpu0_mem_util_pct,340,176.02014112472534,56.0
pi05_native,perf/gpu0_mem_util_pct,343,177.5221905708313,69.0
pi05_native,perf/gpu0_mem_util_pct,346,179.02399921417236,50.0
pi05_native,perf/gpu0_mem_util_pct,349,180.52672219276428,71.0
pi05_native,perf/gpu0_mem_util_pct,352,182.0286238193512,46.0
pi05_native,perf/gpu0_mem_util_pct,355,183.5309715270996,33.0
pi05_native,perf/gpu0_mem_util_pct,358,185.0331528186798,56.0
pi05_native,perf/gpu0_mem_util_pct,361,186.53484058380127,45.0
pi05_native,perf/gpu0_mem_util_pct,364,188.03683376312256,71.0
pi05_native,perf/gpu0_mem_util_pct,367,189.53890323638916,63.0
pi05_native,perf/gpu0_mem_util_pct,370,191.04101014137268,55.0
pi05_native,perf/gpu0_mem_util_pct,373,192.54321122169495,62.0
pi05_native,perf/gpu0_mem_util_pct,376,194.04584288597107,52.0
pi05_native,perf/gpu0_mem_util_pct,379,195.5481390953064,60.0
pi05_native,perf/gpu0_mem_util_pct,382,197.0501561164856,63.0
pi05_native,perf/gpu0_mem_util_pct,385,198.5521945953369,60.0
pi05_native,perf/gpu0_mem_util_pct,388,200.054452419281,61.0
pi05_native,perf/gpu0_mem_util_pct,391,201.55756378173828,59.0
pi05_native,perf/gpu0_mem_util_pct,395,203.06105160713196,60.0
pi05_native,perf/gpu0_mem_util_pct,398,204.56278324127197,59.0
pi05_native,perf/gpu0_mem_util_pct,400,206.06482887268066,61.0
pi05_native,perf/gpu0_mem_util_pct,403,207.56691217422485,60.0
pi05_native,perf/gpu0_mem_util_pct,406,209.06937623023987,62.0
pi05_native,perf/gpu0_mem_util_pct,410,210.57194209098816,59.0
pi05_native,perf/gpu0_mem_util_pct,413,212.07384395599365,59.0
pi05_native,perf/gpu0_mem_util_pct,416,213.57552790641785,49.0
pi05_native,perf/gpu0_mem_util_pct,419,215.07736992835999,59.0
pi05_native,perf/gpu0_mem_util_pct,422,216.5807659626007,74.0
pi05_native,perf/gpu0_mem_util_pct,425,218.08283305168152,49.0
pi05_native,perf/gpu0_mem_util_pct,428,219.5850055217743,56.0
pi05_native,perf/gpu0_mem_util_pct,431,221.08715200424194,59.0
pi05_native,perf/gpu0_mem_util_pct,434,222.5893895626068,62.0
pi05_native,perf/gpu0_mem_util_pct,437,224.0916085243225,52.0
pi05_native,perf/gpu0_mem_util_pct,440,225.59401178359985,63.0
pi05_native,perf/gpu0_mem_util_pct,443,227.0961413383484,57.0
pi05_native,perf/gpu0_mem_util_pct,446,228.59867644309998,60.0
pi05_native,perf/gpu0_mem_util_pct,449,230.1009020805359,63.0
pi05_native,perf/gpu0_mem_util_pct,452,231.60313248634338,59.0
pi05_native,perf/gpu0_mem_util_pct,455,233.10571718215942,60.0
pi05_native,perf/gpu0_mem_util_pct,458,234.60787153244019,60.0
pi05_native,perf/gpu0_mem_util_pct,461,236.11009550094604,60.0
pi05_native,perf/gpu0_mem_util_pct,465,237.61213183403015,47.0
pi05_native,perf/gpu0_mem_util_pct,468,239.11413884162903,59.0
pi05_native,perf/gpu0_mem_util_pct,471,240.61615109443665,75.0
pi05_native,perf/gpu0_mem_util_pct,474,242.11927103996277,54.0
pi05_native,perf/gpu0_mem_util_pct,477,243.62377166748047,71.0
pi05_native,perf/gpu0_mem_util_pct,480,245.1259377002716,46.0
pi05_native,perf/gpu0_mem_util_pct,483,246.62804460525513,51.0
pi05_native,perf/gpu0_mem_util_pct,486,248.13026213645935,73.0
pi05_native,perf/gpu0_mem_util_pct,489,249.6324441432953,64.0
pi05_native,perf/gpu0_mem_util_pct,492,251.1345911026001,51.0
pi05_native,perf/gpu0_mem_util_pct,495,252.63688778877258,61.0
pi05_native,perf/gpu0_mem_util_pct,498,254.13907194137573,64.0
pi05_native,perf/gpu0_mem_util_pct,501,255.6412696838379,58.0
pi05_native,perf/gpu0_mem_util_pct,504,257.14360880851746,65.0
pi05_native,perf/gpu0_mem_util_pct,507,258.6460473537445,61.0
pi05_native,perf/gpu0_mem_util_pct,510,260.14813899993896,62.0
pi05_native,perf/gpu0_mem_util_pct,513,261.65086579322815,60.0
pi05_native,perf/gpu0_mem_util_pct,516,263.1530554294586,60.0
pi05_native,perf/gpu0_mem_util_pct,519,264.6555140018463,45.0
pi05_native,perf/gpu0_mem_util_pct,523,266.16001057624817,60.0
pi05_native,perf/gpu0_mem_util_pct,526,267.66230273246765,68.0
pi05_native,perf/gpu0_mem_util_pct,529,269.1644127368927,54.0
pi05_native,perf/gpu0_mem_util_pct,532,270.6663475036621,72.0
pi05_native,perf/gpu0_mem_util_pct,535,272.1683042049408,47.0
pi05_native,perf/gpu0_mem_util_pct,538,273.6704697608948,69.0
pi05_native,perf/gpu0_mem_util_pct,541,275.1723530292511,49.0
pi05_native,perf/gpu0_mem_util_pct,544,276.6743040084839,59.0
pi05_native,perf/gpu0_mem_util_pct,547,278.1765229701996,55.0
pi05_native,perf/gpu0_mem_util_pct,550,279.6784965991974,44.0
pi05_native,perf/gpu0_mem_util_pct,553,281.18049240112305,69.0
pi05_native,perf/gpu0_mem_util_pct,556,282.68241024017334,63.0
pi05_native,perf/gpu0_mem_util_pct,559,284.18462896347046,53.0
pi05_native,perf/gpu0_mem_util_pct,562,285.68663930892944,63.0
pi05_native,perf/gpu0_mem_util_pct,565,287.18862771987915,60.0
pi05_native,perf/gpu0_mem_util_pct,568,288.6908206939697,59.0
pi05_native,perf/gpu0_mem_util_pct,571,290.1930193901062,63.0
pi05_native,perf/gpu0_mem_util_pct,574,291.6953635215759,60.0
pi05_native,perf/gpu0_mem_util_pct,577,293.19750714302063,62.0
pi05_native,perf/gpu0_mem_util_pct,580,294.69963002204895,59.0
pi05_native,perf/gpu0_mem_util_pct,583,296.2016725540161,60.0
pi05_native,perf/gpu0_mem_util_pct,586,297.7038462162018,56.0
pi05_native,perf/gpu0_mem_util_pct,590,299.2059979438782,59.0
pi05_native,perf/gpu0_mem_util_pct,593,300.70959877967834,45.0
pi05_native,perf/gpu0_mem_util_pct,596,302.21133279800415,59.0
pi05_native,perf/gpu0_mem_util_pct,599,303.71311712265015,70.0
pi05_native,perf/gpu0_mem_util_pct,601,305.2152168750763,62.0
pi05_native,perf/gpu0_mem_util_pct,604,306.7174391746521,60.0
pi05_native,perf/gpu0_mem_util_pct,607,308.21945214271545,61.0
pi05_native,perf/gpu0_mem_util_pct,610,309.72348165512085,59.0
pi05_native,perf/gpu0_mem_util_pct,613,311.225546836853,59.0
pi05_native,perf/gpu0_mem_util_pct,617,312.7300269603729,53.0
pi05_native,perf/gpu0_mem_util_pct,620,314.2317147254944,59.0
pi05_native,perf/gpu0_mem_util_pct,623,315.7335367202759,54.0
pi05_native,perf/gpu0_mem_util_pct,626,317.23538875579834,58.0
pi05_native,perf/gpu0_mem_util_pct,629,318.73715353012085,72.0
pi05_native,perf/gpu0_mem_util_pct,632,320.23906564712524,47.0
pi05_native,perf/gpu0_mem_util_pct,635,321.7410337924957,55.0
pi05_native,perf/gpu0_mem_util_pct,638,323.2428894042969,57.0
pi05_native,perf/gpu0_mem_util_pct,641,324.74484372138977,40.0
pi05_native,perf/gpu0_mem_util_pct,644,326.2469091415405,49.0
pi05_native,perf/gpu0_mem_util_pct,647,327.74882197380066,62.0
pi05_native,perf/gpu0_mem_util_pct,650,329.25096917152405,53.0
pi05_native,perf/gpu0_mem_util_pct,653,330.75340270996094,59.0
pi05_native,perf/gpu0_mem_util_pct,656,332.2553608417511,63.0
pi05_native,perf/gpu0_mem_util_pct,659,333.7573902606964,59.0
pi05_native,perf/gpu0_mem_util_pct,662,335.25938510894775,62.0
pi05_native,perf/gpu0_mem_util_pct,665,336.76157307624817,60.0
pi05_native,perf/gpu0_mem_util_pct,668,338.26363801956177,61.0
pi05_native,perf/gpu0_mem_util_pct,671,339.76610255241394,59.0
pi05_native,perf/gpu0_mem_util_pct,674,341.2682042121887,59.0
pi05_native,perf/gpu0_mem_util_pct,677,342.7703981399536,54.0
pi05_native,perf/gpu0_mem_util_pct,680,344.27263832092285,60.0
pi05_native,perf/gpu0_mem_util_pct,683,345.7759704589844,47.0
pi05_native,perf/gpu0_mem_util_pct,687,347.2777614593506,60.0
pi05_native,perf/gpu0_mem_util_pct,690,348.77935767173767,69.0
pi05_native,perf/gpu0_mem_util_pct,693,350.28110098838806,51.0
pi05_native,perf/gpu0_mem_util_pct,696,351.7833094596863,70.0
pi05_native,perf/gpu0_mem_util_pct,699,353.28546476364136,53.0
pi05_native,perf/gpu0_mem_util_pct,701,354.7876262664795,52.0
pi05_native,perf/gpu0_mem_util_pct,704,356.28999280929565,60.0
pi05_native,perf/gpu0_mem_util_pct,708,357.7923774719238,61.0
pi05_native,perf/gpu0_mem_util_pct,711,359.2940468788147,59.0
pi05_native,perf/gpu0_mem_util_pct,714,360.79584860801697,59.0
pi05_native,perf/gpu0_mem_util_pct,717,362.2976264953613,56.0
pi05_native,perf/gpu0_mem_util_pct,720,363.79989981651306,59.0
pi05_native,perf/gpu0_mem_util_pct,723,365.30160117149353,48.0
pi05_native,perf/gpu0_mem_util_pct,726,366.80343794822693,59.0
pi05_native,perf/gpu0_mem_util_pct,729,368.30543756484985,60.0
pi05_native,perf/gpu0_mem_util_pct,732,369.8072793483734,54.0
pi05_native,perf/gpu0_mem_util_pct,735,371.3096070289612,70.0
pi05_native,perf/gpu0_mem_util_pct,738,372.81191754341125,51.0
pi05_native,perf/gpu0_mem_util_pct,741,374.31421184539795,62.0
pi05_native,perf/gpu0_mem_util_pct,744,375.8163778781891,53.0
pi05_native,perf/gpu0_mem_util_pct,747,377.318603515625,60.0
pi05_native,perf/gpu0_mem_util_pct,750,378.82079339027405,64.0
pi05_native,perf/gpu0_mem_util_pct,753,380.32306003570557,59.0
pi05_native,perf/gpu0_mem_util_pct,756,381.8253095149994,63.0
pi05_native,perf/gpu0_mem_util_pct,759,383.3275730609894,60.0
pi05_native,perf/gpu0_mem_util_pct,762,384.8299813270569,60.0
pi05_native,perf/gpu0_mem_util_pct,766,386.33218336105347,51.0
pi05_native,perf/gpu0_mem_util_pct,769,387.8340423107147,59.0
pi05_native,perf/gpu0_mem_util_pct,772,389.336528301239,65.0
pi05_native,perf/gpu0_mem_util_pct,775,390.8389937877655,52.0
pi05_native,perf/gpu0_mem_util_pct,778,392.34121227264404,69.0
pi05_native,perf/gpu0_mem_util_pct,781,393.8463091850281,60.0
pi05_native,perf/gpu0_mem_util_pct,784,395.3484833240509,50.0
pi05_native,perf/gpu0_mem_util_pct,787,396.8508720397949,72.0
pi05_native,perf/gpu0_mem_util_pct,790,398.3532557487488,63.0
pi05_native,perf/gpu0_mem_util_pct,793,399.85555601119995,47.0
pi05_native,perf/gpu0_mem_util_pct,796,401.3579752445221,61.0
pi05_native,perf/gpu0_mem_util_pct,799,402.86056089401245,64.0
pi05_native,perf/gpu0_mem_util_pct,802,404.3632209300995,51.0
pi05_native,perf/gpu0_mem_util_pct,805,405.8653795719147,72.0
pi05_native,perf/gpu0_mem_util_pct,808,407.36772537231445,63.0
pi05_native,perf/gpu0_mem_util_pct,811,408.8700089454651,45.0
pi05_native,perf/gpu0_mem_util_pct,814,410.3723337650299,61.0
pi05_native,perf/gpu0_mem_util_pct,817,411.87459921836853,64.0
pi05_native,perf/gpu0_mem_util_pct,820,413.3769745826721,59.0
pi05_native,perf/gpu0_mem_util_pct,823,414.87930369377136,62.0
pi05_native,perf/gpu0_mem_util_pct,827,416.38125586509705,59.0
pi05_native,perf/gpu0_mem_util_pct,830,417.8829765319824,59.0
pi05_native,perf/gpu0_mem_util_pct,833,419.3847517967224,52.0
pi05_native,perf/gpu0_mem_util_pct,836,420.88800144195557,59.0
pi05_native,perf/gpu0_mem_util_pct,839,422.3925313949585,46.0
pi05_native,perf/gpu0_mem_util_pct,842,423.89446234703064,58.0
pi05_native,perf/gpu0_mem_util_pct,845,425.39651679992676,72.0
pi05_native,perf/gpu0_mem_util_pct,848,426.89856243133545,45.0
pi05_native,perf/gpu0_mem_util_pct,851,428.40063309669495,43.0
pi05_native,perf/gpu0_mem_util_pct,854,429.90281105041504,43.0
pi05_native,perf/gpu0_mem_util_pct,857,431.4048683643341,61.0
pi05_native,perf/gpu0_mem_util_pct,860,432.90692353248596,55.0
pi05_native,perf/gpu0_mem_util_pct,863,434.4096305370331,60.0
pi05_native,perf/gpu0_mem_util_pct,866,435.91187739372253,64.0
pi05_native,perf/gpu0_mem_util_pct,869,437.4138858318329,63.0
pi05_native,perf/gpu0_mem_util_pct,872,438.91603779792786,63.0
pi05_native,perf/gpu0_mem_util_pct,875,440.42419815063477,59.0
pi05_native,perf/gpu0_mem_util_pct,878,441.9265534877777,62.0
pi05_native,perf/gpu0_mem_util_pct,881,443.4288203716278,60.0
pi05_native,perf/gpu0_mem_util_pct,884,444.9309380054474,62.0
pi05_native,perf/gpu0_mem_util_pct,887,446.43304467201233,60.0
pi05_native,perf/gpu0_mem_util_pct,890,447.93595790863037,60.0
pi05_native,perf/gpu0_mem_util_pct,894,449.43806290626526,57.0
pi05_native,perf/gpu0_mem_util_pct,897,450.9401185512543,60.0
pi05_native,perf/gpu0_mem_util_pct,900,452.4426555633545,53.0
pi05_native,perf/gpu0_mem_util_pct,902,453.9448308944702,46.0
pi05_native,perf/gpu0_mem_util_pct,905,455.4470314979553,60.0
pi05_native,perf/gpu0_mem_util_pct,908,456.9492554664612,63.0
pi05_native,perf/gpu0_mem_util_pct,911,458.4517939090729,59.0
pi05_native,perf/gpu0_mem_util_pct,914,459.95395016670227,62.0
pi05_native,perf/gpu0_mem_util_pct,917,461.4565215110779,59.0
pi05_native,perf/gpu0_mem_util_pct,921,462.9585597515106,59.0
pi05_native,perf/gpu0_mem_util_pct,924,464.4605128765106,54.0
pi05_native,perf/gpu0_mem_util_pct,927,465.9624969959259,60.0
pi05_native,perf/gpu0_mem_util_pct,930,467.4646260738373,56.0
pi05_native,perf/gpu0_mem_util_pct,933,468.9666440486908,54.0
pi05_native,perf/gpu0_mem_util_pct,936,470.468759059906,71.0
pi05_native,perf/gpu0_mem_util_pct,939,471.9709630012512,58.0
pi05_native,perf/gpu0_mem_util_pct,942,473.4731454849243,46.0
pi05_native,perf/gpu0_mem_util_pct,945,474.97530937194824,71.0
pi05_native,perf/gpu0_mem_util_pct,948,476.47742199897766,64.0
pi05_native,perf/gpu0_mem_util_pct,951,477.9795696735382,46.0
pi05_native,perf/gpu0_mem_util_pct,954,479.48159527778625,62.0
pi05_native,perf/gpu0_mem_util_pct,957,480.9838285446167,57.0
pi05_native,perf/gpu0_mem_util_pct,960,482.486900806427,60.0
pi05_native,perf/gpu0_mem_util_pct,963,483.9893379211426,62.0
pi05_native,perf/gpu0_mem_util_pct,967,485.4963366985321,59.0
pi05_native,perf/gpu0_mem_util_pct,970,486.99816036224365,55.0
pi05_native,perf/gpu0_mem_util_pct,973,488.5000729560852,56.0
pi05_native,perf/gpu0_mem_util_pct,976,490.0022270679474,70.0
pi05_native,perf/gpu0_mem_util_pct,979,491.5042564868927,51.0
pi05_native,perf/gpu0_mem_util_pct,982,493.00641107559204,43.0
pi05_native,perf/gpu0_mem_util_pct,985,494.5084524154663,68.0
pi05_native,perf/gpu0_mem_util_pct,988,496.0106177330017,57.0
pi05_native,perf/gpu0_mem_util_pct,991,497.51278471946716,70.0
pi05_native,perf/gpu0_mem_util_pct,994,499.01492261886597,63.0
pi05_native,perf/gpu0_mem_util_pct,997,500.5168936252594,54.0
pi05_native,perf/gpu0_mem_util_pct,999,502.0268352031708,0.0
pi05_native,perf/gpu0_mem_util_pct,999,503.5312910079956,0.0
pi05_native,perf/gpu0_mem_util_pct,999,505.04057478904724,0.0
pi05_native,perf/gpu0_mem_util_pct,999,506.54670906066895,0.0
pi05_native,perf/gpu0_mem_util_pct,999,508.0568268299103,0.0
pi05_native,perf/gpu0_mem_util_pct,999,509.56123876571655,0.0
pi05_native,perf/gpu0_mem_util_pct,999,511.0664141178131,0.0
pi05_native,perf/gpu0_mem_util_pct,999,512.5730931758881,0.0
pi05_native,perf/gpu0_mem_util_pct,999,514.0771541595459,0.0
pi05_native,perf/gpu0_mem_util_pct,999,515.581160068512,0.0
pi05_native,perf/gpu0_mem_util_pct,999,517.0857355594635,0.0
pi05_native,perf/gpu0_mem_util_pct,999,518.5956480503082,0.0
pi05_native,perf/gpu0_mem_util_pct,999,520.1081252098083,0.0
pi05_native,perf/gpu0_mem_util_pct,999,521.6133778095245,0.0
pi05_native,perf/gpu0_mem_util_pct,999,523.1382551193237,0.0
pi05_native,perf/gpu0_mem_util_pct,999,524.6429235935211,0.0
pi05_native,perf/gpu0_mem_util_pct,999,526.1493480205536,0.0
pi05_native,perf/gpu0_mem_util_pct,999,527.6560432910919,0.0
pi05_native,perf/gpu0_mem_util_pct,999,529.1640086174011,0.0
pi05_native,grad_norm,0,8.66680908203125,20.421396255493164
pi05_native,grad_norm,100,57.80991005897522,5.70659875869751
pi05_native,grad_norm,200,106.98645329475403,1.9493907690048218
pi05_native,grad_norm,300,156.29063320159912,0.9255874156951904
pi05_native,grad_norm,400,205.68375420570374,0.737261176109314
pi05_native,grad_norm,500,254.89767265319824,0.790614128112793
pi05_native,grad_norm,600,304.3374185562134,0.6911023855209351
pi05_native,grad_norm,700,353.8224744796753,0.6904406547546387
pi05_native,grad_norm,800,403.13681268692017,0.680694580078125
pi05_native,grad_norm,900,452.63267707824707,0.6148715615272522
pi05_native,loss,0,8.666851043701172,1.8460665941238403
pi05_native,loss,100,57.80994200706482,0.5025534629821777
pi05_native,loss,200,106.98647785186768,0.07116837054491043
pi05_native,loss,300,156.29066801071167,0.05595557019114494
pi05_native,loss,400,205.6837899684906,0.04725509136915207
pi05_native,loss,500,254.8977255821228,0.0465991236269474
pi05_native,loss,600,304.33745646476746,0.04301685094833374
pi05_native,loss,700,353.8225095272064,0.04038514569401741
pi05_native,loss,800,403.1368510723114,0.03858223930001259
pi05_native,loss,900,452.63272500038147,0.0371079184114933
pi05_native,param_norm,0,8.666861057281494,1937.2117919921875
pi05_native,param_norm,100,57.80995178222656,1937.2235107421875
pi05_native,param_norm,200,106.98648715019226,1937.23291015625
pi05_native,param_norm,300,156.2907111644745,1937.239501953125
pi05_native,param_norm,400,205.6837980747223,1937.2452392578125
pi05_native,param_norm,500,254.8977358341217,1937.251220703125
pi05_native,param_norm,600,304.3374660015106,1937.2568359375
pi05_native,param_norm,700,353.8225190639496,0.04038514569401741
pi05_native,param_norm,800,403.1368622779846,1937.2686767578125
pi05_native,param_norm,900,452.63273572921753,1937.274658203125
pi05_native,perf/data_wait_s,0,8.666869401931763,0.014218885451555252
pi05_native,perf/data_wait_s,100,57.80995965003967,0.011757206171751022
pi05_native,perf/data_wait_s,200,106.98649573326111,0.01181933656334877
pi05_native,perf/data_wait_s,300,156.29072332382202,0.012176107615232468
pi05_native,perf/data_wait_s,400,205.68380546569824,0.012277700938284397
pi05_native,perf/data_wait_s,500,254.89774370193481,0.011777665466070175
pi05_native,perf/data_wait_s,600,304.33747386932373,0.012773842550814152
pi05_native,perf/data_wait_s,700,353.8225269317627,0.013159843161702156
pi05_native,perf/data_wait_s,800,403.1368725299835,0.012717497535049915
pi05_native,perf/data_wait_s,900,452.6327443122864,0.012154205702245235
pi05_native,perf/compute_s,0,8.666876554489136,8.63082218170166
pi05_native,perf/compute_s,100,57.809967279434204,0.47719332575798035
pi05_native,perf/compute_s,200,106.9865026473999,0.4779769480228424
pi05_native,perf/compute_s,300,156.29073071479797,0.47901996970176697
pi05_native,perf/compute_s,400,205.68381309509277,0.47966888546943665
pi05_native,perf/compute_s,500,254.89775133132935,0.4784621000289917
pi05_native,perf/compute_s,600,304.3374807834625,0.47919031977653503
pi05_native,perf/compute_s,700,353.8225338459015,0.4795750379562378
pi05_native,perf/compute_s,800,403.1368820667267,0.4783625304698944
pi05_native,perf/compute_s,900,452.6327519416809,0.4802738428115845
pi05_native,perf/step_s_avg,0,8.666882991790771,8.664469718933105
pi05_native,perf/step_s_avg,100,57.809974193573,0.49142956733703613
pi05_native,perf/step_s_avg,200,106.98650932312012,0.491763174533844
pi05_native,perf/step_s_avg,300,156.2907371520996,0.4930351972579956
pi05_native,perf/step_s_avg,400,205.68382000923157,0.49392715096473694
pi05_native,perf/step_s_avg,500,254.8977587223053,0.49213430285453796
pi05_native,perf/step_s_avg,600,304.3374865055084,0.4943910539150238
pi05_native,perf/step_s_avg,700,353.82253980636597,0.49481701850891113
pi05_native,perf/step_s_avg,800,403.1368908882141,0.4931436777114868
pi05_native,perf/step_s_avg,900,452.63275837898254,0.49495360255241394
pi05_native,perf/samples_per_sec,0,8.666889190673828,0.9233109354972839
pi05_native,perf/samples_per_sec,100,57.80998086929321,16.279035568237305
pi05_native,perf/samples_per_sec,200,106.98651480674744,16.267993927001953
pi05_native,perf/samples_per_sec,300,156.2907440662384,16.226022720336914
pi05_native,perf/samples_per_sec,400,205.68382692337036,16.196720123291016
pi05_native,perf/samples_per_sec,500,254.8977656364441,16.255725860595703
pi05_native,perf/samples_per_sec,600,304.3374922275543,16.181522369384766
pi05_native,perf/samples_per_sec,700,353.82254552841187,16.167593002319336
pi05_native,perf/samples_per_sec,800,403.1369004249573,16.22245216369629
pi05_native,perf/samples_per_sec,900,452.6327648162842,16.163131713867188
pi05_native,perf/checkpoint_save_s,999,529.4683690071106,28.222991943359375
